assay_chembl_id,n_records,n_compounds,types,year,confidence_score,cell_name,description
CHEMBL5291828,1822,1804,AC50,2023.0,8,,"Compound was evaluated for inhibition of human KCNH2 in an in vitro assay with cellular components measured by membrane filtration, radioactivity method"
CHEMBL1909190,1742,871,IC50|Ki,,8,HEK293,DRUGMATRIX: Potassium Channel HERG radioligand binding (ligand: [3H] Astemizole)
CHEMBL5732052,1344,321,Ki|k_off|kon,2019.0,9,,"Kv11.1 (hERG) ION CHANNEL ACTIVITY (Patch Clamp Assay): Method for the detection and characterisation of test substances which interfere with the Kv11.1 (hERG) channel: Kv11.1 (hERG, human ether a-go-go related gene) is a potassium channel which plays a central role for repolarisation of the cells in the ventricular cardiomyocytes.The patch-clamp measurement was carried out at room temperature in whole-cell configuration on human embryonic kidney cells (HEK293) which have been transfected in a stable manner with the hERG gene.The whole-cell configurations were carried out using an automated patch clamp device (Patchliner, Nanion Technologies, Munich). This is a glass chip-based system with which automated whole-cell measurements on up to 8 cells simultaneously are possible. The glass chip has a hole of defined size to which the cell is transferred into the Gigaseal by application of a reduced pressure and brought into the whole-cell configuration. Buffer, cell suspension and test substances were added to microchannels of the chip using a Teflon-coated pipette. The cells were clamped to a holding potential of −80 mV. For measurement of substancepromoted inhibition of the Kv11.1 channel, the following voltage protocol was applied at 10-second intervals: 51 ms/−80 mV, 500 ms/+40 mV, 500 ms/−40 mV, 200 ms/−80 mV. The leakage current is subtracted by means of the P4 method. The cells were resuspended in extracellular buffer (EC) and applied to the chip. After the cell had been collected, the seal was improved by addition of a seal enhancer buffer. As soon as the whole-cell configuration had been reached, the seal enhancer buffer was washed out and replaced by extracellular buffer. The measurement started in EC for 1.5 min. DMSO (vehicle control, 0.1% of DMSO) was then applied, and the control current was recorded for 3 min. The test substance was subsequently added twice in the same concentration, and the potassium current was measured for 3.5 min in each case.If the measurement result of a test substance at an initial concentration of 10 μM was smaller than (−)50% effect (threshold value) (for example (−)60% effect), the test substance was, in order to determine a dose/action relationship, added cumulatively in increasing concentration, where each concentration was measured for 5 min.The reference substance used was the Kv11.1 (hERG) ion channel blocker quinidine. The effects of test substances and quinidine were standardised to the associated vehicle control. The effect on the Kv11.1 (hERG) channel activity was assessed from the potassium current at −40 mV. For the calculation, the current was evaluated for the respective final trace. A test-substance-induced inhibition of the Kv11.1(hERG) channel was standardised to the vehicle control (0.1% of DMSO).During the measurement, an aliquot of the test substance was taken for concentration determination. The sample was measured immediately by HPLC, and the final concentration was determined from a calibration curve."
CHEMBL5732504,1344,322,Ki|k_off|kon,2017.0,9,,"Patch Clamp Assay: The patch-clamp measurement was carried out at room temperature in whole-cell configuration on human embryonic kidney cells (HEK293) which have been transfected in a stable manner with the hERG gene.The whole-cell configurations were carried out using an automated patch clamp device (Patchliner, Nanion Technologies, Munich). This is a glass chip-based system with which automated whole-cell measurements on up to 8 cells simultaneously are possible. The glass chip has a hole of defined size to which the cell is transferred into the Gigaseal by application of a reduced pressure and brought into the whole-cell configuration. Buffer, cell suspension and test substances were added to microchannels of the chip using a Teflon-coated pipette. The cells were clamped to a holding potential of -80 mV. For measurement of substance-promoted inhibition of the Kv11.1 channel, the following voltage protocol was applied at 10-second intervals: 51 ms/-80 mV, 500 ms/+40 mV, 500 ms/-40 mV, 200 ms/-80 mV. The leakage current is subtracted by means of the P4 method. The cells were resuspended in extracellular buffer (EC) and applied to the chip. After the cell had been collected, the seal was improved by addition of a seal enhancer buffer. As soon as the whole-cell configuration had been reached, the seal enhancer buffer was washed out and replaced by extracellular buffer. The measurement started in EC for 1.5 min. DMSO (vehicle control, 0.1% of DMSO) was then applied, and the control current was recorded for 3 min. The test substance was subsequently added twice in the same concentration, and the potassium current was measured for 3.5 min in each case."
CHEMBL1794573,679,661,Potency,,8,,PUBCHEM_BIOASSAY: qHTS Assay for Small Molecule Inhibitors of the Human hERG Channel Activity. (Class of assay: confirmatory) 
CHEMBL3301459,400,400,Inhibition,,9,,"MMV: Malaria Box compounds were tested for inhibition of the human ether a go-go related gene (hERG), Kv11.1 channel, using IonWorks 384-well patch clamp electrophysiology at 1.1uM (3 independent assay plates up to 12 cells per concentration)."
CHEMBL3301460,400,400,Inhibition,,9,,"MMV: Malaria Box compounds were tested for inhibition of the human ether a go-go related gene (hERG), Kv11.1 channel, using IonWorks 384-well patch clamp electrophysiology at 11.1uM (3 independent assay plates up to 12 cells per concentration)."
CHEMBL5735028,381,125,IC50|k_off|kon,2020.0,9,,"Binding Assay : hERG: The purpose of the hERG binding assay is to evaluate the effects of test compounds on the voltage-dependent potassium channel encoded by the human ether go go-related gene (hERG) using a constitutively expressing CHO cell line on the Nanion Syncropatch 384PE automated patch clamp system.The assay was conducted as follows with all reagents used at room temperature unless otherwise stated.Reagent Preparations Include:1. Internal ""IC700"" solution used to perfuse the underside of chip (in mM), KF 130, KCl 20, MgCl2 1, EGTA 10 and HEPES 10, (all Sigma-Aldrich; pH 7.2-7.3 using 10 M KOH, 320 mOsm) and supplemented with 25 μM escin.2. External and cell buffer (in mM), NaCl 137, KCl 4, HEPES 10, D-glucose 10, CaCl2 2, MgCl2 1 (pH7.4, NaOH)3. NMDG ""reference"" buffer used to establish a stable baseline prior to the addition of test compounds, NaCl 80, KCl 4, CaCl2 2, MgCl2 1, NMDG Cl 60, D-Glucose monohydrate 5, HEPES 10 (pH7.4 NaOH 298 mOsm)4. Seal enhancer used to improve seal quality of cells, NaCl 80, KCl 3, CaCl2 10, HEPES 10, MgCl2 1 (pH7.4 NaOH)"
CHEMBL5737036,381,125,IC50|k_off|kon,2021.0,9,,"hERG Binding Assa: hERG (human ether a go go-related gene) potassium channels are essential for normal electrical activity in the heart. Arrhythmia can be induced by a blockage of hERG channels by a diverse group of drugs. This side effect is a common reason for drug failure in preclinical safety trials [Sanguinetti et al., Nature, 2006, 440, 463-469.] and therefore minimisation of hERG channel blocking activity may be a desirable property for drug candidates.The purpose of the hERG binding assay is to evaluate the effects of test compounds on the voltage-dependent potassium channel encoded by the human ether go go-related gene (hERG) using a constitutively expressing CHO cell line on the Nanion Syncropatch 384PE automated patch clamp system."
CHEMBL5733101,381,126,IC50|k_off|kon,2019.0,9,,"hERG Binding Assay: hERG (human ether a go go-related gene) potassium channels are essential for normal electrical activity in the heart. Arrhythmia can be induced by a blockage of hERG channels by a diverse group of drugs. This side effect is a common reason for drug failure in preclinical safety trials [Sanguinetti et al., Nature, 2006, 440, 463-469.] and therefore minimisation of hERG channel blocking activity may be a desirable property for drug candidates.The purpose of the hERG binding assay is to evaluate the effects of test compounds on the voltage-dependent potassium channel encoded by the human ether go go-related gene (hERG) using a constitutively expressing CHO cell line on the Nanion Syncropatch 384PE automated patch clamp system."
CHEMBL5734036,348,114,IC50|k_off|kon,2019.0,9,,hERG receptor binding assay: TBD
CHEMBL5733977,348,116,IC50|k_off|kon,2018.0,9,,"Inhibition Assay: Cells were split 2-3 times weekly between 1:3 and 1:4. For binding assays and membrane preparations the cell culture medium was removed, cells were washed with PBS. Crude membranes for radioligand binding experiments were prepared by scraping the cells off the dishes in ice cold 20 mM HEPES/0.1 mM KCl/pH 7.2. The cell suspension was homogenized on ice (Ultra turrax, 3×20 sec.) and the homogenate was spun for 10 min (1° C., 1000 g, OPTIMA, SW28, 2800 U/min). The supernatant was than centrifuged for 40 min at 100000 g (1° C., OPTIMA, SW28, 23000 U/min). The membrane pellet was resuspended in 20 mM HEPES/0.1 mM KCl/pH 7.2, frozen and stored at −80° C.After thawing on the day of the assay, the membrane suspension was diluted further with 20 mM HEPES/0.1 mM KCl/pH 7.2.The incubation mixture of 200 μl contained 1.5 nmol/l 3H-Dofetilide, optimized amount of membrane preparation, 20 mM HEPES/0.1 mM KCl/(pH 7.2) and inhibitor in 1% DMSO. Nonspecific binding was estimated in the presence of 10 M Dofetilide. The samples were incubated for 90 min. at RT.Binding was terminated by filtration of the incubated membrane preparations using Filtermat B (Pharmacia, Uppsala Sweden) and a Micro Cell Harvester (Skatron, Lier, Norway). The Filtermat B had been presoaked with 1% polyethylenimine and carefully washed with 0.05 M Tris/HCl-buffer pH=7.7 after the filtration to separate free and bound radioactivity. The filters were counted in a scintillation counter (Betaplate 1205, Berthold, Wildbad, Germany) in order to determine the specific binding of [3H]-Dofetilide."
CHEMBL5733769,348,108,IC50|k_off|kon,2018.0,9,,"Activity Assay: HERG: The pre- and post-compound hERG current was evoked by a single voltage pulse consisting of a 20 s period holding at −70 mV, a 160 ms step to −60 mV (to obtain an estimate of leak), a 100 ms step back to −70 mV, a 1 s step to +40 mV, a 2 s step to −30 mV, and finally a 500 ms step to −70 mV. In between the pre- and post-compound voltage pulses, there was no clamping of the membrane potential. Currents were leak-subtracted based on the estimate of current evoked during the +10 mV step at the start of the voltage pulse protocol. The current signal was sampled at 2.5 k Hz. For each compound, the IC50 value was determined."
CHEMBL5731865,309,102,IC50|k_off|kon,2018.0,9,,"Inhibition of Specific Binding to the hERG-Receptor (HERGBD): After thawing on the day of the assay, the membrane suspension was diluted further with 20 mM HEPES/0.1 mM KCl/pH 7.2.The incubation mixture of 200 μl contained 1.5 nmol/l 3H-Dofetilide, optimized amount of membrane preparation, 20 mM HEPES/0.1 mM KCl/(pH 7.2) and inhibitor in 1% DMSO. Nonspecific binding was estimated in the presence of 10 M Dofetilide. The samples were incubated for 90 min. at RT.Binding was terminated by filtration of the incubated membrane preparations using Filtermat B (Pharmacia, Uppsala Sweden) and a Micro Cell Harvester (Skatron, Lier, Norway). The Filtermat B had been presoaked with 1% polyethylen imine and carefully washed with 0.05 M Tris/HCl-buffer pH=7.7 after the filtration to separate free and bound radioactivity. The filters were counted in a scintillation counter (Betaplate 1205, Berthold, Wildbad, Germany) in order to determine the specific binding of [3H]-Dofetilide."
CHEMBL5739235,297,99,IC50|k_off|kon,2023.0,9,,"ERG Channel Binding Assay: Fluorescence polarization assay based on the principle of fluorescence polarization where a red-shifted fluorescent tracer is displaced from the hERG channel by compounds that bind to the channel was used to establish the binding of the compounds to hERG channel. Briefly, the compounds in serial dilutions were incubated with a membrane fraction containing hERG channel protein and a high-affinity red fluorescent hERG channel ligand in black 384-well plate. The reaction was incubated for 4 h at room temperature followed by the measurement of the fluorescence polarization using Tecan Spark multimode plate reader at excitation wavelength of 535 nm and emission wavelength 590 nm. The IC50 values were calculated using GraphPad Prism."
CHEMBL1827362,234,234,IC50|Ki,2011.0,9,,Displacement of [3H]dofetilide from human recombinant ERG by Competitive binding assay
CHEMBL5735005,228,76,IC50|k_off|kon,2020.0,9,,"In Vitro Toxicity: Representative sigma-2 antagonists test compounds do not induce neuronal or glial toxicity with acute or chronic dosing in vitro. The sigma-2 receptor antagonists eliminate or reduce Abeta oligomer-induced changes in membrane trafficking. No significant effect of compounds on membrane trafficking occurs when dosed without oligomers. There is no toxicity relative to neuron number, glial number, nuclear size, nuclear morphology, neurite length, cytoskeletal morphology when tested up to 10 times the EC50 concentration for three days. See, e.g., WO2013/029060, Table 12, which is incorporated herein by reference.In vitro toxicity for Test Compounds is tested in a number of standard assays. Preferrably, testing in vitro tox studies reveals there is no genotoxicity at 10 μM (AMES, micronucleus, bacterial cytotox); HepG2 toxicity at 100-fold above affinity at sigma-2 receptor, in HepG2 tumor cell line; inhibition of CYP 450 enzymes 2D6, 3A4, and 2C19 at 10 μM; and hERG inhibition."
CHEMBL5735025,219,63,IC50|k_off|kon,2020.0,9,,"Binding Assay : hERG (human ether go go-related gene) potassium channels are essential for normal electrical activity in the heart. Arrhythmia can be induced by a blockage of hERG channels by a diverse group of drugs. This side effect is a common reason for drug failure in preclinical safety trials and therefore minimisation of hERG channel blocking activity may be a desirable property for drug candidates.The purpose of the hERG binding assay is to evaluate the effects of test compounds on the voltage-dependent potassium channel encoded by the human ether go go-related gene (hERG) using a constitutively expressing CHO cell line on the Nanion Syncropatch 384PE automated patch clamp system.The assay was conducted as follows with all reagents used at room temperature unless otherwise stated.Reagent Preparations Include:1. Internal IC700 solution used to perfuse the underside of chip (in mM), KF 130, KCl 20, MgCl2 1, EGTA 10 and HEPES 10, (all Sigma-Aldrich; pH 7.2-7.3 using 10 M KOH, 320 mOsm) and supplemented with 25 □M escin.2. External and cell buffer (in mM), NaCl 137, KCl 4, HEPES 10, D-glucose 10, CaCl2 2, MgCl2 1 (pH7.4, NaOH)3. NMDG reference buffer used to establish a stable baseline prior to the addition of test compounds, NaCl 80, KCl 4, CaCl2 2, MgCl2 1, NMDG Cl 60, D-Glucose monohydrate 5, HEPES 10 (pH7.4 NaOH 298 mOsm)4. Seal enhancer used to improve seal quality of cells, NaCl 80, KCl 3, CaCl2 10, HEPES 10, MgCl2 1 (pH7.4 NaOH)"
CHEMBL5738104,207,68,IC50|k_off|kon,2022.0,9,,"Inhibitory Activity for hERG Channel: Extracellular and intracellular fluids used in the measurement were prepared as follows.Extracellular fluid: 2 mmol/L CaCl2, 1 mmol/L MgCl2, 10 mmol/L HEPES, 4 mmol/L KCl, 145 mmol/L NaCl, 10 mmol/L GlucoseIntracellular fluid: 10 mmol/L HEPES, 10 mmol/L EGTA, 20 mmol/L KCl, 130 mmol/L KFTest compound solution: A test compound was dissolved in DMSO to reach the concentration of 2 mmol/L or 20 mmol/L in order to prepare a test compound solution. The test compound solution was further diluted 200 times with the extracellular fluid, and serial-diluted with the extracellular fluid to prepare a test compound solution in each concentration which is necessary to calculate IC50 value of hERG inhibition."
CHEMBL5735953,189,45,IC50|k_off|kon,2020.0,9,,"Test for Evaluating hERG Inhibition: To a cultured CHO cell strain which stably expresses hERG was added each test compound to adjust the final concentration of DMSO to 0.0135 to 0.5%. The hERG current was measured with QPatch HT (Sophion Inc.), and the concentration at which 50% of the hERG current was inhibited by each test compound (IC50 value; μM) was calculated."
CHEMBL1676103,179,177,IC50|pIC50,2011.0,9,,Inhibition of human ERG
CHEMBL5734466,174,58,IC50|k_off|kon,2019.0,9,,"Inhibition Assay : Electrophysiological recordings were made from a Chinese Hamster Lung cell line stably expressing the full length hERG channel. Single cell ion currents were measured in the perforated patch clamp configuration (100 ug/mL amphoterocin) at room temperature using an IonWorks Quattro instrument. The internal solution contained 140 mM KCl, 1 mM MgCl2, 1 mM EGTA and 20 mM HEPES and was buffered to pH 7.3. The external solution contained 138 mM NaCl, 2.7 mM KCl, 0.9 mM CaCl2, 0.5 mM MgCl2, 8 mM Na2HPO4 and 1.5 mM KH2PO4, and was buffered to pH 7.3. Cells were clamped at a holding potential of 70 mV for 30 s and then stepped to +40 mV for 1 s. This was followed by a hyperpolarising step of 1 s to 30 mV to evoke the hERG tail current. This sequence was repeated 5 times at a frequency of 0.25 Hz. Currents were measured from the tail step at the 5th pulse, and referenced to the holding current. Compounds were incubated for 6-7 min prior to a second measurement of the hERG signal using an identical pulse train."
CHEMBL5735756,174,58,IC50|k_off|kon,2020.0,9,,"Inhibition Assay: hERG: Compounds of the invention were tested for inhibition of the human ether a go-go related gene (hERG) K+ channel using IonWorks patch clamp electrophysiology. 8 Point concentration-response curves were generated on two occasions using 3-fold serial dilutions from the maximum assay concentration (11 uM). Electrophysiological recordings were made from a Chinese Hamster Lung cell line stably expressing the full length hERG channel. Single cell ion currents were measured in the perforated patch clamp configuration (100 ug/mL amphoterocin) at room temperature using an IonWorks Quattro instrument. The internal solution contained 140 mM KCl, 1 mM MgCl2, 1 mM EGTA and 20 mM HEPES and was buffered to pH 7.3. The external solution contained 138 mM NaCl, 2.7 mM KCl, 0.9 mM CaCl2, 0.5 mM MgCl2, 8 mM Na2HPO4 and 1.5 mM KH2PO4, and was buffered to pH 7.3. Cells were clamped at a holding potential of 70 mV for 30 s and then stepped to +40 mV for 1 s. This was followed by a hyperpolarising step of 1 s to 30 mV to evoke the hERG tail current."
CHEMBL5734464,174,57,IC50|k_off|kon,2018.0,9,,"HERG Assay : Compounds of the invention were tested for inhibition of the human ether a go-go related gene (hERG) K+ channel using IonWorks patch clamp electrophysiology. 8 Point concentration-response curves were generated on two occasions using 3-fold serial dilutions from the maximum assay concentration (11 uM). Electrophysiological recordings were made from a Chinese Hamster Lung cell line stably expressing the full length hERG channel. Single cell ion currents were measured in the perforated patch clamp configuration (100 ug/mL amphoterocin) at room temperature using an IonWorks Quattro instrument. The internal solution contained 140 mM KCl, 1 mM MgCl2, 1 mM EGTA and 20 mM HEPES and was buffered to pH 7.3. The external solution contained 138 mM NaCl, 2.7 mM KCl, 0.9 mM CaCl2, 0.5 mM MgCl2, 8 mM Na2HPO4 and 1.5 mM KH2PO4, and was buffered to pH 7.3. Cells were clamped at a holding potential of 70 mV for 30 s and then stepped to +40 mV for 1 s. This was followed by a hyperpolarising step of 1 s to 30 mV to evoke the hERG tail current. This sequence was repeated 5 times at a frequency of 0.25 Hz. Currents were measured from the tail step at the 5th pulse, and referenced to the holding current. Compounds were incubated for 6-7 min prior to a second measurement of the hERG signal using an identical pulse train."
CHEMBL5731674,144,46,IC50|k_off|kon,2018.0,9,,"hERG Binding Assay: hERG (human ether go go-related gene) potassium channels are essential for normal electrical activity in the heart. Arrhythmia can be induced by a blockage of hERG channels by a diverse group of drugs. This side effect is a common reason for drug failure in preclinical safety trials [Sanguinetti et al., Nature, 2006, 440, 463-469.] and therefore minimisation of hERG channel blocking activity may be a desirable property for drug candidates.The purpose of the hERG binding assay is to evaluate the effects of test compounds on the voltage-dependent potassium channel encoded by the human ether go go-related gene (hERG) using a constitutively expressing CHO cell line on the Nanion Syncropatch 384PE automated patch clamp system."
CHEMBL3880847,142,142,IC50,2009.0,9,CHO,Inhibition of human ERG expressed in CHO cells incubated for 10 mins after 3 hrs incubation with Rb+-load buffer by atomic absorption spectrometry based Rb+ efflux assay
CHEMBL1027667,140,113,IC50|Ki,2009.0,9,,Inhibition of human ERG channel
CHEMBL3887897,120,107,IC50,2016.0,8,,"Inhibition Assay: Test Example 5: The hERG potassium current was measured in a hERG-stably-expressing Chinese hamster ovary K1 (CHO) cells. The experiments were performed using an automated planar patch-clamp system QPatch HTX (Sophion Bioscience A/S). The application of pressure for forming gigaseals and whole-cell patch clamp configuration were established using the QPatch assay software. Patch-clamp experiments were performed in voltage-clamp mode and whole-cell currents were recorded. The following stimulation protocol was applied to investigate the effects of compounds on hERG potassium channel. The test solution includes:Extracellular solution: 2 mM of CaCl2, 1 mM of MgCl2, 10 mM of HEPES, 4 mM of KCl, 145 mM of NaCl, and 10 mM of glucose; and pH adjusted to 7.4 with NaOH,Intracellular solution: 5.374 mM of CaCl2, 1.75 mM of MgCl2, 10 mM of HEPES, 10 mM of EGTA, 120 mM of KCl, and 4 mM of ATP, and pH adjusted to 7.2 with KOH."
CHEMBL3705667,120,106,IC50,2015.0,9,,"Inhibition Assay: The hERG potassium current was measured in a hERG-stably-expressing Chinese hamster ovary K1 (CHO) cells. The experiments were performed using an automated planar patch-clamp system QPatch HTX (Sophion Bioscience A/S). The application of pressure for forming gigaseals and whole-cell patch clamp configuration were established using the QPatch assay software. Patch-clamp experiments were performed in voltage-clamp mode and whole-cell currents were recorded. The following stimulation protocol was applied to investigate the effects of compounds on hERG potassium channel.The membrane potential was held at −80 mV and repetitively (every 15 seconds) depolarized to +20 mV for 4800 milliseconds after the pulse to −50 mV for 20 milliseconds served to define the baseline, followed by repolarizing step to −50 mV for 5000 milliseconds to evaluate of the tail current amplitude. Experiments were conducted at room temperature."
CHEMBL5738979,117,39,IC50|k_off|kon,2023.0,9,,hERG Assay: The test compounds were added to cultured hERG (human Ether-a-go-go Related Gene) gene stably expressing CHO cell line cells to achieve 0.27 to 100 μM. The hERG current under electric potential stimulation was measured using Qube384 (Sophion Bioscience) to calculate the concentration at which each test compound suppresses 50% hERG current (IC50 value; μM).
CHEMBL1614446,115,114,EC50,,9,,PUBCHEM_BIOASSAY: Confirmation Dose Response screen for compounds that protect hERG from block by proarrhythmic agents. (Class of assay: confirmatory) [Related pubchem assays: 1511 (Primary HTS assay for 305616 compounds.)]
CHEMBL1034538,111,111,Inhibition,2009.0,9,HEK293,Inhibition of human ERG expressed in HEK293 cells assessed as blockade of KCl-stimulated depolarization relative to terfenadine
CHEMBL3855279,110,94,IC50|pIC50,2016.0,9,HEK293,Inhibition of human ERG transfected in HEK293 cells assessed as reduction in tail current by patch clamp assay
CHEMBL1107671,105,54,IC50,2010.0,9,,Displacement of [3H]dofetidile from human ERG by scintillation proximity assay
CHEMBL3776609,104,65,IC50|pIC50,2016.0,9,HEK293,Inhibition of human ERG tail current expressed in HEK293 cells after 5 mins by patch clamp assay
CHEMBL5732169,102,26,IC50|k_off|kon,2019.0,9,,"Determination of a Possible Activity on hERG: The hERG (human ether-A-go-go-related gene) channel corresponds to an important anti-target for potential new drugs since its inhibition may lead to sudden death. In order to establish whether the compounds of the present invention act on hERG, the following experiment was carried out.The in vitro effects of the compounds indicated in Table 5 on the hERG potassium channel current (a surrogate for Iκr, the rapidly activating, delayed rectifier cardiac potassium current) expressed in mammalian cells were evaluated at room temperature using the QPatch HT® (Sophion Bioscience A/S, Denmark), an automatic parallel patch clamp system. Each compound indicated in Table 5 was evaluated at 0.1, 1, 3, 10 and 30 μM with each concentration tested in a minimum of two cells (n≥2). The duration of exposure to each compound concentration was 3 minutes. A summary of the results is shown in Table 5. The positive control (E4031) confirmed the sensitivity of the test system to hERG inhibition (98.6% of inhibition at 0.5 μM). Generally, compounds displaying an IC50> about 0.5 μM are regarded as not acting on hERG and thus as safe."
CHEMBL5738076,93,31,IC50|k_off|kon,2022.0,9,,"hERG Electrophysiological Assay: Electrophysiological recordings (all performed at RT) from stably transfected CHO hKv11.1 cells were obtained using the Nanion Syncropatch 768PE. Test compounds, vehicle or positive controls were added with 6 compound plates each at a different concentration to allow cumulative dosing onto cells (10 mM, 3.167 mM, 1 mM, 0.3167 mM, 0.1 mM, 0.03167 mM). 600 Figure US11325906-20220510-P00001of compound is resuspended into 90 μl of reference buffer (in mM, NaCl 80, KCL 4, CaCl 5, MgCl 1, NMDG Cl 60, D-Glucose monohydrate 5, HEPES 10 (pH7.4 HCL, 298 mOsm) for a final compound concentration of 39.6 μM, 13.2 μM, 4.4 μM, 1.46 μM, 0.48 μM, 0.16 μM. For each Nanion Syncropatch 768PE run, the current amplitude in each cell in the presence of extracellular solution (in mM, NaCl 80, KCL 4, CaCl 5, MgCl 1, NMDG Cl 60, D-Glucose monohydrate 5, HEPES 10 (pH7.4 HCL, 298 mOsm) is measured with all liquid additions performed using the Syncropatch liquid handling system. Add 40 μL external solution (in mM, HBPS, CaCl2 2, MgCl2 1 (pH7.4, NaOH) to 384 well multihole medium resistance recording chip and perfuse internal buffer (in mM, KF 130, KCl 20, MgCl2 1, EGTA 10, HEPES 10, Escin 25 (all Sigma-Aldrich; pH 7.2-7.30 using 10 M KOH, 320 mOsm) to the underside of plate. Dispense 20 μL of cells at a density of 1e6 cells/ml maintained at 9° C. into each well of the chip followed by 20 μL of seal enhancer (in mM, NaCl 80, KCl 3, CaCl 10, HEPES 10, MgCl 1 (pH7.4 NaOH). Perform wash step leaving a residual volume of 40 μL. Dispense 40 μL of reference buffer to establish a stable baseline prior to the addition of test compounds, with a removal step of 40 μL after 3 min, repeat this step. Dispense 40 μL of compound concentration 1 (0.16 μM), real time recordings for 3 min exposure prior to removal of 40 μL. This step is repeated for 5 further subsequent compound plates to generate cumulative curve analysis. All data is leak subtracted, 2 pulses to −80 mV 100 ms with 100 ms delay. Outward K+ currents are then evoked by voltage step to +60 mV from a holding potential of −90 mV, Each pulse is delivered at a frequency of 2 Hz with a 15 s pulse interval."
CHEMBL5738581,84,27,IC50|k_off|kon,2022.0,9,,"Selectivity on hERG Channel : Confirmation of interaction with the potassium channels of the compounds of the invention listed in the following Table 1 and of the comparison compound C was made by means of the automated whole-cell patch clamp test described in Mathes, C. (2006), Expert Opin. Ther. Targets, 10 (2): 230-241 using the recombinant human cell line CHO-K1, which stably expresses the hERG ion channel.The IC50 values (concentration causing a half maximal inhibition of control specific activity) were determined at five concentrations ranging from 100 μM to 10 nM with ten-fold dilutions in duplicate.The degree of inhibition (%) was obtained by measuring the tail current amplitude, which is induced by a one second test pulse to −40 mV after a two second pulse to +20 mV, before and after drug incubation (the difference current was normalized to control and multiplied by 100 to obtain the percent of inhibition). Concentration (log) response curves were fitted to a logistic equation (three parameters assuming complete block of the current at very high test compound concentrations) to generate estimates of the 50% inhibitory concentration (IC50)."
CHEMBL948183,82,82,IC50|pIC50,2008.0,9,,Displacement of [3H]Dofetilide from human ERG
CHEMBL5735869,81,27,IC50|k_off|kon,2020.0,9,,"Evaluation of Activity for Inhibiting hERG Channel : The activity of the present compound for inhibiting hERG channel was measured by whole-cell patch clamp method with auto patch clamp system, using CHO cell wherein hERG channel involved in human rapidly activating delayed rectifier potassium current (IKr) was forcibly expressed.(Preparation of Cell Suspension)hERG-CHO cell purchased from ChanTest was incubated at 37° C. in a CO2 incubator, and the cell was exfoliated from the flask with trypsin to prepare a cell suspension, shortly before the hERG current measurement.(Preparation of Solution)The extracellular fluid and intracellular fluid which were used in the measurement were prepared as follows.Extracellular fluid: 2 mmol/L CaCl2, 1 mmol/L MgCl2, 10 mmol/L HEPES, 4 mmol/L KCl, 145 mmol/L NaCl, 10 mmol/L glucoseIntracellular fluid: 5.4 mmol/L CaCl2, 1.8 mmol/L MgCl2, 10 mmol/L HEPES, 31 mmol/L KOH, 10 mmol/L EGTA, 120 mmol/L KCl, 4 mmol/L Na2-ATPTest compound solution: The test compound was dissolved in DMSO by adjusting the concentration to 2 mmol/L or 20 mmol/L to prepare each test compound solution. Further, the test compound solution was diluted with the extracellular fluid by 200-fold, which was serially diluted with the extracellular fluid to prepare each concentration of the test compound solution which is used to calculate IC50 value of hERG inhibition."
CHEMBL3297246,81,81,Inhibition,2014.0,9,CHO,Inhibition of human cloned ERG expressed in CHO cells assessed as inhibition of potassium channel current at 1 uM by automated patch clamp assay
CHEMBL1120719,75,75,Ki,2010.0,9,HEK293,Displacement of [3H]dofetilide from human ERG expressed in HEK293 cells
CHEMBL5737001,75,22,IC50|k_off|kon,2021.0,9,,"Safety Test: The effect of test compounds on hERG potassium channel were determined using Predictor hERG Fluorescence Polarization Assay at concentrations of 3, 10, and 30 μM."
CHEMBL829152,73,73,IC50,2005.0,8,,Inhibitory concentration against potassium channel HERG
CHEMBL5731263,69,23,IC50|k_off|kon,2018.0,9,,"hERG Inhibition Assay: The human ether-a-go-go related gene (hERG) encodes the inward rectifying voltage gated potassium channel in the heart (IKr) which is involved in cardiac repolarisation. IKr current inhibition has been shown to elongate the cardiac action potential, a phenomenon associated with increased risk of arrhythmia. IKr current inhibition accounts for the vast majority of known cases of drug-induced QT-prolongation. A number of drugs have been withdrawn from late stage clinical trials due to these cardiotoxic effects, therefore it is important to identify inhibitors early in drug discovery.The hERG inhibition study aims at quantifying the in vitro effects of compounds of the invention on the potassium-selective IKr current generated in normoxic conditions in stably transfected HEK 293 cells with the human ether-a-go-go-related gene (hERG).Whole-cell currents (acquisition by manual patch-clamp) elicited during a voltage pulse were recorded in baseline conditions and following application of tested compounds (5 minutes of exposure). The concentrations of tested compounds (0.3 μM; 3 μM; 10 μM; 30 μM) reflect a range believed to exceed the concentrations at expected efficacy doses in preclinical models.The pulses protocol applied is described as follow: the holding potential (every 3 seconds) was stepped from −80 mV to a maximum value of +40 mV, starting with −40 mV, in eight increments of +10 mV, for a period of 1 second. The membrane potential was then returned to −55 mV, after each of these incremented steps, for 1 second and finally repolarized to −80 mV for 1 second.The current density recorded were normalized against the baseline conditions and corrected for solvent effect and time-dependent current run-down using experimental design in test compound free conditions.Inhibition curves were obtained for compounds and the concentrations which decreased 50% of the current density determined in the baseline conditions (IC50) were determined. All compounds for which the IC50 value is above 10 μM are not considered to be potent inhibitors of the hERG channel whereas compounds with IC50 values below 1 μM are considered potent hERG channel inhibitors."
CHEMBL5736066,69,23,IC50|k_off|kon,2020.0,9,,"hERG Inhibition Assay: The human ether-a-go-go related gene (hERG) encodes the inward rectifying voltage gated potassium channel in the heart (Igr) which is involved in cardiac repolarisation. IK r current inhibition has been shown to elongate the cardiac action potential, a phenomenon associated with increased risk of arrhythmia. IK r current inhibition accounts for the vast majority of known cases of drug-induced QT-prolongation. A number of drugs have been withdrawn from late stage clinical trials due to these cardiotoxic effects, therefore it is important to identify inhibitors early in drug discovery.The hERG inhibition study aims at quantifying the in vitro effects of compounds of the invention on the potassium-selective IK r current generated in normoxic conditions in stably transfected HEK 293 cells with the human ether-a-go-go-related gene (hERG).Whole-cell currents (acquisition by manual patch-clamp) elicited during a voltage pulse were recorded in baseline conditions and following application of tested compounds (5 minutes of exposure). The concentrations of tested compounds (0.3 μM; 3 μM; 10 μM; 30 μM) reflect a range believed to exceed the concentrations at expected efficacy doses in preclinical models.The pulses protocol applied is described as follow: the holding potential (every 3 seconds) was stepped from −80 mV to a maximum value of +40 mV, starting with −40 mV, in eight increments of +10 mV, for a period of 1 second. The membrane potential was then returned to −55 mV, after each of these incremented steps, for 1 second and finally repolarized to −80 mV for 1 second.The current density recorded were normalized against the baseline conditions and corrected for solvent effect and time-dependent current run-down using experimental design in test compound free conditions.Inhibition curves were obtained for compounds and the concentrations which decreased 50% of the current density determined in the baseline conditions (IC50) were determined. All compounds for which the IC50 value is above 10 μM are not considered to be potent inhibitors of the hERG channel whereas compounds with IC50 values below 1 μM are considered potent hERG channel inhibitors."
CHEMBL766814,67,66,IC50,2003.0,9,,Inhibition of human Potassium channel HERG expressed in mammalian cells
CHEMBL954102,66,66,IC50,2008.0,9,CHO,Inhibition of human ERG expressed in CHO cells by whole cell patch clamp technique
CHEMBL4831396,64,64,Inhibition,2021.0,9,,Inhibition of human ERG expressed in HEK293 cells at 10 uM by patch-clamp technique relative to control
CHEMBL5730898,63,19,IC50|k_off|kon,2017.0,9,,"MK-499 Filter Binding Assay: Drug cardiac arrhythmia is an important safety concern for pharmaceutical development and health regulatory authorities. Blockade of heterologously-expressed human ether-a-go-go gene (hERG) channel prolongs the duration of the cardiac action potential leading to a long QT interval that can lead to sudden death (De Ponti, F.; et al Drug Safety 2002, 25, pp. 263-286). It is important to have compounds devoid of hERG channel activity as measured by an in vitro assay. Affinity of compounds for the hERG channel was evaluated in radioligand competition experiments using HEK293 cells that were stably transfected with the hERG channel and radiolabeled ligand, MK-499 a potent antiarrhythmic. This assay correlates well with QT prolongation in vivo (Jamieson, C.; et al., J. Med. Chem. 2006, 49, pp. 5029-5046). 25 μL Target membranes (in assay buffer: 10 mM HEPES/NaOH, pH 7.4, 70 mM NaCl, 60 mM KCl, 2 mM MgCl2, 1 mM CaCl2) purified from a HEK293 cell line expressing the human Ether-á-go-go Related Gene (hERG) ion channel, 1 μL test compound in 10 mM DMSO and 25 μL (6,000 cpm/well; in assay buffer) [35S]MK-0499 radioligand (Merck/Perkin Elmer) were added to the assay plate (Axygen; 384 Deep well ¿Diamond Plate¿, clear). After incubation of the binding reaction at room temperature (RT) for 90 min 50 μL of the assay were transferred to a Multiscreen HTS 384 FC filter plate (Millipore), which had been pre-wetted with 20 μL 0.01% PEI/0.01% Triton X-100 for at least 30 min at RT. Then, 30 μL wash buffer (10 mM HEPES/NaOH, pH 7.4, 130 mM NaCl, 2 mM MgCl2, 1 mM CaCl2) equilibrated to RT were added to each well of the assay plate and subsequently transferred to the filter plate. The assay mixture was aspirated through the filter plate using a Biotek ELx405¿ washer. The filter plate was washed twice with 100 μl cold wash buffer per wash and well and then dried in a drying oven for at least 75 min at 55° C. Afterwards, the bottom of each filter plate was heat sealed with a solid foil seal, then 10 μL of Microscint¿ 0 (Perkin Elmer) were added to each well of the filter plate and finally, the top of each filter plate was sealed with a clear seal. The plates were stored for at least 20 min in a MicroBeta2 reader (Perkin Elmer) before they are counted (60 sec/well)."
CHEMBL5735887,63,21,IC50|k_off|kon,2020.0,9,,"hERG Potassium Channel Toxicity Assay: Experimental method: hERG patch clamp detection methodExperimental procedure: Compound preparation: the stock solution of a compound was diluted with extracellular fluid, 2 μL of the compound stock solution was added to 998 μL extracellular fluid, and then serially diluted 5 times in an extracellular fluid containing 0.2% DMSO to obtain the final concentration to be tested. The highest test concentration of the compound was 40 μM, and there were 6 concentrations, 40, 8, 1.6, 0.32, 0.064, and 0.0128 μM, respectively.The DMSO content in the final test concentration did not exceed 0.2%, and this concentration of DMSO did not affect the hERG potassium channel."
CHEMBL1116382,62,62,Inhibition,2010.0,9,CHO-K1,Inhibition of human ERG expressed in CHO-K1 cells at 10 uM by whole-cell patch clamp technique
CHEMBL2168489,62,54,IC50,2012.0,9,CHO-K1,Binding affinity to human ERG expressed in CHOK1 cells by IonWorks HT assay
CHEMBL4028623,59,59,IC50,2018.0,9,HEK293,Inhibition of human ERG expressed in HEK293 cells at -80 mV holding potential by manual-patch-clamp electrophysiology assay
CHEMBL5734655,57,19,IC50|k_off|kon,2019.0,9,,"Human ERG (hERG) assay: The whole-cell patch-clamp technique was used to investigate the effects of the test items on hERG (human-ether-a-go-go related gene) potassium channels in stably transfected CHO cells near physiological temperature (36±1° C.). The effects of compounds on hERG K+-current parameters were evaluated at 4 concentrations (0.3-3-30-300 μM) in at least 3 CHO cells stably expressing the hERG channel. For electrophysiological measurements cells were seeded onto 35 mm sterile culture dishes containing 2 ml culture medium without Hygromycin B. Cells were cultivated at a density that enabled single cells (without visible connections to neighbouring cells) to be measured. Cells were incubated at 37° C. in a humidified atmosphere with 5% CO2 (rel. humidity about 95%). The cells were continuously maintained in and passaged in sterile culture flasks containing nutrient mixture F-12 (DMEM/F-12 with L-Glutamine) supplemented with 10% foetal bovine serum and 10% penicillin/streptomycin solution. Every day at least three cells were treated with a selective IKr blocker (E-4031, reference substance) to assure accuracy of the method. The 35 mm culture dishes upon which cells were seeded at a density allowing single cells to be recorded were placed on the dish holder of the microscope and continuously perfused (at approximately 1 ml/min) with the bath solution (sodium chloride 150 mM, potassium chloride 4 mM, calcium chloride 1.2 mM, magnesium chloride 1 mM, HEPES 10 mM, pH (NaOH) 7.4) at near physiological temperature (36±1° C.). After formation of a Gigaohm seal between the patch electrodes and individual hERG stably transfected CHO cells (pipette resistance range: 2.0 MΩ-7.0 Mω; seal resistance range: >1 Gω) the cell membrane across the pipette tip was ruptured to assure electrical access to the cell interior (whole-cell patch-configuration). In case the quality of the seal was poor, the process of seal formation was repeated with a different cell and a new pipette. As soon as a stable seal was established, hERG outward tail currents were measured upon depolarization of the cell membrane to −40 mV for 50 ms followed by 500 ms at +20 mV (activation of channels) from a holding potential of −80 mV and upon subsequent repolarization to −40 mV for 500 ms. This voltage protocol was run at least 10 times at intervals of 10 s. If current density was judged to be too low for measurement, another cell was recorded. Once control recordings have been accomplished, cells were continuously perfused with a bath solution containing the test items. During wash-in of the test item the voltage protocol indicated above was run continuously again at 10 s intervals until the steady-state level of block was reached. The four test item concentrations of the compound were applied sequentially to 3 cells in a cumulative manner. As hERG tail currents were inhibited by the test item, the concentration-response curve was generated and ICso value calculated. Based on the IC50 value the IC20 was estimated."
CHEMBL4407343,57,57,Inhibition,2019.0,9,HEK293,Inhibition of ERG in human HEK293 cells at 3 uM at -80 mV holding potential by whole-cell patch clamp assay relative to control
CHEMBL5738029,57,18,IC50|k_off|kon,2022.0,9,,"Human ERG (hERG) assay: The whole-cell patch-clamp technique was used to investigate the effects of the test items on hERG (human-ether-a-go-go related gene) potassium channels in stably transfected CHO cells near physiological temperature (36±1° C.). The effects of compounds on hERG K+-current parameters were evaluated at 4 concentrations (0.3-3-30-300 μM) in at least 3 CHO cells stably expressing the hERG channel. For electrophysiological measurements cells were seeded onto 35 mm sterile culture dishes containing 2 ml culture medium without Hygromycin B. Cells were cultivated at a density that enabled single cells (without visible connections to neighbouring cells) to be measured. Cells were incubated at 37° C. in a humidified atmosphere with 5% CO2 (rel. humidity about 95%). The cells were continuously maintained in and passaged in sterile culture flasks containing nutrient mixture F-12 (DMEM/F-12 with L-Glutamine) supplemented with 10% foetal bovine serum and 10% penicillin/streptomycin solution. Every day at least three cells were treated with a selective IKr blocker (E-4031, reference substance) to assure accuracy of the method. The 35 mm culture dishes upon which cells were seeded at a density allowing single cells to be recorded were placed on the dish holder of the microscope and continuously perfused (at approximately 1 ml/min) with the bath solution (sodium chloride 150 mM, potassium chloride 4 mM, calcium chloride 1.2 mM, magnesium chloride 1 mM, HEPES 10 mM, pH (NaOH) 7.4) at near physiological temperature (36±1° C.). After formation of a Gigaohm seal between the patch electrodes and individual hERG stably transfected CHO cells (pipette resistance range: 2.0 MΩ-7.0 MΩ; seal resistance range: >1 GΩ) the cell membrane across the pipette tip was ruptured to assure electrical access to the cell interior (whole-cell patch-configuration). In case the quality of the seal was poor, the process of seal formation was repeated with a different cell and a new pipette. As soon as a stable seal was established, hERG outward tail currents were measured upon depolarization of the cell membrane to −40 mV for 50 ms followed by 500 ms at +20 mV (activation of channels) from a holding potential of −80 mV and upon subsequent repolarization to −40 mV for 500 ms. This voltage protocol was run at least 10 times at intervals of 10 s. If current density was judged to be too low for measurement, another cell was recorded. Once control recordings have been accomplished, cells were continuously perfused with a bath solution containing the test items. During wash-in of the test item the voltage protocol indicated above was run continuously again at 10 s intervals until the steady-state level of block was reached. The four test item concentrations of the compound were applied sequentially to 3 cells in a cumulative manner. As hERG tail currents were inhibited by the test item, the concentration-response curve was generated and IC50 value calculated."
CHEMBL3424851,57,56,IC50,2015.0,9,,Inhibition of MK499 binding to human ERG
CHEMBL1837909,56,56,IC50,2011.0,9,HEK293,Displacement of [3H]-astemizole from human ERG in HEK293 cells after 1 hrs by scintillation counting
CHEMBL3607541,56,56,IC50,2015.0,9,,Inhibition of human ERG assessed as reduction in MK499 competitive binding
CHEMBL6140214,55,55,IC50|Inhibition,2025.0,9,,Inhibition of hERG extracted from membrane (unknown origin) incubated for 4 hrs by fluorescence polarization assay
CHEMBL2026493,55,55,IC50,2012.0,9,HEK293,Displacement of [3H] dofetilide from human ERG channel expressed in HEK293 cells after 45 mins by scintillation counting method
CHEMBL827807,55,55,IC50,2004.0,8,,Inhibitory concentration against IKr potassium channel
CHEMBL5215556,54,54,IC50,2021.0,9,,Inhibition of human ERG
CHEMBL903096,52,52,IC50|Log IC50,2007.0,9,CHO-K1,Displacement of [3H]dofetilide from hERG expressed in CHOK1 cells
CHEMBL962309,52,52,IC50,2008.0,9,,Displacement of [3H]dofetilide from human ERG channel
CHEMBL906593,51,51,Activity|Inhibition,2007.0,9,CHO,Inhibition of hERG expressed in CHO cells at 5 ug/mL by rubidium efflux assay
CHEMBL3369074,51,49,Inhibition,2014.0,9,HEK293,Inhibition of human ERG expressed in HEK cells by patch-clamp assay
CHEMBL5731991,51,17,IC50|k_off|kon,2019.0,9,,hERG Inhibition Activity Assay: 1. CHO-hERG cells which have been incubated overnight were added with sample buffer and incubated for 90 minutes at room temperature in darkness.2. The sample buffer was removed and assay buffer was added.3. The compound is added to the cell plate and incubated for 20 minutes in darkness.4. Cell plate was placed into FDSS. The fluorescence signal was recorded every second for 10 seconds. Exciting buffer was added to the cells at the 10th second and the fluorescence signal was recorded every second for 180 seconds5. Data were processed.
CHEMBL3779605,50,47,IC50,2016.0,9,,Binding affinity to human ERG
CHEMBL2045992,49,49,IC50,2012.0,9,,Binding affinity to human Erg
CHEMBL4392494,49,49,Ki,2019.0,9,,Inhibition of human ERG
CHEMBL5147695,48,48,IC50,2022.0,9,,Inhibition of hERG channel by electrophysiology
CHEMBL4356657,48,48,IC50,2020.0,9,,Inhibition of human ERG expressed in CHOK1 cells assessed as reduction in channel current at -80 mV holding potential by whole cell patch clamp assay
CHEMBL5734332,48,16,IC50|k_off|kon,2019.0,9,,Activity Assay: hERG activity assays representative compounds were tested for hERG activity using the Fast Patch assay available from WuXiApptec (Shanghai China).
CHEMBL5738851,48,16,IC50|k_off|kon,2023.0,9,,"hERG Inhibition Assay: For hERG inhibition assays, the cells used were HEK293 cells stably transfected with hERG (cell line obtained from Cytocentrics Inc. 3463 Magic Drive San Antonio, Tex. 78229). Composition of External Solution: NaCl, 137 mM; KCl, 4 mM; MgCl2, 1.0 mM; CaCl2), 1.8 mM; HEPES 10 mM; Dextrose 11 mM; Adjusted to a pH of 7.4 with NaOH. Composition of Internal Solution: KCl, 130.0 mM; MgCl2, 1.0 mM; HEPES, 5.0 mM; EGTA, 5.0 mM; NaCl 7.0 mM. Adjusted to a pH of 7.2 using KOH. Test Concentrations: 0.1, 1, 10, 100 μM. Vehicle: DMSO. Experiments were performed at 34+/−1° C. Current was recorded using the whole-cell patch clamp technique on the Cytopatch automated platform. hERG current was elicited with the following voltage protocol: hERG current amplitude was measured as the peak current at −50 mV (tail current). The percent blockade of hERG was measured as current reduction after a steady-state effect had been reached in the presence of drug relative to current amplitude before drug was introduced (control). Each cell served as its own control. Data are presented as the 1050 calculated by non-linear regression analysis."
CHEMBL5735396,48,10,IC50|k_off|kon,2020.0,9,,"Evaluation of Action on hERG IKr Current: Using HEK293 cell overexpressing a human ether-a-go-go-related gene (hERG), the maximum tale current of the hERG IKr current induced by redepolarization pulse subsequent to depolarization pulse was measured by a patch-clamp method. The change rate (inhibition rate) of the 10 minutes after application of the test compound, with respect to the maximum tale current before application of the test compound, was calculated (see, Biophysical Journal, Vol. 74, 230-241 (1998)). The results are shown in Table 5. As is apparent from Table 5, the compounds shown in Table 5 as the representative examples of the compounds of the present invention showed that the 50% inhibitory activity of hERG channel thereof were >10 μM and less possibility of inducing Q-T extension due to drug, showing that the compounds the present invention had excellent safety."
CHEMBL5736241,48,16,IC50|k_off|kon,2020.0,9,,hERG Activity Assays: Representative compounds were tested for hERG activity using the Fast Patch assay available from WuXiApptec (Shanghai China).
CHEMBL3423653,48,48,Inhibition,2015.0,9,,Inhibition of human ERG expressed in CHL cells assessed as tail current at 10 uM after 7 mins by patch clamp assay relative to control
CHEMBL5735720,48,16,IC50|k_off|kon,2020.0,9,,"hERG inhibition assays: For hERG inhibition assays, the cells used were HEK293 cells stably transfected with hERG (cell line obtained from Cytocentrics Inc. 3463 Magic Drive San Antonio, Tex. 78229). Composition of External Solution: NaCl, 137 mM; KCl, 4 mM; MgCl2, 1.0 mM; CaCl2, 1.8 mM; HEPES 10 mM; Dextrose 11 mM; Adjusted to a pH of 7.4 with NaOH. Composition of Internal Solution: KCl, 130.0 mM; MgCl2, 1.0 mM; HEPES, 5.0 mM; EGTA, 5.0 mM; NaCl 7.0 mM. Adjusted to a pH of 7.2 using KOH. Test Concentrations: 0.1, 1, 10, 100 μM. Vehicle: DMSO. Experiments were performed at 34+/−1° C. Current was recorded using the whole-cell patch clamp technique on the Cytopatch automated platform. hERG current was elicited with the following voltage protocol: hERG current amplitude was measured as the peak current at −50 mV (tail current). The percent blockade of hERG was measured as current reduction after a steady-state effect had been reached in the presence of drug relative to current amplitude before drug was introduced (control). Each cell served as its own control. Data are presented as the IC50 calculated by non-linear regression analysis."
CHEMBL5730850,48,16,IC50|k_off|kon,2018.0,9,,hERG Activity Assays: Representative compounds were tested for hERG activity using the Fast Patch assay available from WuXiApptec (Shanghai China).
CHEMBL3419515,47,47,IC50,2015.0,9,CHO,Inhibition of human ERG expressed in CHO cells at -80 mV holding potential by whole cell patch clamp assay
CHEMBL4030012,47,47,IC50,2017.0,9,HEK293,Displacement of [35S]MK499 from human ERG expressed in HEK293 cells
CHEMBL1057876,47,47,IC50|pIC50,2009.0,9,,Displacement of [3H]dofetilide from human ERG channel by scintillation proximity assay
CHEMBL5129939,47,47,IC50,2022.0,9,,Inhibition of hERG expressed in CHO cells by Q patch-clamp method
CHEMBL4833086,47,47,IC50,2021.0,9,,Inhibition of human ERG
CHEMBL2160723,46,46,IC50,2012.0,9,HEK293,"Displacement of 3,7-Bis[2-(4-nitro[3,5-3H]phenyl)ethyl]-3,7-diazabicyclo[3.3.1]nonane from human ERG expressed in HEK cells after 3 hrs by TopCount analysis"
CHEMBL3591516,46,46,Kd,2015.0,9,HEK293,Binding affinity to human Kv11.1 expressed in HEK293 cell membranes assessed as binding affinity constant by [3H]dofetilide competition association assay
CHEMBL3428449,46,44,IC50,2015.0,9,,Displacement of MK499 from human ERG
CHEMBL3591514,46,46,K,2015.0,9,HEK293,Binding affinity to human Kv11.1 expressed in HEK293 cell membranes assessed as association rate constant by [3H]dofetilide competition association assay
CHEMBL3591515,46,46,K,2015.0,9,HEK293,Binding affinity to human Kv11.1 expressed in HEK293 cell membranes assessed as dissociation rate constant by [3H]dofetilide competition association assay
CHEMBL3591513,46,46,Ki,2015.0,9,HEK293,Displacement of [3H]dofetilide from human Kv11.1 expressed in HEK293 cell membranes by competitive radioligand displacement assay
CHEMBL3591517,46,46,TIME|Time,2015.0,9,HEK293,Binding affinity to human Kv11.1 expressed in HEK293 cell membranes assessed as binding residence time by [3H]dofetilide competition association assay
CHEMBL5731487,45,15,IC50|k_off|kon,2017.0,9,,"hERG Assay: Compounds of the invention were tested for inhibition of the human ether a go-go related gene (hERG) K+ channel using IonWorks patch clamp electrophysiology. 8 Point concentration-response curves were generated on two occasions using 3-fold serial dilutions from the maximum assay concentration (11 uM). Electrophysiological recordings were made from a Chinese Hamster Lung cell line stably expressing the full length hERG channel. Single cell ion currents were measured in the perforated patch clamp configuration (100 ug/mL amphoterocin) at room temperature using an IonWorks Quattro instrument. The internal solution contained 140 mM KCl, 1 mM MgCl2, 1 mM EGTA and 20 mM HEPES and was buffered to pH 7.3. The external solution contained 138 mM NaCl, 2.7 mM KCl, 0.9 mM CaCl2, 0.5 mM MgCl2, 8 mM Na2HPO4 and 1.5 mM KH2PO4, and was buffered to pH 7.3. Cells were clamped at a holding potential of 70 mV for 30 s and then stepped to +40 mV for 1 s. This was followed by a hyperpolarising step of 1 s to 30 mV to evoke the hERG tail current. This sequence was repeated 5 times at a frequency of 0.25 Hz. Currents were measured from the tail step at the 5th pulse, and referenced to the holding current. Compounds were incubated for 6-7 min prior to a second measurement of the hERG signal using an identical pulse train."
CHEMBL2342727,45,45,IC50,2013.0,9,,Inhibition of human ERG
CHEMBL5320697,44,22,IC20|IC50,2023.0,9,,Inhibition of hERG stably expressed in CHO cells by whole-cell voltage-clamp assay
CHEMBL3096732,44,37,IC50|Ki,2013.0,9,HEK293,Displacement of [3H]astemizole from human ERG channel expressed in HEK293 cell membrane after 1 hr by scintillation counting analysis
CHEMBL3428450,43,41,IC50,2015.0,9,CHO,Inhibition of human ERG expressed in CHO cells measured over 5 mins by patch clamp assay
CHEMBL4388237,43,43,IC50,2019.0,9,,Displacement of Tracer Red from human ERG by fluorescence polarization assay
CHEMBL3132256,43,43,IC50,2014.0,9,CHO-K1,Inhibition of human ERG expressed in CHOK1 cells by electrophysiological analysis
CHEMBL2330781,42,42,IC50|IC60,2013.0,9,HEK293,Displacement of [3H]astemizole from human ERG K+ channel expressed in HEK293 cells by scintillation spectrophotometric analysis
CHEMBL895464,42,42,IC50|pIC50,2007.0,9,CHO,Displacement of [3H]dofetilide from hERG expressed in CHO cells
CHEMBL2184747,42,42,Inhibition,2012.0,9,,Inhibition of human ERG
CHEMBL3583383,42,42,IC50|Ki,2015.0,9,,Inhibition of MK499 binding to human ERG
CHEMBL2318190,42,41,IC50,2013.0,9,,Binding affinity to human ERG
CHEMBL4610754,42,42,IC50,2020.0,9,,Inhibition of human ERG
CHEMBL4606283,42,42,Inhibition,2020.0,9,HEK293,Inhibition of human ERG expressed in HEK293 cells at 10 uM by IonWorks patch clamp method relative to control
CHEMBL927257,41,41,Inhibition,2008.0,9,,Displacement of MK499 from human ERG channel at 10 uM
CHEMBL1061741,41,41,IC50,2009.0,9,CHO,Inhibition of human ERG expressed in CHO cells by patch-clamp assay
CHEMBL3615683,41,30,IC50,2015.0,9,HEK293,Displacement of [35S]-MK499 from human ERG expressed in HEK293 cells
CHEMBL1924724,41,39,INH|Inhibition,2011.0,9,,Inhibition of human ERG
CHEMBL4416173,40,40,IC50,2019.0,9,CHO,Inhibition of human ERG expressed in CHO cells by Q-patch clamp assay
CHEMBL3791472,40,40,IC50,2016.0,9,,Inhibition of human ERG by IonWork assay
CHEMBL5393330,40,17,IC20|IC50,2023.0,9,,Inhibition of hERG potassium channel expressed in CHO cells by electrophysiological patch clamp assay
CHEMBL6111436,40,40,Inhibition,2025.0,9,,Inhibition of hERG expressed in CHO cells at 10 uM by automated patch clamp assay
CHEMBL909940,40,40,IC50,2006.0,9,,Displacement of [3H]dofetilide from hERG
CHEMBL907268,40,40,Ki,2006.0,9,HEK293,Displacement of [3H]dofetilide from human ERG potassium channel expressed in HEK293 cells
CHEMBL1062483,39,39,IC50,2009.0,9,,Displacement of [3H]dofetilide from human ERG
CHEMBL5731003,39,13,IC50|k_off|kon,2017.0,9,,hERG Activity Assay: Compounds were tested for inhibition of the human ether a go-go related gene (hERG) K+ channel using IonWorks patch clamp electrophysiology at Essen BioScience. 8-Point concentration-response curves of the effect of compound on hERG current as a percentage of pre-compound signal were generated using 3-fold serial dilutions from 11 μM and results are reported as IC50 in μM.
CHEMBL4313840,39,39,Inhibition,2019.0,9,,Inhibition of human ERG at 10 uM incubated for 2 hrs by fluorescence polarization assay relative to control
CHEMBL3790417,39,39,IC50|Inhibition,2016.0,9,,Inhibition of human ERG
CHEMBL5130043,39,39,Inhibition,2022.0,9,,Inhibition of hERG expressed in CHO cells at 3 uM at -80 mV holding potential assessed as current block incubated for 3 mins by Qpatch clamp method relative to control
CHEMBL914755,39,39,IC50,2007.0,9,HEK293,Displacement of [3H]dofetilide from hERG expressed in HEK293 cells
CHEMBL2033832,39,39,IC50,2012.0,9,HEK293,Inhibition of human Erg expressed in HEK293 cells by whole cell patch clamp analysis
CHEMBL1788065,39,39,IC50|pIC50,2011.0,9,,Inhibition of human Erg by patch clamp assay
CHEMBL5535232,39,39,IC50,2024.0,9,,Inhibition of hERG expressed in CHO cells at -80 mV holding potential incubated for 7 to 10 mins by automated patch clamp method
CHEMBL2038474,38,38,IC50,2012.0,9,,Inhibition of human ERG
CHEMBL4433046,38,38,IC50|pIC50,2016.0,9,,Inhibition of human ERG expressed in CHOK1 cell membranes after 2 hrs by cy3b-dofetilide-based fluorescence polarization assay
CHEMBL943039,37,37,Activity,2007.0,9,,Displacement of [3H]dofetilide from hERG at 10 uM
CHEMBL1023674,37,37,IC50,2009.0,9,MCF7,Inhibition of human ERG in MCF7 cells
CHEMBL4478172,37,37,IC50,2016.0,9,,Inhibition of human ERG by electrophysiology assay
CHEMBL981857,37,36,Activity|IC50,2008.0,9,HEK293,"Antagonist activity at human ERG in HEK293 cells assessed as inhibition of [35S]N-[(4R)-1'-[(2R)-6-cyano-1,2,3,4-tetrahydro-2-naphthalenyl]-3,4-dihydro-4-hydroxyspiro[2H-1-benzopyran-2,4'-piperidin]-6-yl]methanesulfonamide binding"
CHEMBL5038061,37,37,IC50,2022.0,9,,Inhibition of hERG ion channel by Q patch-clamp method
CHEMBL1810388,36,36,IC50,2011.0,9,,Inhibition of human ERG by electrophysiology assay
CHEMBL1810945,36,36,IC50,2011.0,9,,Inhibition of human ERG by automated patch clamp assay
CHEMBL4706924,36,36,Inhibition,2016.0,9,,Displacement of [3H]astemizole from human ERG expressed in HEK293 cells at 10 uM by radioligand binding assay relative to control
CHEMBL5251558,36,36,IC50,2023.0,9,,Inhibition of human ERG stably expressed in CHO cells at -80 mV holding voltage by automated QPatch electrophysiological assay
CHEMBL5737885,36,12,IC50|k_off|kon,2022.0,9,,n Vitro Safety Test: The effect of the compound on hERG potassium ion channel was tested by Predictor hERG fluorescence polarization.
CHEMBL4004505,36,36,IC50,2017.0,9,HEK293,Displacement of [3H]-MK499 from human ERG IKr channel expressed in HEK293 cell membranes
CHEMBL931097,36,36,IC50|Log IC50,2008.0,9,,Inhibition of human ERG
CHEMBL2021104,36,36,IC50,2012.0,9,,Inhibition of human ERG
CHEMBL5739084,36,11,IC50|k_off|kon,2023.0,9,,"hERG Inhibition Assay: Compounds were solubilised to 100 mM in DMSO before dilution in HBPS to 300 μM. 6-Point concentration-response curves were generated using 3.16-fold serial dilutions from the top test concentration. Procedure: Electrophysiological recordings were made from a Chinese Hamster Ovary cell line stably expressing the full-length hERG potassium channel. Single cell ionic currents were measured in whole-cell patch clamp configuration at room temperature (21-23° C.) using the QPatch HTX platform (Sophion). Intracellular solution contained (mM): 120 KF, 20 KCl, 10 EGTA, 10 HEPES and was buffered to pH 7.3. The extracellular solution (HEPES-buffered physiological saline, HBPS) contained (mM): 145 NaCl, 4 KCl, 2 CaCl2, 1 MgCl2, 10 HEPES, 10 glucose, buffered to pH7.4. Cells were clamped at a holding potential of −80 mV. Cells were stepped to +20 mV for 2 s then −40 mV for 3s before returning to the holding potential. This sweep was repeated 10 times at 10 s intervals. hERG currents were measured from the tail step and referenced to the holding current."
CHEMBL3790041,36,28,IC50,2016.0,9,,Inhibition of human ERG
CHEMBL986351,35,35,IC50,2008.0,9,HEK293,"Displacement of [35S]N-[(4R)-1'-[(2R)-6-cyano-1,2,3,4-tetrahydro-2-naphthalenyl]-3,4-dihydro-4-hydroxyspiro[2H-1-benzopyran-2,4'-piperidin]-6-yl]methanesulfonamide from human ERG in HEK293 cells"
CHEMBL4481758,35,35,IC50,2019.0,9,,Inhibition of human ERG
CHEMBL948146,35,34,IC50,2008.0,9,HEK293,Displacement of [3H]dofetilide from human recombinant ERG potassium channel expressed in HEK293 cells by patch clamp method
CHEMBL1799739,35,35,Ki,2011.0,9,,Inhibition of human ERG
CHEMBL1831617,35,35,IC50,2011.0,9,HEK293,Displacement of [3H]astemizole from human ERG expressed in HEK293 cells after 1 hr
CHEMBL5585462,35,35,Inhibition,2024.0,9,,Inhibition of hERG at 10 uM relative to control
CHEMBL1259359,35,35,IC50,2010.0,9,,Inhibition of human ERG
CHEMBL940379,34,34,Ki,2008.0,9,HEK293,Displacement of [35S]MK499 from human ERG expressed in HEK293 cells
CHEMBL2330875,34,34,IC50,2013.0,9,CHO,Inhibition of human ERG expressed in CHO cells by ionworks assay
CHEMBL6081994,34,34,IC50,2024.0,9,,Inhibition of human ERG expressed in CHO cells by automated patch clamp method
CHEMBL1261450,34,33,IC50,2010.0,9,,Displacement of [3H]-dofetilide from human ERG by scintillation proximity assay
CHEMBL3768210,34,28,Ki|pKi,2016.0,9,,Displacement of [3H]-dofetilide from human ERG potassium channel by scintillation proximity assay
CHEMBL1686107,34,34,Inhibition,2011.0,9,,Displacement of dofetilide from human ERG at 10 uM
CHEMBL4372228,34,34,IC50,2019.0,9,,Inhibition of human ERG
CHEMBL1913542,34,34,Ki,2011.0,9,,Binding affinity to human ERG
CHEMBL1831618,34,34,Inhibition,2011.0,9,HEK293,Inhibition of human ERG channel expressed in HEK293 cells at holding potential -60 mV at 3 uM after 5 mins by automated patch clamp assay
CHEMBL2149459,33,33,IC50|pIC50,2012.0,9,,Inhibition of human ERG channel by whole cell voltage-clamp electrophysiology assay
CHEMBL1059865,33,33,IC50,2009.0,9,,Displacement of [3H]dofetilide from human ERG channel by scintillation proximity assay
CHEMBL3227002,33,31,IC50,2013.0,9,,Inhibition of human ERG by electrophysiological analysis
CHEMBL856827,33,32,Activity|IC50,2007.0,9,HEK293,Displacement of [35S]MK-499 from hERG potassium channel expressed in HEK293 cells
CHEMBL2443482,33,33,IC50,2013.0,9,,Displacement of [35S]-MK499 from human ERG
CHEMBL5148466,33,33,Inhibition,2022.0,9,,Inhibition of hERG potassium channel at 10 uM by fluorescence polarization assay relative to control
CHEMBL4021478,33,33,Inhibition,2017.0,9,,Inhibition of human ERG expressed in HEK cells at 10 uM at -75 mV holding potential by Whole-cell voltage clamp assay relative to control
CHEMBL1663820,33,33,Inhibition,2011.0,9,,Inhibition of human ERG at 10 uM
CHEMBL1044431,33,33,IC50,2009.0,9,,Displacement of [3H]dofetilide from human ERG
CHEMBL5739275,33,11,IC50|k_off|kon,2023.0,9,,"hERG assay: The inhibition of activity of hERG (human ether-a-go-go related gene) potassium channel by the compounds was evaluated by using an automatic whole-cell patch clamp system (QPatch 48 HT, Sophion Bioscience) that can directly measure the flow of ions through the potassium channel in cells. A CHO-K1 cell line stably expressing human hERG cDNA (Kv11.1, KCNH2) was used. The composition of the intracellular solution (mM) used for the analysis is 70 KF, 60 KCl, 15 NaCl, 5 HEPES, 5 EGTA, 5 MgATP, pH 7.3 by KOH. The composition of the extracellular solution (mM) used for the analysis is 137 NaCl, 4 KCl, 1 MgCl,1.8 CaCl2), 10 HEPES, 10 glucose, pH 7.35 by NaOH."
CHEMBL5167326,33,33,IC50,2022.0,9,,Inhibition of hERG expressed in CHO cells stably at -80 mV holding potential by automated patch clamp method
CHEMBL5335598,32,32,IC50,2023.0,9,,Inhibition of human ERG by patch clamp assay
CHEMBL5323881,32,32,Inhibition,2023.0,9,,Inhibition of hERG expressed in HEK293 cells at 20 uM by whole cell patch clamp analysis
CHEMBL766816,32,32,IC50,2003.0,9,CHO,Inhibition of K+ channel activity in CHO cells expressing HERG Kv11.1
CHEMBL1063190,32,32,IC50,2009.0,9,CHO,Inhibition of human ERG expressed in CHO cells by patch clamp assay
CHEMBL4153776,32,32,IC50,2018.0,9,,Inhibition of human ERG by electrophysiology assay
CHEMBL1056550,32,32,IC50,2009.0,9,HEK293,Inhibition of human ERG channel expressed in HEK293 cells by voltage clamp assay
CHEMBL4843281,32,32,IC50,2021.0,9,,Displacement of Tracer Red from human ERG measured after 4 hrs by fluorescence polarization assay
CHEMBL3391260,31,29,INH|Inhibition,2013.0,9,,Inhibition of human ERG
CHEMBL1118597,31,31,Ki,2010.0,9,,Displacement of [3H]dofetidile from human ERG by whole-cell patch clamp
CHEMBL1120514,31,23,IC50,2010.0,9,,Displacement of [3H]dofetilide from human ERG
CHEMBL2072752,31,31,IC50|pIC50,2012.0,9,CHO,Inhibition of human ERG expressed in CHO cells by IonWorks HT assay
CHEMBL5365183,31,31,IC50,2023.0,9,,Displacement of [35S]-MK-499 from hERG expressed in HEK293 cells by automated patch-clamp assay
CHEMBL4671732,31,31,IC50,2020.0,9,,Inhibition of human ERG
CHEMBL3372246,31,31,Ki,2014.0,9,HEK293,Inhibition of human ERG expressing HEK293 cells by [3H]dofetilide binding assay
CHEMBL4627218,31,30,IC50|Inhibition,2020.0,9,,Inhibition of human ERG
CHEMBL1225864,31,31,IC50,2010.0,9,,Inhibition of human ERG by electrophysiology assay
CHEMBL6083897,30,30,Inhibition,2024.0,9,,Inhibition of hERG at 30 uM by patch clamp assay relative to control
CHEMBL4236905,30,29,IC50|pIC50,2018.0,9,,Inhibition of human ERG expressed in HEK293 cells by Barracuda automated patch clamp assay
CHEMBL1954529,30,30,IC50,2012.0,9,HEK293,"Displacement of 3,7-Bis[2-(4-nitro[3,5-3H]phenyl)ethyl]-3,7-diazabicyclo[3.3.1]nonane from human ERG expressed in HEK cells after 3 hrs"
CHEMBL4195525,30,30,IC50,2018.0,9,,Inhibition of human ERG expressed in CHO cells at 10 nM to 10 uM at holding potential of -80 mV measured after 5 mins by QPatch automated patch clamp electrophysiology method
CHEMBL2426900,30,30,Inhibition,2013.0,9,CHO,Inhibition of human ERG expressed in CHO cells at 10 uM after 3 mins by patch clamp assay relative to control
CHEMBL4843627,30,30,IC50,2021.0,9,,Inhibition of [S35]-MK-0499 binding to human ERG expressed in HEK293 cells
CHEMBL3118391,30,30,IC50,2014.0,9,,Binding affinity to human ERG
CHEMBL2444347,30,30,IC50,2013.0,9,CHO,Inhibition of human ERG channel expressed in CHO cells by whole cell patch clamp technique
CHEMBL4236906,30,29,IC50|pIC50,2018.0,9,,Inhibition of human ERG expressed in HEK293 cells by Q-patch assay
CHEMBL4339665,30,30,IC50|Ki,2019.0,9,HEK293,Displacement of [3H]dofetilide from recombinant human ERG expressed in HEK293 cell membranes measured after 80 mins by TopCount scintillation analysis
CHEMBL4820317,30,29,IC50,2021.0,9,,Inhibition of human ERG by fluorescence polarization assay
CHEMBL4734890,30,30,Activity,2021.0,9,,Displacement of [3H]dofetilide from human ERG stably expressed in HEK293 cell membranes assessed as residual binding level at 10 uM measured after 60 mins by microbeta liquid scintillation counting method relative to control
CHEMBL2160981,30,30,IC50,2011.0,9,,Displacement of [3H]astemizole from human ERG potassium channel
CHEMBL2148626,30,30,IC50,2012.0,9,,Displacement of [35S]MK499 from human ERG
CHEMBL5260330,30,30,IC50,2023.0,9,,Inhibition of human ERG by fluorescence polarization assay
CHEMBL5731629,30,10,IC50|k_off|kon,2018.0,9,,"hERG Inhibition Studies: ompounds of the invention were tested for inhibition of the human ether a go-go (hERG) channel using IonWorks patch clamp electrophysiology at Essen Bioscience (Welwyn Garden City, England)."
CHEMBL6157332,30,30,IC50,2025.0,9,,Inhibition of hERG expressed in HEK293 cells by patch clamp assay
CHEMBL768687,30,26,IP,2002.0,9,,Inflection point affinity for binding to K+ channel HERG.
CHEMBL1106982,29,29,IC50|Ki,2010.0,9,HEK293,Inhibition of human ERG expressed in HEK cells assessed as blockade of potassium tail current by standard patch clamp analysis
CHEMBL1106981,29,29,IC50|Ki,2010.0,9,,Displacement of [3H]Dofetilide from human ERG
CHEMBL5581350,29,29,IC50,2024.0,9,,Inhibition of hERG expressed in CHO cells measured for 30 mins by electrophysiological automated patch clamp assay
CHEMBL1839504,29,29,IC50,2011.0,9,,Inhibition of human ERG by patch clamp assay
CHEMBL4676425,29,29,IC50,2020.0,9,,Inhibition of human ERG expressed in CHO cells at -80 mV holding potential by whole cell patch clamp assay
CHEMBL4689681,29,29,IC50,2021.0,9,,Displacement of [35S]-MK499 binding to human ERG expressed in HEK293 cells incubated for 2 hrs by liquid scintillation counting method
CHEMBL1045843,29,29,IC50,2009.0,9,CHO-K1,Inhibition of wild type human ERG expressed in CHOK1 cells by whole-cell plate-based electrophysiology
CHEMBL3743005,29,29,Activity,2015.0,9,HEK293,Allosteric modulation of [3H]-dofetilide binding at Kv11.1 channel (unknown origin) expressed in HEK293 cells at 10 uM after 6 mins by scintillation spectrometer analysis relative to control
CHEMBL4614017,29,29,IC50,2020.0,9,,Inhibition of human ERG
CHEMBL1958785,29,16,IC50,2012.0,9,,Inhibition of human Erg by patch clamp assay
CHEMBL1924167,29,29,IC50|Ki,2011.0,9,,Inhibition of human ERG
CHEMBL948900,29,29,Ki,2008.0,9,,Binding affinity to human ERG
CHEMBL4221368,29,29,IC50,2018.0,9,,Inhibition of human ERG by patch clamp assay
CHEMBL4196392,28,28,Inhibition,2018.0,9,,Inhibition of human ERG at 10 uM incubated for 2 hrs by fluorescence polarisation assay relative to control
CHEMBL4054845,28,28,IC50,2017.0,9,,Inhibition of human ERG by flux-based assay
CHEMBL1248651,28,28,Ki,2010.0,9,,Displacement of [3H]-dofetilide from human ERG by scintillation proximity assay
CHEMBL2013639,28,28,Ki,2012.0,9,,Displacement of dofetilide from human ERG
CHEMBL1042690,28,27,Inhibition,2009.0,9,HEK293,Displacement of [35S]MK-0499 from human ERG expressed in HEK293 cells at 10 uM by FRET assay
CHEMBL5160040,28,19,IC50,2022.0,9,,Inhibition of hERG by Qpatch-clamp method
CHEMBL1107888,28,28,Inhibition,2010.0,9,,Inhibition of human ERG at 5 ug/mL by rubidium efflux assay
CHEMBL4706357,28,28,IC50,2020.0,9,,Inhibition of human ERG expressed in CHO cells at -40 mV holding potential by Q-patch clamp assay
CHEMBL853924,28,28,Activity,2006.0,9,,Activity at HERG potassium channel
CHEMBL1838313,28,28,Inhibition,2011.0,9,HEK293,Displacement of [3H]-dofetilide from human ERG channel expressed in HEK293 cells at 0.1 mM by scintillation counting
CHEMBL1105740,28,26,IC50,2010.0,9,HEK293,Displacement of [35S]MK499 from human ERG expressed in HEK293 cells
CHEMBL2216324,28,28,IC50,2012.0,9,HEK293,Displacement of [3H]-astemizole from human ERG expressed in HEK293 cells after 1 hr by scintillation counting analysis
CHEMBL2327304,28,28,IC50,2013.0,9,CHO-K1,Inhibition of human ERG expressed in CHO-K1 cells by electrophysiological assay
CHEMBL1025527,28,28,Activity,2009.0,9,,Inhibition of human ERG
CHEMBL906594,28,28,Inhibition,2007.0,9,CHO,Inhibition of hERG expressed in CHO cells at 1.5 ug/mL by rubidium efflux assay
CHEMBL947435,28,28,Activity|IC50,2008.0,9,,Inhibition of human ERG in embryonic kidney cells by radioligand-binding competition assay
CHEMBL5365151,27,27,IC50,2023.0,9,,Displacement of [3H]-dofetilite from human ERG (unknown origin)
CHEMBL2166761,27,27,IC50,2012.0,9,,Inhibition of human ERG by Ionworks assay
CHEMBL2210904,27,27,IC50,2012.0,9,,Inhibition of dofetilide binding to human ERG by patch clamp assay
CHEMBL5735271,27,9,IC50|k_off|kon,2020.0,9,,"Inhibiton Assay : hERG: The hERG inhibition study aims at quantifying the in vitro effects of compounds of the invention on the potassium-selective IKr current generated in normoxic conditions in stably transfected HEK 293 cells with the human ether-a-go-go-related gene (hERG).Whole-cell currents (acquisition by manual patch-clamp) elicited during a voltage pulse were recorded in baseline conditions and following application of tested compounds (5 minutes of exposure). The concentrations of tested compounds (0.3 μM; 3 μM; 10 μM; 30 μM) reflect a range believed to exceed the concentrations at expected efficacy doses in preclinical models.The pulses protocol applied is described as follow: the holding potential (every 3 seconds) was stepped from −80 mV to a maximum value of +40 mV, starting with −40 mV, in eight increments of +10 mV, for a period of 1 second. The membrane potential was then returned to −55 mV, after each of these incremented steps, for 1 second and finally repolarized to −80 mV for 1 second."
CHEMBL2182706,27,27,IC50,2012.0,9,CHO,Inhibition of human ERG expressed in CHO cells by IonWorks assay
CHEMBL4037910,27,27,Inhibition,2018.0,9,,Displacement of [3H]-dofetilide from human ERG expressed in HEK cell membranes at >10 uM after 60 to 90 mins by scintillation counting
CHEMBL4058412,27,27,Inhibition,2017.0,9,HEK293,Inhibition of human ERG expressed in HEK293 cells at 1 uM after 10 mins by whole cell patch clamp method relative to control
CHEMBL4312823,27,27,IC50,2019.0,9,,Displacement of Tracer Red from human ERG by fluorescence polarization assay
CHEMBL1260557,27,27,Ki,2010.0,9,,Displacement of [3H]dofetilide from human ERG
CHEMBL3825087,27,27,IC50,2016.0,9,CHO-K1,Inhibition of human ERG expressed in CHOK1 cells after 6 mins by electrophysiology assay
CHEMBL4354224,27,27,Inhibition,2019.0,9,HEK293,Inhibition of human ERG transfected in HEK293 cells at 10 uM by whole cell patch clamp assay relative to control
CHEMBL1042327,27,27,Inhibition,2009.0,9,,Inhibition of human ERG at 10 uM
CHEMBL3706049,27,27,IC50,2015.0,9,CHO,"Potassium Channel Assay: Drugs belonging to different classes have been shown to be associated with QT prolongation and in some cases serious ventricular arrhythmias. The most common mechanism for these adverse events is the inhibition of one or more cardiac potassium channels, in particular hERG. This current is important for cardiac myocyte repolarization and is a common target for drugs that prolong the QT interval. Test articles in this study were therefore characterized to determine their ability to inhibit the hERG channel. Ion channel activity was measured using a stably transfected Chinese Hamster Ovary (CHO) cell line expressing the hERG mRNA. The pharmacology of this cloned channel expressed in the CHO cell line is very similar to that observed in native tissue."
CHEMBL4809364,27,27,IC50,2021.0,9,,Inhibition of human ERG expressed in CHO-K1 cells by Qpatch clamp method
CHEMBL4431791,27,27,IC50,2016.0,9,,Inhibition of human ERG
CHEMBL1047320,27,23,IP|Ki,2009.0,9,HEK293,Displacement of [35S]MK499 from human ERG expressed in HEK293 cells
CHEMBL1115186,27,27,IC50,2010.0,9,,Inhibition of human ERG by patch clamp assay
CHEMBL2411831,27,27,IC50,2013.0,9,,Inhibition of human ERG
CHEMBL869839,27,27,Inhibition,2006.0,9,,Inhibition of hERG channel by rubidium efflux assay at 5 ug/ml
CHEMBL5238147,27,27,IC50,2023.0,9,,Inhibition of human ERG
CHEMBL2382572,27,23,IC50,2013.0,9,CHO,Inhibition of human ERG expressed in CHO cells
CHEMBL863591,27,27,Inhibition|Ki,2006.0,9,HEK293,Displacement of [3H]Astemizole from hERG expressed in HEK293 cells at 10 uM
CHEMBL2444437,27,21,Inhibition,2013.0,9,,Inhibition of human ERG at 10 uM
CHEMBL5734919,27,9,IC50|k_off|kon,2020.0,9,,"hERG Analysis-Method 2: The hERG potassium current was measured in a hERG-stably-expressing Chinese hamster ovary K1 (CHO) cells. The experiments were performed using an automated planar patch-clamp system QPATCH HT (Sophion Bioscience A/S). The application of pressure for forming gigaseals and whole-cell patch clamp configuration were established using the QPATCH assay software. Patch-clamp experiments were performed in voltage-clamp mode and whole-cell currents were recorded from individual cells. The following stimulation protocol was applied to investigate the effects of compounds on hERG potassium channel. The membrane potential was held at −80 mV and repetitively (every 15 s) depolarized to +20 mV for 5 s after the pulse to −50 mV for 20 ms served to define the baseline, followed by repolarizing step to −50 mV for 5 s to evaluate of the tail current amplitude. Experiments were conducted at room temperature (22±2° C.).Effects of compounds were determined from cumulative applications of increasing 4 concentrations and calculated as percent of blocked current. The data points were fitted with Hill equation to calculate half-maximal inhibition concentrations. The test solution includes:Extracellular solution (mM): 2 mM of CaCl2, 1 mM of MgCl2, 10 mM of HEPES, 4 mM of KCl, 145 mM of NaCl, and 10 mM of Glucose; andIntracellular solution (mM): 5.4 mM of CaCl2, 1.8 mM of MgCl2, 10 mM of HEPES, 31 mM of KOH, 10 mM of EGTA, 120 mM of KCl, and 4 mM of ATP."
CHEMBL5370215,27,26,IC50,2023.0,9,,Inhibition of hERG by electrophysiological analysis
CHEMBL4675513,27,27,IC50,2019.0,9,,Inhibition of human ERG by thallium flux assay
CHEMBL4675511,27,27,IC50,2019.0,9,,Inhibition of human ERG by Qpatch assay
CHEMBL1115187,27,27,Ki,2010.0,9,,Displacement of dofetilide from human ERG
CHEMBL1116908,27,27,Ki,2010.0,9,CHO,Displacement of [3H]dofetilide from human ERG expressed in CHO cells by patch clamp method
CHEMBL3119345,27,27,Inhibition,2014.0,9,,Inhibition of human ERG channel by Rb efflux assay
CHEMBL2032798,26,26,IC50,2012.0,9,,Inhibition of human ERG
CHEMBL1021966,26,26,IC50,2009.0,9,HEK293,"Displacement of [35S]N-[(4R)-1'-[(2R)-6-cyano-1,2,3,4-tetrahydro-2-naphthyl]-3,4-dihydro-4-hydroxyspiro[2H-1-benzopyran-2,4'-piperidin]6-yl]methanesulfonamide from human ERG expressed in HEK293 cells"
CHEMBL5360427,26,26,IC50|Inhibition,2024.0,9,,Inhibition of hERG
CHEMBL1291783,26,26,IC50,2010.0,9,,Displacement of [3H]-dofetilide from human hERG
CHEMBL3797009,26,26,IC50,2016.0,9,HEK293,Displacement of [35S]-MK499 from human ERG expressed in HEK293 cells
CHEMBL1036929,26,26,IC50,2009.0,9,HEK293,Displacement of [3H]dofetilide from human recombinant ERG expressed in HEK293 cells by patch clamp method
CHEMBL4195808,26,26,IC50,2018.0,9,,Inhibition of human ERG by fluorescence polarization assay
CHEMBL4825323,26,26,IC50,2021.0,9,,Inhibition of human ERG by patch clamp assay
CHEMBL5033455,26,26,IC50,2021.0,9,,Inhibition of hERG expressed in CHO cells by whole cell patch clamp assay
CHEMBL1033089,26,26,IC50,2008.0,9,,Inhibition of human ERG
CHEMBL6135841,26,25,IC25|IC50,2024.0,9,,Inhibition of human ERG stably overexpressed in HEK293 cells incubated for 30 mins by FLIPR assay
CHEMBL4037438,26,26,IC50,2018.0,9,,Inhibition of human ERG expressed in CHO cells at -80 mV holding potential by patch clamp assay
CHEMBL5048865,26,26,IC50,2022.0,9,,Inhibition of hERG by patch clamp method
CHEMBL1772211,26,26,IC50,2011.0,9,HEK293,Displacement of [35S]MK499 from human ERG expressed in HEK cells
CHEMBL1053229,26,26,IC50,2009.0,9,HEK293,Displacement of [35S]MK499 from human ERG potassium channel expressed in HEK293 cells
CHEMBL1275133,26,26,Ki,2010.0,9,HEK293,Displacement of [3H] dofetilide from human ERG channel expressed in HEK293 cells
CHEMBL5617770,25,25,Inhibition,2024.0,9,,Displacement of tracer from hERG extracted from membrane at 10 uM incubated for 2 hrs by fluorescence polarization assay
CHEMBL944827,25,25,Activity|Ki,2008.0,9,HEK293,Displacement of [3H]dofetilide from human ERG channel expressed in HEK293 cells
CHEMBL2024805,25,25,IC50,2012.0,9,CHO-K1,Displacement of [3H]Dofetilide from human ERG expressed in CHO-K1 cells by scintillation proximity assay
CHEMBL1036928,25,25,delta pIC50 wt-mutant,2009.0,9,CHO-K1,Inhibition of human recombinant ERG F656W mutant expressed in CHOK1 cells by whole-cell plate-based electrophysiology
CHEMBL1036927,25,25,delta pIC50 wt-mutant,2009.0,9,CHO-K1,Inhibition of human recombinant ERG F656T mutant expressed in CHOK1 cells by whole-cell plate-based electrophysiology
CHEMBL2215146,25,25,IC50|pIC50,2012.0,9,HEK293,"Displacement of 3,7-Bis[2-(4-nitro[3,5]-[3H]phenyl)ethyl]-3,7-diazabicyclo[3.3.1]nonane from human ERG expressed in HEK cells after 3hrs"
CHEMBL1036926,25,25,delta pIC50 wt-mutant,2009.0,9,CHO-K1,Inhibition of human recombinant ERG F656M mutant expressed in CHOK1 cells by whole-cell plate-based electrophysiology
CHEMBL954296,25,25,Ki,2009.0,9,HEK293,Displacement of [3H]dofetilide from human ERG expressed in HEK293 cells
CHEMBL4183120,25,25,IC50,2018.0,9,,Inhibition of human ERG expressed in CHOK1 cells for 5 mins at -80 mV holding potential by patch clamp method
CHEMBL1051701,25,24,IC50,2009.0,8,,Inhibition of IKr channel
CHEMBL3762972,25,25,IC50,2016.0,9,,Inhibition of human ERG channel by fluorescence polarization assay
CHEMBL1671552,25,25,Activity,2011.0,9,,Displacement of labeled dofetilide from human ERG at 3 uM
CHEMBL3755637,25,23,IC50,2015.0,9,,Displacement of MK499 from human ERG
CHEMBL1648563,25,25,IC50,2011.0,9,HEK293,"Displacement of [35S]N-[(4R)-10-[(2R)-6-cyano-1,2,3,4-tetrahydro-2-naphthyl]-3,4-dihydro-4-hydroxyspiro[2H-1-benzopyran-2,40-piperidin]-6-yl]methanesulfonamide from human ERG expressed in HEK293 cells"
CHEMBL4310495,25,25,Inhibition,2019.0,9,,Inhibition of human ERG at 10 uM relative to control
CHEMBL3226991,25,25,IC50,2013.0,9,,Inhibition of human ERG
CHEMBL1112305,25,25,IC50,2009.0,9,,Inhibition of human ERG
CHEMBL5163410,25,25,IC50,2022.0,9,,Inhibition of human ERG potassium channel expressed in CHO cells by patch-clamp assay
CHEMBL2320519,25,25,IC50,2013.0,9,,Inhibition of human ERG assessed as [3H]astemizole binding activity
CHEMBL886667,25,23,Ki,2007.0,9,HEK293,Displacement of [3H]dofetilide from hERG expressed in HEK cells
CHEMBL3227234,25,25,IC50,2013.0,9,,Inhibition of human ERG
CHEMBL1054533,25,25,Inhibition,2009.0,9,HEK293,Inhibition of human ERG expressed in HEK cells at 30 uM
CHEMBL1054534,25,25,Inhibition,2009.0,9,HEK293,Inhibition of human ERG expressed in HEK cells at 300 uM
CHEMBL944378,25,22,IC50,2008.0,9,CHO,Inhibition of human ERG expressed in CHO cells
CHEMBL1036922,25,25,delta pIC50 wt-mutant,2009.0,9,CHO-K1,Inhibition of human recombinant ERG S624A mutant expressed in CHOK1 cells by whole-cell plate-based electrophysiology
CHEMBL1036924,25,25,delta pIC50 wt-mutant,2009.0,9,CHO-K1,Inhibition of human recombinant ERG Y652A mutant expressed in CHOK1 cells by whole-cell plate-based electrophysiology
CHEMBL1036923,25,25,delta pIC50 wt-mutant,2009.0,9,CHO-K1,Inhibition of human recombinant ERG S624T mutant expressed in CHOK1 cells by whole-cell plate-based electrophysiology
CHEMBL1036925,25,25,delta pIC50 wt-mutant,2009.0,9,CHO-K1,Inhibition of human recombinant ERG Y652F mutant expressed in CHOK1 cells by whole-cell plate-based electrophysiology
CHEMBL4822453,25,25,Inhibition,2021.0,9,,Inhibition of human ERG at 10 uM
CHEMBL1045845,25,25,delta pIC50 wt-mutant,2009.0,9,CHO-K1,Inhibition of human recombinant ERG T623S mutant expressed in CHOK1 cells by whole-cell plate-based electrophysiology
CHEMBL6076792,25,25,IC50,2025.0,9,,Inhibition of human ERG expressed in CHO cells at -80 mV holding potential measured for 7 to 10 mins by automated patch clamp method
CHEMBL2060137,24,24,IC50,2012.0,9,CHO,Inhibition of human ERG expressed in CHO cells after 30 mins by Rb+ flux assay
CHEMBL2328742,24,24,IC50,2013.0,9,,Inhibition of human ERG
CHEMBL5731943,24,8,IC50|k_off|kon,2017.0,9,,"hERG Patch Clamp Assay: All testing was carried out in CHO cells transfected with the hERG gene purchased from Millipore (PrecisION hERG-CHO Recombinant Cell Line CYL3038). The cell line was grown in DMEM/F-12, GlutaMAX¿ with 10% fetal bovine serum, 1% Penicillin-Streptomycin, 1% Geneticin and 1% of 1M HEPES buffer solution, and maintained at approximately 37° C. in a humidified atmosphere containing 5% carbon dioxide. The cells were passaged every 3-5 days based on confluency. On the day of the experiment, 50%-80% confluent cells were harvested from a 175 cm2 culture flask using Detachin¿. After 10 minutes of exposure to Detachin¿ at 37° C., the cells were centrifuged for 1 minute at 1000 RPM. The supernatant was removed and the cell pellet was reconstituted in 5-8 mL of serum free media with 2.5% of 1M HEPES, placed on the Qstirrer¿, and allowed to recover. After a ¿30 minute recovery period, experiments were initiated."
CHEMBL5381577,24,24,IC50,2023.0,9,,Inhibition of human ERG tail current by plate-based planar patch clamp method
CHEMBL2186062,24,24,IC50,2012.0,9,CHO,Inhibition of human ERG expressed in CHO cells by IonWorks assay
CHEMBL5731381,24,8,IC50|k_off|kon,2017.0,9,,"hERG Channel Inhibition: The assay was performed on hERG channel stably expressed in HEK293 cells. The cells were cultured at 37° C. in a humidified CO2 incubator in the growth medium consisting of DMEM, 10% fetal bovine serum and antibiotics. Prior to the assay, the cells were seeded onto a 12 mm PDL-coated glass coverslip and cultured in a 35 mm Petri dish. After 16 to 40 hr culture, the cover slip was transferred into the chamber of OctaFlow perfusion system (ALA Instrument) and under a constant flow of extracellular solution (140 mM NaCl, 4 mM KCl, 1 mM MgCl2, 2 mM CaCl2, 10 mM HEPES, 10 mM D-glucose, pH 7.35, osmolarity 290). Whole cell patch clamping was performed with a glass micropipette filled with intracellular solution (120 mM KCl, 1.75 mM MgCl2, 5.4 mM CaCl2, 10 mM HEPES, 10 mM EGTA, and 4 mM ATP-K2, PH 7.2, osmolarity 310). Giga-seal was maintained during the test. The voltage control and current measurement were carried out using Axon amplifier 700B, Digidata 1440A and CLAMPEX10 software (Molecular Devices). Whole-cell hERG currents were recorded following the Petroski protocol: the cell was held at −80 mV, and the voltage step jumped from −80 to 30 mV and stay for 2 sec with a 20 ms prepulse at −40 mV. After depolarization, the voltage was decreased to −40 mV and stay for 2 sec, and returned back to −80 mV. Test compound was applied by quartz capillary tubes tip (200 μm inner diameter), and the flow rate was controlled at 2-3 mL/min with OctaFlow perfusion system. Different concentrations of the compound were applied to the cells for 5 min and the hERG current was measured three times before, during and after compound treatment."
CHEMBL5733885,24,8,IC50|k_off|kon,2018.0,9,,"Inhibition Assay: The assay was performed on hERG channel stably expressed in HEK293 cells. The cells were cultured at 37° C. in a humidified CO2 incubator in the growth medium consisting of DMEM, 10% fetal bovine serum and antibiotics. Prior to the assay, the cells were seeded onto a 12 mm PDL-coated glass coverslip and cultured in a 35 mm Petri dish. After 16 to 40 hr culture, the cover slip was transferred into the chamber of OctaFlow perfusion system (ALA Instrument) and under a constant flow of extracellular solution (140 mM NaCl, 4 mM KCl, 1 mM MgCl2, 2 mM CaCl2, 10 mM HEPES, 10 mM D-glucose, pH 7.35, osmolarity 290). Whole cell patch clamping was performed with a glass micropipette filled with intracellular solution (120 mM KCl, 1.75 mM MgCl2, 5.4 mM CaCl2, 10 mM HEPES, 10 mM EGTA, and 4 mM ATP-K2, PH 7.2, osmolarity 310). Giga-seal was maintained during the test. The voltage control and current measurement were carried out using Axon amplifier 700B, Digidata 1440A and CLAMPEX10 software (Molecular Devices). Whole-cell hERG currents were recorded following the Petroski protocol: the cell was held at −80 mV, and the voltage step jumped from −80 to 30 mV and stay for 2 sec with a 20 ms prepulse at −40 mV. After depolarization, the voltage was decreased to −40 mV and stay for 2 sec, and returned back to −80 mV. Test compound was applied by quartz capillary tubes tip (200 μm inner diameter), and the flow rate was controlled at 2-3 mL/min with OctaFlow perfusion system. Different concentrations of the compound were applied to the cells for 5 min and the hERG current was measured three times before, during and after compound treatment."
CHEMBL5733108,24,6,IC50|k_off|kon,2019.0,9,,"hERG Channel Inhibition: The assay was performed on hERG channel stably expressed in HEK293 cells. The cells were cultured at 37° C. in a humidified CO2 incubator in the growth medium consisting of DMEM, 10% fetal bovine serum and antibiotics. Prior to the assay, the cells were seeded onto a 12 mm PDL-coated glass coverslip and cultured in a 35 mm Petri dish. After 16 to 40 hr culture, the cover slip was transferred into the chamber of OctaFlow perfusion system (ALA Instrument) and under a constant flow of extracellular solution (140 mM NaCl, 4 mM KCl, 1 mM MgCl2, 2 mM CaCl2, 10 mM HEPES, 10 mM D-glucose, pH 7.35, osmolarity 290). Whole cell patch clamping was performed with a glass micropipette filled with intracellular solution (120 mM KCl, 1.75 mM MgCl2, 5.4 mM CaCl2, 10 mM HEPES, 10 mM EGTA, and 4 mM ATP-K2, PH 7.2, osmolarity 310). Giga-seal was maintained during the test. The voltage control and current measurement were carried out using Axon amplifier 700B, Digidata 1440A and CLAMPEX10 software (Molecular Devices). Whole-cell hERG currents were recorded following the Petroski protocol: the cell was held at −80 mV, and the voltage step jumped from −80 to 30 mV and stay for 2 sec with a 20 ms prepulse at −40 mV. After depolarization, the voltage was decreased to −40 mV and stay for 2 sec, and returned back to −80 mV. Test compound was applied by quartz capillary tubes tip (200 μm inner diameter), and the flow rate was controlled at 2-3 ml/min with OctaFlow perfusion system. Different concentrations of the compound were applied to the cells for 5 min and the hERG current was measured three times before, during and after compound treatment. The data were analyzed using Clampfit 10 software (Molecular Devices) to generate IC50 values."
CHEMBL5347182,24,24,IC50,2022.0,9,,Inhibition of human recombinant hERG expressed in CHO-K1 cells assessed as inhibition of channel current by automated patch clamp assay
CHEMBL1174018,24,24,Inhibition,2010.0,9,,Inhibition of human ERG at 1 uM
CHEMBL3294033,24,24,IC50,2014.0,9,,Inhibition of human ERG by patch clamp electrophysiological analysis
CHEMBL886338,24,24,Ki,2007.0,9,,Displacement of [3H]dofetilide from human ERG by fliter binding assay
CHEMBL865039,24,23,Ki,2006.0,9,HEK293,Binding affinity to hERG stably transfected in HEK293 cells
CHEMBL1786160,24,22,IC50,2011.0,9,,Displacement of labeled dofetilide from human ERG
CHEMBL5734394,24,8,IC50|k_off|kon,2019.0,9,,"Inhibition Assay: hERG: The assay was performed on hERG channel stably expressed in HEK293 cells. The cells were cultured at 37° C. in a humidified CO2 incubator in the growth medium consisting of DMEM, 10% fetal bovine serum and antibiotics. Prior to the assay, the cells were seeded onto a 12 mm PDL-coated glass coverslip and cultured in a 35 mm Petri dish. After 16 to 40 hr culture, the cover slip was transferred into the chamber of OctaFlow perfusion system (ALA Instrument) and under a constant flow of extracellular solution (140 mM NaCl, 4 mM KCl, 1 mM MgCl2, 2 mM CaCl2, 10 mM HEPES, 10 mM D-glucose, pH 7.35, osmolarity 290). Whole cell patch clamping was performed with a glass micropipette filled with intracellular solution (120 mM KCl, 1.75 mM MgCl2, 5.4 mM CaCl2, 10 mM HEPES, 10 mM EGTA, and 4 mM ATP-K2, PH 7.2, osmolarity 310). Giga-seal was maintained during the test. The voltage control and current measurement were carried out using Axon amplifier 700B, Digidata 1440A and CLAMPEX10 software (Molecular Devices). Whole-cell hERG currents were recorded following the Petroski protocol: the cell was held at −80 mV, and the voltage step jumped from −80 to 30 mV and stay for 2 sec with a 20 ms prepulse at −40 mV. After depolarization, the voltage was decreased to −40 mV and stay for 2 sec, and returned back to −80 mV. Test compound was applied by quartz capillary tubes tip (200 μm inner diameter), and the flow rate was controlled at 2-3 mL/min with OctaFlow perfusion system. Different concentrations of the compound were applied to the cells for 5 min and the hERG current was measured three times before, during and after compound treatment."
CHEMBL866525,24,22,Inhibition,2006.0,9,,Displacement of [35S]-labeled MK499 from hERG at 10 uM
CHEMBL1764797,24,22,IC50,2011.0,9,HEK293,Displacement of [3H]-dofetilide from human ERG expressed in human HEK293 cells after 90 mins by scintillation counting
CHEMBL1055806,24,24,Inhibition,2009.0,9,,Inhibition of human ERG at 3 uM by patch clamp assay
CHEMBL1174019,24,24,Inhibition,2010.0,9,,Inhibition of human ERG at 10 uM
CHEMBL4021976,24,24,Inhibition,2017.0,9,,Inhibition of human ERG expressed in HEK cells at 10 uM at -75 mV holding potential by Whole-cell voltage clamp assay relative to control
CHEMBL768699,24,24,Ki,2001.0,9,HEK293,Displacement of [3H]dofetilide from HEK cells expressing hERG voltage dependent IKr potassium channel Kv11.1
CHEMBL1954401,24,24,IC50,2012.0,9,,Inhibition of human ERG by dofetilide binding assay
CHEMBL1924405,24,24,Inhibition,2011.0,9,,Inhibition of human ERG at 10 uM by rubidium efflux assay
CHEMBL2014817,24,24,IC50,2011.0,9,,Binding affinity to human ERG
CHEMBL1273916,23,23,Inhibition,2010.0,9,,Inhibition of human ERG at 30 uM
CHEMBL1273917,23,23,Inhibition,2010.0,9,,Inhibition of human ERG at 300 uM
CHEMBL924360,23,22,Inhibition,2007.0,9,,Displacement of [35S]MK-0499 from hERG at 10 uM
CHEMBL2026860,23,23,IC50,2012.0,9,CHO-K1,Displacement of [3H]Dofetilide from human ERG expressed in CHO-K1 cells by scintillation proximity assay
CHEMBL4376105,23,23,Inhibition,2019.0,9,,Displacement of tracer red from human ERG at 10 uM by fluorescence polarization assay relative to control
CHEMBL682905,23,23,IP,2004.0,8,HEK293,In vitro inhibition of MK-499 binding to hERG in HEK293 cells
CHEMBL3607786,23,21,IC50,2015.0,9,,Inhibition of MK499 binding to human ERG
CHEMBL1670069,23,23,Inhibition,2011.0,9,HEK293,Displacement of dofetilide from human ERG transfected in HEK293 cells by fluorescence polarization assay
CHEMBL3888930,23,23,IC50,2016.0,8,Sf9,"Inhibition Assay: The hERG inhibition study aims at quantifying the in vitro effects of compounds of the invention on the potassium-selective IKr current generated in normoxic conditions in stably transfected HEK 293 cells with the human ether-a-go-go-related gene (hERG). Whole-cell currents (acquisition by manual patch-clamp) elicited during a voltage pulse were recorded in baseline conditions and following application of tested compounds (5 minutes of exposure). The concentrations of tested compounds (0.3 μM; 3 μM; 10 μM; 30 μM) reflect a range believed to exceed the concentrations at expected efficacy doses in preclinical models. The pulses protocol applied is described as follow: the holding potential (every 3 seconds) was stepped from −80 mV to a maximum value of +40 mV, starting with −40 mV, in eight increments of +10 mV, for a period of 1 second. The membrane potential was then returned to −55 mV, after each of these incremented steps, for 1 second and finally repolarized to −80 mV for 1 second."
CHEMBL6157358,23,23,INH|Inhibition,2025.0,9,,Inhibition of hERG expressed in HEK293 cells at 10 uM by patch clamp assay relative to control
CHEMBL2091536,23,23,Inhibition,2012.0,9,HEK293,Displacement of [3H]astemizole from human hERG transfected in HEK293 cells at 10 uM after 1 hr by scintillation counter
CHEMBL5373257,23,23,Inhibition,2023.0,9,,Inhibition of human ERG expressed in HEK293 cells at 30 uM at -80 mV holding potential by whole-cell patch clamp method
CHEMBL2396015,23,23,Inhibition,2013.0,9,HEK293,Displacement of [35S]-MK0499 from human ERG expressed in HEK293 cell membranes at 10 uM after 2 hrs by liquid scintillation counting analysis relative to control
CHEMBL2216323,23,23,Inhibition,2012.0,9,HEK293,Inhibition of human ERG expressed in HEK-293 cells assessed as K+-selective outward current at 3 uM at -80 mV holding potential after 5 mins by voltage patch-clamp method
CHEMBL5373258,23,23,Inhibition,2023.0,9,,Inhibition of human ERG expressed in HEK293 cells at 10 uM at -80 mV holding potential by whole-cell patch clamp method
CHEMBL1110020,23,23,Ki,2010.0,9,HEK293,Displacement of [3H]dofetolide from human ERG channel expressed in HEK293 cells by liquid scintillation counting
CHEMBL4825561,23,23,IC50,2021.0,9,,Inhibition of ERG in human VCaP cells after 48 hrs by Western blotting analysis
CHEMBL3296720,23,23,IC50,2014.0,9,,Inhibition of human ERG
CHEMBL4724814,23,21,Inhibition,2021.0,9,,Inhibition of human ERG expressed in CHO cells at 10 uM incubated for 5 mins by patch-clamp assay relative to control
CHEMBL1048874,23,23,Ki,2009.0,9,HEK293,Displacement of [3H]dofetilide from human ERG expressed in HEK293 cells
CHEMBL984535,23,23,IC50,2008.0,9,HEK293,Displacement of [35S]MK-499 from human ERG expressed in HEK293 cells
CHEMBL682313,22,22,Ki,2004.0,8,,Binding affinity towards human ERG potassium ion channel was determined
CHEMBL3366645,22,22,IC50,2014.0,9,,Inhibition of human ERG by electrophysiology assay
CHEMBL867368,22,22,Activity,2006.0,9,,Binding affinity to iKr potassium channel
CHEMBL4841563,22,22,IC50,2021.0,9,,Inhibition of human ERG expressed in CHO-K1 cells with holding potential -80 mV incubated for 5 mins by patch-clamp assay
CHEMBL1275178,22,22,Inhibition,2010.0,9,,Inhibition of human ERG
CHEMBL949251,22,22,IC50,2008.0,9,HEK293,Inhibition of human ERG potassium current expressed in HEK293 cells by patch-clamp technique
CHEMBL4157558,22,22,Inhibition,2018.0,9,,Inhibition of human ERG expressed in CHOK1 cells at 30 uM incubated for 600 secs at -80 mV holding potential by automated patch clamp assay relative to control
CHEMBL4057949,22,22,IC50,2017.0,9,,Inhibition of human ERG by [35S]-MK499 displacement or iKr channel assay
CHEMBL4004312,22,22,IC50,2017.0,9,HEK293,Displacement of [35S]MK499 from human ERG expressed in HEK293 cells
CHEMBL4047735,22,21,IC50,2017.0,9,,Displacement of [3H]-Dofetilide from recombinant human ERG expressed in CHOK1 cell membranes incubated for 4 hrs under dark condition by luminescence assay
CHEMBL3869650,22,22,IC50,2016.0,9,,Inhibition of human ERG by electrophysiology method
CHEMBL3602726,22,22,Inhibition,2015.0,9,,Inhibition of human ERG at 1 uM by patch clamp assay
CHEMBL3611641,22,22,IC50,2015.0,9,HEK293,Binding affinity to human ERG expressed in HEK cells by MK-499 radioligand displacement assay
CHEMBL4414323,22,22,Inhibition,2019.0,9,,Inhibition of human ERG at 10 uM relative to control
CHEMBL4409081,22,11,IC50|pIC50,2019.0,9,HEK293,Inhibition of human ERG expressed in HEK293 cells incubated for 72 hrs by patch clamp assay
CHEMBL3404543,22,20,IC50,2015.0,9,,Inhibition of human ERG by MK499 binding assay
CHEMBL3404544,22,20,IC50,2015.0,9,CHO,Inhibition of human ERG expressed in CHO cells by Patch express assay
CHEMBL1913067,22,18,Inhibition,2011.0,9,,Inhibition of human ERG at 10 uM by patch clamp assay
CHEMBL2186472,22,22,Inhibition,2012.0,9,HEK293,Inhibition of human ERG expressed in HEK293 cells at 3 uM by patch clamp assay
CHEMBL3383394,22,22,IC50,2014.0,9,,Inhibition of human ERG by patch clamp based electrophysiology method
CHEMBL4619017,21,21,IC50,2020.0,9,,Displacement of Tracer Red from human ERG by fluorescence polarization assay
CHEMBL3395117,21,21,Ki,2015.0,9,HEK293,Displacement of [3H]dofetilide from human ERG expressed in HEK293 cells
CHEMBL6087168,21,21,IC50,2024.0,9,,Inhibition of hERG expressed in CHO cells assessed as inhibition of channel current by automated Qpatch clamp analysis
CHEMBL2318058,21,21,Inhibition,2013.0,9,,Displacement of [3H]dofetilide from human ERG at 10 uM
CHEMBL5133360,21,20,EC50,2022.0,9,,Inhibition of hERG by fluorescence polarization assay
CHEMBL3223963,21,21,Inhibition,2011.0,9,,Inhibition of dofetilide binding to human ERG at 10 uM relative to control
CHEMBL1048092,21,15,IC50|Inhibition,2009.0,9,L929,Inhibition of human ERG in L929 cells at 10 uM by whole cell patch-clamp assay
CHEMBL5739517,21,7,Ki|k_off|kon,2023.0,9,,"In-Vitro Safety Profile-Testing the Selectivity Over hErg: Inhibition of the ion channel hErg (or Kv11.1) current causes QT interval prolongation resulting in potentially fatal ventricular tachyarrhythmia called Torsade de Pointes. This is one of the major causes of cardiotoxicity and hErg channel activity is usually evaluated early in the drug development process to mitigate cardiotoxicity risk.hERG ion channel activity was assessed using a patch clamp technique in stable Kv11.1 (hERG) transfected human embryonic kidney cell line (HEK293). Whole cell recordings were carried out with an automated patch clamp device Patchliner™ from Nanion Technologies, Munich following manufacturer recommendation. Different concentrations of the test compound or reference, quinidine, were applied to whole cells suspension and current was measured using a pulse pattern with fixed amplitudes. The effect on Kv11.1 (hERG) ion channel activity was judged from the tail current amplitude and Changes in Kv11.1 (hERG) ion channel activity between control value (defined as 100%) and test compound and reported as percent change of control value of COI."
CHEMBL3240911,21,21,IC50,2014.0,9,CHO,Inhibition of human ERG expressed in CHO cells by patch clamp method
CHEMBL4723228,21,21,IC50,2020.0,9,,Inhibition of human ERG channel in presence of dofetilide by competition binding assay
CHEMBL4810581,21,21,Inhibition,2021.0,9,,Inhibition of human ERG expressing CHO-K1 cells assessed as peak tail current measured at holding potential at -80 mV at 10 uM incubated for 5 mins by Auto-patch clamp assay
CHEMBL832277,21,21,IC50,2005.0,9,,Inhibition of human voltage-gated potassium channel subunit Kv11.1 (ERG K+ channel) in open state
CHEMBL4433750,21,21,Inhibition,2019.0,9,,Inhibition of human ERG at 10 uM after 2 hrs by fluorescence polarization assay
CHEMBL2020695,21,21,Ki,2012.0,9,,Binding affinity to human Erg
CHEMBL972465,21,21,IC50,2009.0,9,HEK293,Displacement of [35S]MK499 from human ERG expressed in HEK293 cells
CHEMBL1943910,21,21,IC50,2012.0,9,,Inhibition of human Erg
CHEMBL1293148,21,21,Ki,2010.0,9,CHO,Displacement of [3H]-dofetilide in human hERG expressed in CHO cells by proximity assay
CHEMBL819364,21,21,Ki,2004.0,9,,Binding affinity against hERG Voltage-gated potassium channel subunit Kv11.1
CHEMBL4260925,21,21,IC50,2018.0,9,,Displacement of [3H]-dofetilide from human ERG expressed in CHO cell membranes after 90 mins by micro-beta counting
CHEMBL1225828,21,21,Inhibition,2010.0,9,,Displacement of [35S]MK4099 from human ERG channel at 10 uM
CHEMBL3866778,21,21,Inhibition,2016.0,9,HEK293,Inhibition of human ERG expressed in HEK293 cells assessed as decrease in channel current at 3 uM after 3 mins at -80 mV holding potential by automated patch-clamp electrophysiology assay
CHEMBL3866779,21,21,Inhibition,2016.0,9,HEK293,Inhibition of human ERG expressed in HEK293 cells assessed as decrease in channel current at 10 uM after 3 mins at -80 mV holding potential by automated patch-clamp electrophysiology assay
CHEMBL1838283,21,21,IC50|pIC50,2011.0,9,CHO-K1,Inhibition of human ERG expressed in CHO-K1 cells after 2 hrs by Cy3b-Dofetilide-based fluorescence polarisation assay
CHEMBL2379703,21,21,Ki|pKi,2013.0,9,,Displacement of [3H]astemizole from human ERG channel
CHEMBL910704,21,21,Ki,2006.0,9,HEK293,Displacement of labeled MK499 from cloned hERG potassium channel expressed in HEK cells
CHEMBL2346009,21,21,Inhibition,2013.0,9,,Inhibition of human ERG channel at 10 uM by patch clamp method
CHEMBL1780626,21,21,IC50,2011.0,9,,Inhibition of human ERG by HT patch clamp assay
CHEMBL3866780,21,21,Inhibition,2016.0,9,HEK293,Inhibition of human ERG expressed in HEK293 cells assessed as decrease in channel current at 30 uM after 3 mins at -80 mV holding potential by automated patch-clamp electrophysiology assay
CHEMBL4188047,20,20,Inhibition,2018.0,9,,Inhibition of human ERG at 10 uM relative to control
CHEMBL3858850,20,20,Inhibition,2016.0,9,HEK293,Inhibition of human ERG expressed in HEK293 cells assessed as reduction in maximal tail current at 3 uM and holding potential of -60 mV measured after 5 mins by patch-clamp assay
CHEMBL4195906,20,20,IC50,2018.0,9,,Inhibition of human ERG by cell based automated patch clamp method
CHEMBL989030,20,20,IC50,2008.0,9,HEK293,Inhibition of human ERG channel in HEK293 cells by voltage-clamp method
CHEMBL5034164,20,20,IC50,2021.0,9,,Inhibition of human ERG by patch clamp electrophysiology assay
CHEMBL4671572,20,20,IC50,2020.0,9,,Inhibition of human ERG
CHEMBL1108890,20,20,IC50,2010.0,9,,Inhibition of human ERG
CHEMBL5146134,20,20,IC50,2022.0,9,,Inhibition of human ERG by Ionworks electrophysiology assay
CHEMBL1781193,20,20,IC50,2011.0,9,CHO-K1,Inhibition of human ERG expressed in CHOK1 cells electrophysiology study
CHEMBL1061548,20,20,IC50,2009.0,9,HEK293,Inhibition of [35S]MK499 binding to human ERG transfected in HEK293 cells by microscintillation counting
CHEMBL5588210,20,20,Inhibition,2024.0,9,,Inhibition of human ERG at 20 uM relative to control
CHEMBL889315,20,20,Ki,2007.0,9,HEK293,Displacement of [3H]dofetilide from hERG expressed in HEK293 cells by SPA
CHEMBL841905,20,20,IP,2001.0,9,HEK293,Inhibition of [35S]MK-499 binding to human ERG potassium channel stably expressed in HEK293 cells
CHEMBL1764269,20,20,Ki,2011.0,9,,Binding affinity to human ERG
CHEMBL3226599,20,20,IC50,2012.0,9,CHO,Displacement of [3H]dofetilide from human ERG expressed in CHO cells after 30 mins by FluxOR thallium assay
CHEMBL1919743,20,20,IC50,2011.0,9,,Inhibition of human ERG by ionworks HT assay
CHEMBL2318750,20,20,Inhibition,2013.0,9,,Inhibition of human ERG at 10 uM
CHEMBL2034394,20,20,IC50,2012.0,9,,Inhibition of human ERG by IonWorks assay
CHEMBL963244,20,20,Ki,2009.0,9,,Inhibition of human ERG
CHEMBL981950,20,20,IC50,2008.0,9,HEK293,Displacement of [3H]astemizole from human ERG potassium channel expressed in HEK293 cell membrane
CHEMBL4137526,20,20,IC50,2018.0,9,,Inhibition of radioligand binding to human ERG expressed in HEK293 cell membranes by scintillation counting method
CHEMBL976148,20,20,Ki,2009.0,9,CHO,Displacement of [3H]dofetilide human ERG expressed in CHO cells
CHEMBL3610296,19,19,IC50,2015.0,9,,Inhibition of human ERG by IonWorks assay
CHEMBL3598727,19,19,IC50,2015.0,9,,Inhibition of [35S]MK499 binding to human ERG channel
CHEMBL4326143,19,19,IC50,2018.0,9,CHO,Inhibition of human ERG expressed in CHO cells at holding potential of -90 mV by QPatch clamp method
CHEMBL4051672,19,19,Inhibition,2017.0,9,,Inhibition of human ERG expressed in CHO cells at 10 uM after 3 mins at -80 mV holding potential by Qpatch assay
CHEMBL1648352,19,19,IC50,2011.0,9,HEK293,Displacement of radiolabeled MK-499 from human ERG expressed in HEK293 cells
CHEMBL956578,19,19,IC50,2008.0,9,HEK293,Displacement of [35S]MK499 from human ERG expressed in HEK293 cells
CHEMBL1219227,19,19,Inhibition,2010.0,9,HEK293,Inhibition of human ERG expressed in HEK293 cells at 30 uM by patch clamp assay
CHEMBL1219226,19,19,Inhibition,2010.0,9,HEK293,Inhibition of human ERG expressed in HEK293 cells at 3 uM by patch clamp assay
CHEMBL948532,19,17,IC50,2008.0,9,HEK293,Displacement of [35S]MK499 from human ERG K+ channel expressed in HEK293 cells
CHEMBL2350555,19,19,IC50,2013.0,9,,Inhibition of human ERG channel
CHEMBL2411001,19,19,Inhibition,2013.0,9,,Inhibition of human ERG channel at 10 uM by ionworks assay relative to control
CHEMBL5578846,19,19,IC50,2024.0,9,,Inhibition of human ERG by manual patch clamp method
CHEMBL5531274,19,19,IC50,2024.0,9,,Inhibition of human ERG expressed in CHO cells incubated for 7 to 10 mins by automated whole-cell patch clamp recordings
CHEMBL2338825,19,19,IC50,2013.0,9,,Inhibition of human ERG
CHEMBL2044875,19,19,Inhibition,2012.0,9,HEK293,Inhibition of human ERG expressed in HEK293 cells at 10 uM by patch clamp assay
CHEMBL1051852,19,19,Inhibition,2009.0,9,CHO-K1,Inhibition of human ERG potassium channel expressed in CHO-K1 cells at 3 uM by whole cell voltage clamp assay
CHEMBL886903,19,19,IC50,2007.0,9,HEK293,Displacement of [3H]dofetilide from hERG expressed in HEK293 cell membrane
CHEMBL2073369,19,19,IC50,2012.0,9,,Inhibition of human ERG
CHEMBL1063073,19,19,Inhibition,2009.0,9,,Inhibition of human ERG channel at 5 uM by rubidium efflux assay
CHEMBL1022012,19,19,Inhibition,2009.0,9,HEK293,Displacement of [3H]dofetilide from human ERG expressed in HEK293 cells at 10 uM
CHEMBL5252391,19,19,Inhibition,2023.0,9,,Inhibition of hERG at 100 uM
CHEMBL3396464,19,19,Ki,2015.0,9,HEK293,Displacement of [3H]-dofetilide from human ERG expressed in HEK293 cell membranes after 90 mins by liquid scintillation counting method
CHEMBL4706796,19,18,IC50,2016.0,9,,Inhibition of human ERG by patch clamp electrophysiology assay
CHEMBL2214096,19,19,Inhibition,2012.0,9,,Inhibition of human ERG at 10 uM by cell-based electrophysiology assay
CHEMBL4701493,19,19,IC50,2020.0,9,,Inhibition of human ERG assessed as tail current by plate-based planar patch clamp assay
CHEMBL4775388,19,19,Ki,2021.0,9,,Binding affinity to human ERG by dofetilide fluorescence polarization binding assay
CHEMBL5152033,19,19,IC50,2021.0,9,,Inhibition of human ERG
CHEMBL1762952,19,19,Ki,2011.0,9,HEK293,Displacement of [3H]-dofetilide from human ERG expressed in HEK293 cells
CHEMBL816205,19,19,Ki,2002.0,9,HEK293,Displacement of [3H]-dofetilide to HEK cells stably expressing hERG voltage-gated IKr potassium channel Kv11.1
CHEMBL4701902,18,18,IC50,2020.0,9,,Inhibition of human ERG by Q-patch assay
CHEMBL1036648,18,18,IC50,2008.0,9,HEK293,Inhibition of human ERG channel in HEK293 cells by voltage-clamp method
CHEMBL5351164,18,17,Inhibition,2023.0,9,,Inhibition of hERG at 1 uM relative to control
CHEMBL2021109,18,18,Inhibition,2012.0,9,HEK293,Inhibition of human ERG expressed in HEK293 cells at 1 uM by voltage clamp electrophysiology assay
CHEMBL5097928,18,18,IC50,2021.0,9,,Inhibition of hERG potassium channel assessed as maximum inhibition rate at -80 mV holding potential incubated for 120 seconds by whole cell-automated voltage clamp analysis assay
CHEMBL3129034,18,18,IC50,2013.0,9,,Inhibition of human ERG by patch clamp electrophysiology
CHEMBL2039336,18,18,Activity,2012.0,9,CHO,Inhibition of human ERG expressed in CHO cells assessed as remaining activity at 10 uM by fluorescence-based assay
CHEMBL1064182,18,18,Ki,2009.0,9,,Binding affinity to human ERG potassium channel
CHEMBL5731265,18,6,IC50|k_off|kon,2018.0,9,,"hERG Channel Inhibition: The assay was performed on hERG channel stably expressed in HEK293 cells. The cells were cultured at 37° C. in a humidified CO2 incubator in the growth medium consisting of DMEM, 10% fetal bovine serum and antibiotics. Prior to the assay, the cells were seeded onto a 12 mm PDL-coated glass coverslip and cultured in a 35 mm Petri dish. After 16 to 40 hr culture, the cover slip was transferred into the chamber of OctaFlow perfusion system (ALA Instrument) and under a constant flow of extracellular solution (140 mM NaCl, 4 M KCl, 1 mM MgCl2, 1 mM CaCl2, 10 mM HEPES, 10 mM D-glucose, pH 7.35, osmolarity 290). Whole cell patch clamping was performed with a glass micropipette filled with intracellular solution (120 mM KCl, 1.75 mM MgCl2, 10 mM HEPES, 10 mM EGTA, and 4 mM ATP-K2, PH 7.2, osmolarity 300). Giga-seal was maintained during the test. The voltage control and current measurement were carried out using Axon amplifier 700B, Digidata 1440A and CLAMPEX10 software (Molecular Devices). Whole-cell hERG currents were recorded following the Petroski protocol: the cell was held at −80 mV, and the voltage step jumped from −80 to 30 mV and stay for 2 sec with a 20 ms prepulse at −40 mV. After depolarization, the voltage was decreased to −40 mV and stay for 2 sec, and returned back to −80 mV. Test compound was applied by quartz capillary tubes tip (200 μm inner diameter), and the flow rate was controlled at 2-3 ml/min with OctaFlow perfusion system. Different concentrations of the compound were applied to the cells for 5 min and the hERG current was measured three times before, during and after compound treatment. The data were analyzed using Clampfit 10 software (Molecular Devices). Results are shown in the table below."
CHEMBL1816746,18,18,IC50,2011.0,9,CHO,Inhibition of human ERG expressed in CHO cells by high throughput single cell planar patch clamp method
CHEMBL5357868,18,18,Inhibition,2024.0,9,,Inhibition of hERG at 10 uM by patch clamp assay relative to control
CHEMBL5351165,18,17,Inhibition,2023.0,9,,Inhibition of hERG at 10 uM relative to control
CHEMBL4224424,18,18,Inhibition,2018.0,9,,Inhibition of human ERG expressed in CHO cells assessed as reduction in tail peak current at 3 uM at -80 mV holding potential by automated patch clamp method relative to control
CHEMBL4367272,18,18,EC50,2019.0,9,,Inhibition of human ERG
CHEMBL4704019,18,18,IC50,2020.0,9,,Inhibition of tracer red binding to human ERG expressed in HEK293 cell membranes measured after 2 to 6 hrs by fluorescence polarization assay
CHEMBL3377656,18,18,Ki,2014.0,9,HEK293,Inhibition of human ERG channel expressed in HEK293 cells assessed as [3H]-dofetilide binding after 90 mins by liquid scintillation counting analysis
CHEMBL1225490,18,10,IC20|IC50,2010.0,9,,Inhibition of human ERG
CHEMBL976416,18,18,Inhibition,2008.0,9,COS-7,Inhibition of human ERG potassium channel expressed in african green monkey COS7 cells at 3 uM by whole cell assay
CHEMBL923046,18,18,Inhibition,2007.0,9,HEK293,Displacement of [35S]-MK0499 from human ERG receptor expressed in HEK293 cells at 10 uM
CHEMBL4195200,18,18,Inhibition,2018.0,9,,Inhibition of human ERG at 5 uM by automated patch clamp assay
CHEMBL4019656,18,18,IC50,2017.0,9,,Inhibition of human ERG expressed in CHO cells after 3 mins at -80 mV holding potential by automated patch clamp method
CHEMBL6154819,18,18,IC50,2025.0,9,,Inhibition of human ERG
CHEMBL3880655,18,18,IC50,2014.0,9,HEK293,Inhibition of human ERG expressed in HEK293 cells assessed as reduction in outward tail current after 5 mins at -80 mV holding potential by patch clamp assay
CHEMBL4224584,18,18,IC50,2018.0,9,,Inhibition of human ERG expressed in CHOK1 cells by patch clamp assay
CHEMBL4143975,18,18,IC50,2017.0,9,,Inhibition of human ERG expressed in HEK293 cells by patch clamp assay
CHEMBL954169,18,18,Ki,2009.0,9,HEK293,Binding affinity to human ERG expressed in HEK293 cells by whole cell patch clamp method
CHEMBL4050158,17,11,IC50,2017.0,9,,Inhibition of MK499 binding to human ERG
CHEMBL3880653,17,17,Inhibition,2014.0,9,HEK293,Inhibition of human ERG expressed in HEK293 cells at 1 uM after 5 mins at -80 mV holding potential by patch clamp assay
CHEMBL1820233,17,17,IC50,2011.0,9,,Binding affinity to human ERG by radioligand displacement assay
CHEMBL2013363,17,17,Ki,2012.0,9,,Displacement of dofetilide from human ERG
CHEMBL1826877,17,17,IC50,2011.0,9,,Inhibition of human ERG by electrophysiological assay
CHEMBL4186330,17,17,IC50,2017.0,9,,Displacement of [3H]Dofetilide from human ERG expressed in HEK293 cells after 60 mins by scintillation spectrometry
CHEMBL854892,17,17,IC25|IC50,2007.0,9,,Inhibition of binding to hERG
CHEMBL1039568,17,17,IC50,2009.0,9,,Inhibition of human ERG by patch-clamp technique
CHEMBL4623822,17,16,IC50,2020.0,9,,Inhibition of human ERG by Ionworks high-throughput electrophysiology method
CHEMBL691014,17,17,IC50,2002.0,9,,K+ channel blocking activity in human embryonic kidney cells expressing HERG Kv11.1
CHEMBL2411100,17,17,IC50,2013.0,9,CHO,Binding affinity to human ERG expressed in CHO cells by IonWorks assay
CHEMBL2404197,17,17,Inhibition,2013.0,9,HEK293,Inhibition of human ERG channel expressed in HEK293 cells at 1 uM by voltage patch clamp technique
CHEMBL5323638,17,17,IC50|Inhibition,2023.0,9,,Inhibition of human ERG expressed in CHO cells by automated path clamp method
CHEMBL3880652,17,17,Inhibition,2014.0,9,HEK293,Inhibition of human ERG expressed in HEK293 cells at 0.1 uM after 5 mins at -80 mV holding potential by patch clamp assay
CHEMBL3880654,17,17,Inhibition,2014.0,9,HEK293,Inhibition of human ERG expressed in HEK293 cells at 10 uM after 5 mins at -80 mV holding potential by patch clamp assay
CHEMBL6141221,17,17,IC50,2025.0,9,,Inhibition of human ERG by manual patch-clamp assay
CHEMBL3880649,17,17,Inhibition,2014.0,9,HEK293,Inhibition of human ERG expressed in HEK293 cells at 0.01 uM after 5 mins at -80 mV holding potential by patch clamp assay
CHEMBL6081605,17,17,IC50,2024.0,9,,Inhibition of hERG transfected in CHO cells by electrophysiology
CHEMBL2168045,17,17,Inhibition,2012.0,9,CHO,Inhibition of human recombinant hERG expressed in CHO cells at 10 uM by automated patch clamp assay
CHEMBL2061641,17,17,Ratio,2012.0,9,,Inhibition of human ERG expressed in HMZ/CHO.8B4 cells assessed as inhibition of Rb+ efflux at 30 uM after 30 mins by flame atomic absorption spectrometer analysis relative to astemizole
CHEMBL897699,17,17,Inhibition,2007.0,9,,Inhibition of hERG at 5 ug/ml by rubidium efflux assay
CHEMBL2150564,17,17,IC50,2012.0,9,,Displacement of [3H]dofetilide from human ERG
CHEMBL5441444,17,9,IC50|Inhibition,2024.0,8,CHO,"Compounds were solubilised to 10 mM in DMSO and diluted in HBPS to 30 mM. 6-Point concentration-response curves were generated using serial dilutions from the top test concentration. Electrophysiological recordings are made from a Chinese Hamster Ovary cell line stably expressing the full-length ion channel. Single cell ionic currents are measured in whole-cell configuration at room temperature. The internal solution for hERG is buffered to pH 7.3, and the external solution is buffered to pH 7.4. The test pulse was applied according to voltage protocol. Compounds were incubated for 2 min to allow stabilization of the parameters. Concentration-response curves were generated by cumulative addition of compound with concentrations low to high. In all cases, steady-state inhibition was achieved before the next concentration of compound was added. IC50 values or % of inhibition at top test concentration is obtained. The assay has been performed by Concept Life Sciences Ltd."
CHEMBL1074123,17,17,Ki,2010.0,9,HEK293,Displacement of radiolabeled dofetilide from human ERG expressed in HEK293 cells
CHEMBL899624,17,17,IC50,2007.0,9,HEK293,Displacement of [3H]dofetilide from human HERG expressed in HEK293 cells
CHEMBL1074124,17,17,IC50,2010.0,9,,Inhibition of human ERG by patch clamp study
CHEMBL1060931,17,17,Ki,2009.0,9,HEK293,Displacement of [3H]dofetolide from human ERG channel expressed in HEK293 cells at 37 degC by liquid scintillation assay
CHEMBL2437987,17,17,Inhibition,2013.0,9,,Inhibition of human ERG channel at 5 ug/ml after 30 mins by rubidium efflux assay
CHEMBL5105654,17,17,Inhibition,2022.0,9,,Inhibition of human ERG expressed in CHO cells at 30 uM at -80 mV holding potential by automated patch clamp assay relative to control
CHEMBL1176236,17,17,Ki,2010.0,9,HEK293,Binding affinity to human ERG expressed in HEK293 cells
CHEMBL3268715,17,17,IC50,2014.0,9,,Inhibition of human ERG by Q-patch assay
CHEMBL4669217,17,17,IC50,2020.0,9,,Inhibition of human ERG
CHEMBL5097926,17,17,Inhibition,2021.0,9,,Inhibition of hERG potassium channel assessed as maximum inhibition rate at 40 uM at -80 mV holding potential incubated for 120 seconds by whole cell-automated voltage clamp analysis assay relative to control
CHEMBL4233115,16,14,Inhibition,2018.0,9,,Inhibition of human ERG at 1 uM relative to control
CHEMBL4022285,16,16,Inhibition,2017.0,9,,Inhibition of human ERG at 10 uM
CHEMBL1820401,16,16,IC50,2011.0,9,,Inhibition of human ERG by radioligand binding assay
CHEMBL4233117,16,14,Inhibition,2018.0,9,,Inhibition of human ERG at 10 uM relative to control
CHEMBL4200746,16,16,IC50,2018.0,9,,Displacement of [3H]dofetilide from human ERG by high throughput assay
CHEMBL4195585,16,8,IC50,2018.0,9,,Inhibition of Tracer Red binding to human ERG in membranes after 2 hrs by fluorescence polarization assay
CHEMBL1938198,16,13,Ki,2012.0,9,,Displacement of [3H]dofetolide from human Erg
CHEMBL1022593,16,16,IC50,2008.0,9,,Inhibition of human ERG by patch clamp assay
CHEMBL933193,16,16,IC50,2008.0,9,,Inhibition of human ERG by FLIPR assay
CHEMBL1820402,16,16,Inhibition,2011.0,9,,Inhibition of human ERG at 30 uM by radioligand binding assay
CHEMBL1293077,16,16,IC50,2010.0,9,CHO,Displacement of [3H]-dofetilide in human ERG expressed in CHO cells
CHEMBL1292296,16,16,IC50,2010.0,9,HEK293,Inhibition of human ERG expressed in HEK cells by mini-patch clamp assay
CHEMBL4030710,16,16,IC50,2017.0,9,,Displacement of 3H-dofetilide from human ERG
CHEMBL1291160,16,15,Inhibition|Ki,2010.0,9,,Displacement of labeled MK-499 from human ERG
CHEMBL4122825,16,16,IC50,2018.0,9,,Inhibition of human ERG expressed in CHOK1 cells at holding potential of -80 mV after 5 mins by patch clamp assay
CHEMBL3887159,16,16,IC50,2016.0,8,,"hERG Inhibition Assay: The effect of compounds of the formula I on the cloned human cardiac hERG channel was evaluated in an in vitro model using a whole-cell patch-clamping technique. CHO (Chinese hamster ovary) cells stably expressing hERG, the potassium channel underlying IKr currents in human hearts, were grown in HAM's F-12 media supplemented with 10% fetal bovine serum, 1x penicillin/streptomycin and 500 ug/ml G418 (Invitrogen, Carlsbad, Calif., USA) in an atmosphere of 95% air and 5% carbon dioxide. Cells used for patch-clamping were seeded on glass or plastic coverslips 12 to 36 hours before use. hERG channel currents were recorded at room temperature using the whole-cell configuration of the patch clamp technique with an Axopatch 200B amplifier (Axon Instruments, Foster City, Calif., USA). Briefly, electrodes (3 to 6 MΩ resistance) were fashioned from TW150F glass capillary tubes (World Precision Instruments, Sarasota, Fla., USA) and filled with pipette solution (containing 120 mM potassium aspartate, 20 mM potassium chloride, 4 mM adenosine triphosphate disodium salt, 5 mM HEPES, 1 mM magnesium chloride; pH adjusted to 7.2 with potassium hydroxide). hERG currents were initiated by a positive voltage pulse (20 mV) followed by a negative pulse (-40 mV) and were recorded for off-line analyses. Once hERG current from a cell perfused with external solution (containing 130 mM sodium chloride, 5 mM potassium chloride, 2.8 mM sodium acetate, 1 mM magnesium chloride, 10 mM HEPES, 10 mM glucose, 1 mM calcium chloride; pH adjusted to 7.4 with sodium hydroxide) without the test compound, i.e. control solution, was stabilized, the cell was perfused with external solution containing the test compound at specific concentrations."
CHEMBL3888917,16,16,IC50,2016.0,8,,Fast Patch Assay: Representative compounds were tested for hERG activity using the Fast Patch assay available from WuXiApptec (Shanghai China).
CHEMBL854890,16,16,IC50,2007.0,9,,Displacement of 3H-dofetilide from hERG-expressing HEK membrane homogenates
CHEMBL854534,16,16,Activity,2006.0,9,HEK293,Binding affinity to hERG in HEK293 cells by radioligand binding assay
CHEMBL3602620,16,16,Inhibition,2015.0,9,,Inhibition of human ERG at 10 uM by patch clamp assay
CHEMBL3806757,16,16,Inhibition,2016.0,9,,Displacement of [3H] astemizole from human ERG channel at 5 uM
CHEMBL3767785,16,16,IC50,2016.0,9,,Inhibition of human ERG using tracer red fluorescent probe
CHEMBL1177037,16,16,IC50,2010.0,9,CHO,Inhibition of human ERG expressed in CHO cells by patch clamp assay
CHEMBL3870967,16,16,IC50,2016.0,9,CHO-K1,Displacement of [3H]-dofetilide from human ERG expressed in CHOK1 cell membranes incubated for 4 hrs in dark by luminescent assay
CHEMBL4393244,16,16,IC50,2019.0,9,,Inhibition of human ERG by whole-cell patch clamp method
CHEMBL4431053,16,16,IC50,2016.0,9,HEK293,Inhibition of human ERG expressed in HEK293 cells by thallium flux assay
CHEMBL4233116,16,14,Inhibition,2018.0,9,,Inhibition of human ERG at 3 uM relative to control
CHEMBL4615929,16,16,IC50,2020.0,9,CHO-K1,Inhibition of human ERG expressed in CHOK1 cells assessed as reduction in tail current by measuring tail current amplitude measured after deploarization to +20 mV for 2s followed by 1s pulse to -40 mV by whole cell patch clamp assay
CHEMBL1055593,16,16,IC50,2009.0,9,HEK293,Displacement of [35S]MK499 from human ERG channel in HEK293 cells
CHEMBL3413736,16,16,IC50,2015.0,9,HEK293,Inhibition of human ERG assessed as reduction in channel current expressed in HEK cells by patch clamp assay
CHEMBL4675676,16,16,IC50,2020.0,9,,Inhibition of human ERG by plate-based planar patch clamp method
CHEMBL4604972,16,16,IC50,2020.0,9,CHO,Displacement of [3H]dofetilide from human ERG expressed in CHO cells incubated for 90 mins by microbeta scintillation counting method
CHEMBL1119163,16,16,Inhibition,2010.0,9,,Inhibition of human ERG at 3 uM by patch clamp assay
CHEMBL5142864,16,14,IC20|IC50,2022.0,9,,Inhibition of hERG expressed in CHO cells by electrophysiological assay based automated patch clamp method
CHEMBL5249646,16,16,Inhibition,2022.0,9,,Inhibition of hERG at 10 uM by fluorescence polarization assay relative to control
CHEMBL3090534,16,16,IC50,2013.0,9,,Inhibition of human ERG
CHEMBL1111711,16,16,IC50,2010.0,9,CHO,Inhibition of human ERG expressed in CHO cells by automated patch clamp electrophysiology assay
CHEMBL4766130,16,16,IC50,2016.0,9,,Inhibition of human ERG expressed in CHO cells at -80 mV holding potential by automated Qpatch electrophysiological assay
CHEMBL2216275,16,16,IC50,2012.0,9,HEK293,Inhibition of human ERG overexpressed in HEK cells
CHEMBL5513838,16,16,IC50,2024.0,9,,Inhibition of hERG in HEK293 cells measured after 5 mins by patch-clamp assay
CHEMBL1027247,16,15,IC20|IC50,2008.0,9,HEK293,Displacement of [3H]astemizole from human ERG expressed in HEK293 cells
CHEMBL5393329,16,16,Inhibition,2023.0,9,,Inhibition of hERG potassium channel expressed in CHO cells at 1 uM by electrophysiological patch clamp assay relative to control
CHEMBL5393312,16,16,Inhibition,2023.0,9,,Inhibition of hERG potassium channel expressed in CHO cells at 10 uM by electrophysiological patch clamp assay relative to control
CHEMBL2168569,16,16,IC50|pIC50,2012.0,9,CHO,Inhibition of human ERG expressed in CHO cells by IonWorks assay
CHEMBL5360237,16,16,IC50,2024.0,9,,Inhibition of hERG by patch clamp assay
CHEMBL2051179,16,8,IC50,2012.0,9,HEK293,Inhibition of human ERG expressed in HEK cells by patch clamp assay
CHEMBL2033879,16,16,Inhibition,2012.0,9,HEK293,Inhibition of human ERG expressed in HEK293 cells assessed as whole cell current at 3 uM after 5 mins by automated patch-clamp assay relative to control
CHEMBL1938199,16,12,IC50,2012.0,9,,Inhibition of human Erg by whole cell patch clamp electrophysiology
CHEMBL940929,16,14,IC50,2007.0,9,HEK293,Displacement of [3H]bufuralol from hERG channel expressed in HEK293 cells
CHEMBL4706009,15,15,IC50,2020.0,9,,Inhibition of human ERG expressed in CHO cells by patch clamp assay
CHEMBL5239937,15,15,IC50,2022.0,9,,Inhibition of human ERG expressed in CHO-K1 cells by Q-patch clamp assay
CHEMBL5259045,15,15,IC50,2023.0,9,,Inhibition of hERG expressed in CHO cells by automated patch clamp method
CHEMBL5319832,15,15,IC50,2023.0,9,,Displacement of [3H]dofetilide from human ERG expressed in HEK293 cells
CHEMBL1047805,15,15,Activity,2009.0,9,HEK293,Displacement of [3H]astemizole from human recombinant ERG expressed in HEK293 cells at 10 uM
CHEMBL3418525,15,15,IC50,2015.0,9,,Inhibition of ERG channel expressed in human embryonic kidney cells assessed as tail current amplitude measured for 3 to 30 mins by PatchXpress electrophysiology assay
CHEMBL4033008,15,15,IC50,2017.0,9,HEK293,Displacement of [35S]-MK499 from human ERG expressed in HEK293 cell membranes
CHEMBL4373005,15,13,IC50,2019.0,9,,Inhibition of human ERG
CHEMBL4011543,15,15,IC50,2017.0,9,,Inhibition of human ERG
CHEMBL4315950,15,15,IC50,2020.0,9,,Inhibition of human ERG
CHEMBL4036596,15,15,IC50,2017.0,9,,Inhibition of human ERG
CHEMBL903410,15,11,Ki,2007.0,9,HEK293,Displacement of [3H]dofetilide from human ERG channel expressed in HEK293 cells
CHEMBL2319031,15,15,IC50,2013.0,9,,Inhibition of human ERG
CHEMBL5365659,15,15,IC50,2023.0,9,,Inhibition of human ERG by patch clamp assay
CHEMBL5730347,15,5,IC50|k_off|kon,2016.0,9,,"Inhibition Assay: Compounds of the invention were tested for inhibition of the human ether a go-go (hERG) channel using IonWorks patch clamp electrophysiology at Essen Bioscience (Welwyn Garden City, England)."
CHEMBL5638899,15,15,IC50,2024.0,9,,Inhibition of hERG incubated for 4 hrs by patch clamp asssay
CHEMBL1961127,15,15,Inhibition,2012.0,9,,Inhibition of human ERG at 10 uM
CHEMBL3883128,15,15,Inhibition,2013.0,9,CHO,Inhibition of human ERG expressed in CHO cells at 1 uM using voltage step to -50 mV for 300 ms from -80 mV holding potential by automated patch clamp assay
CHEMBL5135948,15,15,Inhibition,2022.0,9,HEK293,Inhibition of human ERG expressed in human HEK293 cells at 10 uM for 2 mins by whole-cell patch-clamp system
CHEMBL4199971,15,15,Inhibition,2018.0,9,,Inhibition of human ERG at 5 mg/ml by binding assay relative to control
CHEMBL4199970,15,15,Inhibition,2018.0,9,,Inhibition of human ERG at 1.5 mg/ml by binding assay relative to control
CHEMBL3801624,15,15,Inhibition,2016.0,9,CHO,Inhibition of human ERG channel expressed in CHO cells assessed as peak tail current at 10 uM incubated for 5 mins by patch-clamp assay
CHEMBL824627,15,15,Ki,2002.0,8,HEK293,Compound was evaluated for the displacement of labelled MK-499 from the cloned channel expressed in HEK cells (Ikr channel)
CHEMBL820996,15,12,Ki,2003.0,9,HEK293,In vitro displacement of [35S]-MK- 499 from HEK 293 cells stably transfected with hERG voltage-gated potassium channel subunit Kv11.1
CHEMBL861449,15,15,Ki,2006.0,9,,Binding affinity to human IKr
CHEMBL2051348,15,15,Inhibition,2012.0,9,,Inhibition of dofetilide binding to human ERG
CHEMBL5039199,15,15,Inhibition,2021.0,9,,Inhibition of human ERG at 10 uM relative to control
CHEMBL2072491,15,14,IC50,2012.0,9,HEK293,Displacement of [35S]MK499 from human Erg expressed in HEK293 cells after 60 mins by scintillation counting
CHEMBL4414124,15,15,IC50,2019.0,9,,Inhibition of human ERG by Q-patch assay
CHEMBL6188187,15,15,IC50|Inhibition,2025.0,9,,Inhibition of hERG expressed in HEK293 cells by manual patch clamp assay
CHEMBL2032544,15,15,IC50,2011.0,9,,Displacement of [3H]dofetilide from human ERG
CHEMBL860568,15,15,Activity,2006.0,9,,Displacement of [3H]dofetilide from human ERG
CHEMBL4366089,15,14,IC50,2019.0,9,HEK293,Inhibition of human ERG expressed in HEK293 cells by whole cell patch clamp method
CHEMBL1225700,15,14,IC50,2010.0,9,,Inhibition of human ERG
CHEMBL3361754,15,15,IC50,2014.0,9,,Inhibition of human ERG by cell-based patch clamp method
CHEMBL2209547,15,15,Inhibition,2012.0,9,HEK293,Displacement of [3H]dofetilide from human ERG expressed in HEK293 cells at 10 uM
CHEMBL2187790,15,15,Inhibition,2012.0,9,,Displacement of [35S]-MK-0499 from human ERG at 1 uM
CHEMBL4124683,15,15,Ki,2018.0,9,,Inhibition of dofetilide binding to human ERG by fluorescence polarization assay
CHEMBL3223680,15,15,IC50,2012.0,9,,Inhibition of human ERG
CHEMBL4027502,14,14,IC50,2017.0,9,,Displacement of [3H]Dofetilide from human ERG expressed in HEK cells after 180 mins by scintillation counting method
CHEMBL3998584,14,14,IC50,2017.0,9,,Inhibition of human ERG by Tracer Red dye based fluorescence polarization assay
CHEMBL4677231,14,14,IC50,2021.0,9,,Inhibition of human ERG expressed in CHO-K1 cells by automated Qpatch clamp assay
CHEMBL4681389,14,14,Ki,2016.0,9,,Inhibition of dofetilide binding to human ERG
CHEMBL944859,14,12,IC50,2008.0,9,HEK293,Displacement of [33S]MK499 from human ERG expressed in HEK cells
CHEMBL2439735,14,14,IC50,2013.0,9,CHO,Inhibition of human recombinant ERG expressed in CHO cells by patch-clamp technique
CHEMBL3096555,14,14,Inhibition,2013.0,9,,Displacement of [35S]MK-499 from human ERG at 10 uM relative to control
CHEMBL3102091,14,14,IC50,2014.0,9,HEK293,Inhibition of human ERG expressed in HEK cells after 3 hrs by ion flux electrophysiology
CHEMBL3998583,14,14,Inhibition,2017.0,9,,Inhibition of human ERG at 10 uM by Tracer Red dye based fluorescence polarization assay relative to control
CHEMBL5133258,14,14,IC50,2022.0,9,,Displacement of MK499 from human ERG expressed in HEK membrane by radio ligand binding competition assay
CHEMBL1803706,14,14,IC50,2011.0,8,,Inhibition of Kv11.1 channel
CHEMBL6119787,14,14,IC50,2025.0,9,,Inhibition of human ERG by patch clamp assay
CHEMBL4809369,14,14,IC50,2021.0,9,,Displacement of [3H]-dofetilide from human ERG after 60 mins by scintillation counting method
CHEMBL4410497,14,14,Inhibition,2019.0,9,,Inhibition of human ERG at 10 uM relative to control
CHEMBL2188959,14,14,IC50,2012.0,9,,Inhibition of human ERG expressed in chinese hamster lung cells by IonWorks patch clamp electrophysiology assay
CHEMBL2184359,14,14,Inhibition,2012.0,9,,Inhibition of human ERG at 1 uM
CHEMBL1073649,14,14,IC50,2010.0,9,,Inhibition of human ERG by patch-clamp method
CHEMBL5387422,14,14,IC50,2023.0,9,,Inhibition of hERG fluorescence polarization assay
CHEMBL4611392,14,14,Inhibition,2020.0,9,HEK293,Inhibition of human ERG expressed in HEK293 cells at 10 uM by semi-automatic patch clamp assay relative to control
CHEMBL6157043,14,14,IC50,2025.0,9,,Inhibition of human ERG expressed in HEK293 cells by automatic patch clamp assay
CHEMBL871230,14,14,Ki,2006.0,9,HEK293,Displacement of labeled MK-499 from cloned hERG channel expressed in HEK cells
CHEMBL4427809,14,14,IC50,2016.0,9,HEK293,Displacement of [3H]-dofetilide from human ERG expressed in HEK293 cells measured after 90 mins by scintillation proximity assay
CHEMBL5041728,14,14,IC50,2022.0,9,,Inhibition of hERG expressed in HEK293 cells at -80 mV holding potential by automated patch-clamp method
CHEMBL3243551,14,14,IC50,2014.0,9,,Inhibition of human ERG by FLIPR assay
CHEMBL2439737,14,14,Inhibition,2013.0,9,CHO,Inhibition of human recombinant ERG expressed in CHO cells by patch-clamp technique relative to control
CHEMBL1175154,14,14,Inhibition,2010.0,9,HEK293,Displacement of [3H]astemizole from human ERG expressed in HEK293 cells at 10 uM
CHEMBL3610078,14,14,IC50,2015.0,9,,Inhibition of human ERG
CHEMBL1647137,14,14,IC50,2011.0,9,,Inhibition of human ERG
CHEMBL3992697,14,14,IC50,2016.0,9,HEK293,Inhibition of Cy3B-labeled ligand binding to recombinant human ERG expressed in HEK293 cells by fluorescence polarization method
CHEMBL4036852,14,14,Inhibition,2017.0,9,,Inhibition of human ERG at 11 uM by single shot IonWork assay relative to control
CHEMBL4717446,14,14,IC50,2016.0,9,,Inhibition of human ERG expressed in HEK293 cells assessed as reduction in S35-MK-0499 binding
CHEMBL4728777,14,14,IC50,2020.0,9,,Inhibition of human ERG expressed in CHO cells measured after 5 mins by Qpatch method
CHEMBL4704384,14,14,IC50,2020.0,9,,Inhibition of human ERG by patch clamp method
CHEMBL5156196,14,14,IC50,2022.0,9,,Inhibition of hERG
CHEMBL4707280,14,14,IC50,2018.0,9,,Inhibition of human ERG by fluorescence polarization assay
CHEMBL1936096,14,14,Inhibition,2012.0,9,,Inhibition of human ERG at 3 uM by patch-clamp assay
CHEMBL5038533,14,14,IC50,2022.0,9,,Inhibition on hERG expressed in HEK293 cells by Qpatch method
CHEMBL3772524,14,14,Inhibition,2015.0,9,,Inhibition of human ERG at 10 uM by patch clamp assay
CHEMBL830651,14,14,Inhibition,2005.0,9,,Percent inhibition of hERG by rubidium efflux FLIPR assay at concentration of 5 ug/mL
CHEMBL2072927,14,14,IC50,2012.0,9,CHO,Inhibition of human ERG channel expressed in CHO cells by patch clamp assay
CHEMBL5039908,14,14,IC50,2021.0,9,,Inhibition of human ERG expressed in HEK-293 cells by voltage clamp electrophysiology assay
CHEMBL5516905,13,13,Inhibition,2024.0,9,,Inhibition of human ERG expressed in HEK293 cells at 10 uM incubated for 2 to 5 mins by Manual patch clamp assay relative to control
CHEMBL1039122,13,13,IC50,2009.0,9,HEK293,Displacement of [35S]MK-499 from human ERG expressed in HEK293 cells
CHEMBL1931724,13,13,IC50,2011.0,9,,Displacement of [3H]dofetilide from human ERG by liquid scintillation counting
CHEMBL1023476,13,13,IC50,2009.0,9,HEK293,Inhibition human ERG expressed in HEK293 cells assessed as blockade of membrane current by patch clamp method
CHEMBL3880277,13,13,IC50,2013.0,9,HEK293,Inhibition of human ERG expressed in HEK293 cells assessed as decrease in tail current amplitude by whole cell patch clamp method
CHEMBL5121792,13,13,IC50,2022.0,9,,Inhibition of hERG channel expressed in CHO cells at -80 mV holding potential by Qpatch clamp method
CHEMBL3389028,13,13,IC50,2014.0,9,,Inhibition of human ERG
CHEMBL1787949,13,9,Inhibition,2009.0,9,HEK293,Inhibition of [3H]dofetilide binding to human ERG expressed in HEK293 cells at 10 uM
CHEMBL5136536,13,13,IC50,2022.0,9,,Inhibition of hERG cardiac ion channel
CHEMBL1803471,13,13,IC50,2011.0,9,CHO,Inhibition of human ERG expressed in CHO cells by Q-patch assay
CHEMBL3997333,13,13,IC50,2017.0,9,,Inhibition of human ERG
CHEMBL3419125,13,13,IC50,2015.0,9,CHO,Inhibition of human ERG expressed in CHO cells by automated Qpatch clamp assay
CHEMBL1787512,13,13,INH,2009.0,9,HEK293,Displacement of [3H]-dofetilid from human ERG expressed in HEK293 cells
CHEMBL913858,13,13,Inflection point,2004.0,9,HEK293,Displacement of [35S]MK4999 from human ERG expressed in HEK293 cells
CHEMBL3424852,13,13,IC50,2015.0,9,CHO,Inhibition of human ERG expressed in CHO cells by Patch express assay
CHEMBL927950,13,13,IC50,2008.0,9,,Inhibition of human ERG channel
CHEMBL1767985,13,13,IC20,2011.0,9,CHO,Inhibition of human ERG-mediated current expressed in CHO cells by patch clamp method
CHEMBL1947877,13,13,IC50,2012.0,9,,Inhibition of human ERG
CHEMBL1932121,13,13,IC50,2011.0,9,,Inhibition of human ERG by whole cell patch clamp assay
CHEMBL4481698,13,13,IC50,2019.0,9,,Inhibition of human ERG by manual patch clamp electrophysiology assay
CHEMBL3767769,13,13,IC50,2016.0,9,,Binding affinity to human ERG channel
CHEMBL1670716,13,13,IC50,2011.0,9,CHO,Inhibition of human ERG expressed in CHO cells
CHEMBL5516903,13,13,Inhibition,2024.0,9,,Inhibition of human ERG expressed in HEK293 cells at 1 uM incubated for 2 to 5 mins by Manual patch clamp assay relative to control
CHEMBL6083898,13,13,IC50,2024.0,9,,Inhibition of hERG by patch clamp assay
CHEMBL1931723,13,13,IC50,2011.0,9,HEK293,Inhibition of human ERG expressed in HEK293 cells by patch-clamp electrophysiology
CHEMBL1007470,13,13,IC50,2009.0,9,HEK293,Displacement of [35S]MK499 from human ERG expressed in HEK293 cells
CHEMBL2060804,13,13,IC50,2012.0,9,CHO,Inhibition of human ERG channel expressed in CHO cells by patch clamp assay
CHEMBL4042710,13,13,IC50,2017.0,9,,Inhibition of human ERG expressed in CHO cells at -80 mV holding potential after 5 mins by patch clamp assay
CHEMBL4015498,13,13,IC50,2017.0,9,HEK293,Inhibition of human ERG expressed in HEK293 cells by patch clamp method
CHEMBL988836,13,13,IC50,2008.0,9,HEK293,Displacement of [3H]dofetilide from human ERG in HEK293 cells
CHEMBL1107892,13,13,IC50,2010.0,9,,Inhibition of human ERG by ion works assay
CHEMBL4340978,13,13,IC50,2019.0,9,,Inhibition of human ERG incubated for 1 hr by Fluorescence polarization binding assay
CHEMBL941016,13,13,IC50,2007.0,9,HEK293,Inhibition of hERG expressed in HEK cells
CHEMBL4329577,13,13,Ki,2018.0,9,,Binding affinity to human ERG by dofetilide fluorescence polarization binding assay
CHEMBL5317214,13,13,Ki,2023.0,9,,Inhibition of hERG assessed as inhibition constant by patch-clamp assay
CHEMBL2187786,13,13,Inhibition,2012.0,9,,Displacement of [35S]-MK-0499 from human ERG at 10 uM
CHEMBL2210522,13,13,Ki,2012.0,9,,Displacement of radiolabeled MK-499 from human ERG channel
CHEMBL4135532,13,13,IC50,2017.0,9,,Inhibition of human ERG
CHEMBL4427468,13,13,IC50,2016.0,9,,Displacement of [35S]MK-499 from human ERG
CHEMBL4429529,13,13,IC50,2016.0,9,CHO-K1,Inhibition of human ERG expressed in CHO-K1 cells after 10 mins by Rb efflux assay
CHEMBL4178742,13,13,IC50,2017.0,9,,Displacement of [3H]dofetilide from recombinant human ERG expressed in HEK293 cell membranes after 90 mins by liquid scintillation counting method
CHEMBL1042532,13,13,Inhibition,2009.0,9,HEK293,Displacement of Cy3B-tagged N-desmethyl dofetilide from human ERG expressed in HEK cells at 10 uM after 120 mins
CHEMBL4834663,13,13,IC50,2021.0,9,,Displacement of [3H]dofetilide from recombinant human ERG stably expressed in HEK293 cell membranes measured after 90 mins by microbeta liquid scintillation counting method
CHEMBL1763073,13,13,IC50,2011.0,9,,Inhibition of human ERG
CHEMBL875187,13,13,Ki,2005.0,9,,Binding affinity against human IKr channel
CHEMBL865929,12,12,Ki,2006.0,9,HEK293,Displacement of labelled MK-499 from cloned channel hERG expressed in HEK cells
CHEMBL3378637,12,12,IC50,2014.0,9,,Inhibition of human ERG by MK-499 displacement binding analysis
CHEMBL820995,12,12,IP,2004.0,9,,Affinity for HERG voltage-gated potassium channel subunit Kv11.1
CHEMBL1120468,12,12,Ki,2010.0,9,HEK293,Displacement of [3H]-dofetilide from human ERG receptor expressed HEK cells
CHEMBL4430051,12,12,IC50,2016.0,9,HEK293,Displacement of [3H]dofetilide from recombinant human ERG transfected in HEK293 cell membranes after 60 mins by scintillation counting
CHEMBL868863,12,12,Ki,2006.0,9,HEK293,Displacement of [35S]-labeled MK499 from cloned hERG expressed in HEK cells
CHEMBL4622189,12,6,IC20|IC50,2020.0,9,,Inhibition of human ERG
CHEMBL4837020,12,12,Inhibition,2021.0,9,,Inhibition of human ERG at 10 uM by automated patch method relative to control
CHEMBL854894,12,12,IC50,2007.0,9,,Inhibition of binding to hERG
CHEMBL5261566,12,12,IC50,2017.0,9,,Displacement of [3H]dofetilide from human ERG expressed in CHO-K1 cell membrane measured after 45 mins by topcount scintillation counting method
CHEMBL858932,12,12,Ki,2006.0,9,HEK293,Displacement of [35S]-labeled MK499 from cloned hERG potassium channel expressed in HEK cells
CHEMBL1211587,12,10,Ki,2010.0,9,HEK293,Displacement of [3H]dofetilide from human ERG expressed in HEK293 cells
CHEMBL1671071,12,12,Inhibition,2011.0,9,,Inhibition of human ERG by patch clamp analysis
CHEMBL2092048,12,12,Inhibition,2012.0,9,CHO,Inhibition of human ERG expressed in CHO cells at 3 uM
CHEMBL1217370,12,12,IC50,2010.0,9,HEK293,Displacement of [3H] astemizole from human recombinant ERG channel expressed in HEK293 cells
CHEMBL5510789,12,12,IC50,2024.0,9,,Inhibition of hERG expressed in CHO cells assessed as inhibition of channel current at holding potential of -80 mV by QPatch assay
CHEMBL908975,12,12,IC50,2006.0,9,,Binding affinity to hERG potassium channel
CHEMBL4269600,12,12,IC50,2018.0,9,,Inhibition of human ERG expressed in CHO cells by Qpatch clamp assay
CHEMBL5731266,12,4,IC50|k_off|kon,2018.0,9,,"CYP P450 Enzyme Inhibition: Inhibitory activities of test compounds on 5 major isoforms of CYP P450 were evaluated by using pooled human liver microsome (HLM, purchased from BD Gentest) and selective substrates for those isoforms. Those CYP isoforms and their corresponding probe substrates are as follows: CYP1A2 (phenacetin, 30 μM), CYP2C9 (tolutamide, 100 μM), CYP2C19 (S-mephenytoin, 40 μM), CYP2D6 (dextromethorphan, 5 μM) and CYP3A4 (midazolam, 1 μM). All probe substrates were used at concentrations near or below their Kms. For experiment, a reaction mixture of test compound at 10 uM or in serial dilution, CYP probe substrate described above and 0.2 mg/mL pooled HLM in phosphate buffer, pH 7.4 in a final volume of 200 μL was pre-incubated at 37° C. for 10 minutes in triplicate. The reaction was initiated by addition of NADPH at final concentration of 1 mM. The reaction was terminated after 10 minutes (CYP1A2, CYP2D6 and CYP3A4) or 30 minutes (CYP2C9 and CYP2C19) by addition of 100 μL ice-cold acetonitrile with internal standard (IS). The samples were then centrifuged at 13,000 rpm and the supernatants were injected to LC-MS/MS (Agilent Technologies) to quantify the concentration of the specific metabolites of the probe substrates formed by individual CYP450 isoforms."
CHEMBL5733754,12,4,IC50|k_off|kon,2019.0,9,,"hERG Channel Inhibition: The assay was performed on hERG channel stably expressed in HEK293 cells. The cells were cultured at 37° C. in a humidified CO2 incubator in the growth medium consisting of DMEM, 10% fetal bovine serum and antibiotics. Prior to the assay, the cells were seeded onto a 12 mm PDL-coated glass coverslip and cultured in a 35 mm Petri dish. After 16 to 40 hr culture, the cover slip was transferred into the chamber of OctaFlow perfusion system (ALA Instrument) and under a constant flow of extracellular solution (140 mM NaCl, 4 mM KCl, 1 mM MgCl2, 2 mM CaCl2, 10 mM HEPES, 10 mM D-glucose, pH 7.35, osmolarity 290). Whole cell patch clamping was performed with a glass micropipette filled with intracellular solution (120 mM KCl, 1.75 mM MgCl2, 5.4 mM CaCl2, 10 mM HEPES, 10 mM EGTA, and 4 mM ATP-K2, PH 7.2, osmolarity 310). Giga-seal was maintained during the test. The voltage control and current measurement were carried out using Axon amplifier 700B, Digidata 1440A and CLAMPEX10 software (Molecular Devices). Whole-cell hERG currents were recorded following the Petroski protocol: the cell was held at −80 mV, and the voltage step jumped from −80 to 30 mV and stay for 2 sec with a 20 ms prepulse at −40 mV. After depolarization, the voltage was decreased to −40 mV and stay for 2 sec, and returned back to −80 mV. Test compound was applied by quartz capillary tubes tip (200 μm inner diameter), and the flow rate was controlled at 2-3 ml/min with OctaFlow perfusion system. Different concentrations of the compound were applied to the cells for 5 min and the hERG current was measured three times before, during and after compound treatment. The data were analyzed using Clampfit 10 software (Molecular Devices) to generate IC50 values."
CHEMBL5731980,12,4,IC50|k_off|kon,2019.0,9,,"hERG Inhibition: Studies were conducted at Cyprotex Discovery in Cheshire, UK according to the contractor's protocol. The studies were performed on an IonWorks¿ HT instrument (Molecular Devices Corporation), which automatically performs electrophysiology measurements in 48 single cells simultaneously in a specialised 384-well plate (PatchPlate¿). The cells used were Chinese hamster ovary (CHO) cells stably transfected with hERG (cell-line obtained from Cytomyx, UK). A single-cell suspension was prepared in extracellular solution (Dulbecco's phosphate buffered saline with calcium and magnesium pH 7-7.2) and aliquots added automatically to each well of a PatchPlate¿. The cells were then positioned over a small hole at the bottom of each well by applying a vacuum beneath the plate to form an electrical seal. The vacuum was applied through a single compartment common to all wells which was filled with intracellular solution (buffered to pH 7.2 with HEPES). The resistance of each seal was measured via a common ground-electrode in the intracellular compartment and individual electrodes placed into each of the upper wells.Electrical access to the cell was then achieved by circulating a perforating agent, amphotericin, underneath the PatchPlate¿ and then measuring the pre-compound hERG current. An electrode was positioned in the extracellular compartment and a holding potential of −80 mV applied for 15 seconds. The hERG channels were then activated by applying a depolarising step to +40 mV for 5 seconds and then clamped at −50 mV for 4 seconds to elicit the hERG tail current, before returning to −80 mV for 0.3 seconds. Test compound was then added automatically to the upper wells of the PatchPlate¿ from a 96-well microtitre plate containing a range of concentrations of compound TBAP-01. Quinidine, an established hERG inhibitor, was included as an experimental control. TBAP-01 was dissolved in DMSO and assayed at final concentrations ranging from 100 μM to 32 nM in 0.25% DMSO. Buffer containing 0.25% DMSO was included as a negative control. The test compound was left in contact with the cells for 300 seconds before recording currents using the same voltage-step protocol as in the pre-compound scan. Each concentration was tested in 4 replicate wells."
CHEMBL4272647,12,12,Inhibition,2018.0,9,,Inhibition of [3H]-dofetilide binding to human ERG expressed in HEK293 cell membranes at 30 uM after 1 hr by scintillation proximity assay relative to control
CHEMBL1961077,12,12,IC50,2012.0,9,,Inhibition of human ERG
CHEMBL1953525,12,12,IC50,2011.0,9,,Displacement of dofetidine from human Erg
CHEMBL5734918,12,4,IC50|k_off|kon,2020.0,9,,"hERG Analysis-Method 1: Cell CultureThe hERG-expressing Chinese hamster ovary K1 (CHO) cells described by (Persson, Carlsson, Duker, & Jacobson, 2005) were grown to semi-confluence at 37° C. in a humidified environment (5% CO2) in F-12 Ham medium containing L-glutamine, 10% foetal calf serum (FCS) and 0.6 mg/mL hygromycin (all available from Sigma-Aldrich). Prior to use, the monolayer was washed using a pre-warmed (37° C.) 3 mL aliquot of Versene 1:5,000 (Invitrogen) After aspiration of this solution the flask was incubated at 37° C. in an incubator with a further 2 mL of Versene 1:5,000 for a period of 6 minutes. Cells were then detached from the bottom of the flask by gentle tapping and 10 mL of Dulbecco's Phosphate-Buffered Saline containing calcium (0.9 mM) and magnesium (0.5 mM) (PBS; Invitrogen) was then added to the flask and aspirated into a 15 mL centrifuge tube prior to centrifugation (50 g, for 4 mins). The resulting supernatant was discarded and the pellet gently re-suspended in 3 mL of PBS. A 0.5 mL aliquot of cell suspension was removed and the number of viable cells (based on trypan blue exclusion) was determined in an automated reader (Cedex; Innovatis) so that the cell re-suspension volume can be adjusted with PBS to give the desired final cell concentration. It is the cell concentration at this point in the assay that is quoted when referring to this parameter. CHO-Kv1.5 cells, which were used to adjust the voltage offset on IONWORKS HT, were maintained and prepared for use in the same way.ElectrophysiologyThe principles and operation of this device have been described by (Schroeder, Neagle, Trezise, & Worley, 2003). Briefly, the technology is based on a 384-well plate (PATCHPLATE) in which a recording was attempted in each well by using suction to position and hold a cell on a small hole separating two isolated fluid chambers. Once sealing had taken place, the solution on the underside of the PATCHPLATE was changed to one containing amphotericin B. This permeablises the patch of cell membrane covering the hole in each well and, in effect, allowed a perforated, whole-cell patch clamp recording to be made.A β-test IONWORKS HT from Essen Instrument was used. There is no capability to warm solutions in this device hence it is operated at r.t. (21° C.), as follows. The reservoir in the Buffer position was loaded with 4 mL of PBS and that in the Cells position with the CHO-hERG cell suspension described above. A 96-well plate (V-bottom, Greiner Bio-one) containing the compounds to be tested (at 3-fold above their final test concentration) was placed in the Plate 1 position and a PATCHPLATE was clamped into the PATCHPLATE station. Each compound plate was laid-out in 12 columns to enable ten, 8-point concentration-effect curves to be constructed; the remaining two columns on the plate were taken up with vehicle (final concentration 0.33% DMSO), to define the assay baseline, and a supra-maximal blocking concentration of cisapride (final concentration 10 μM) to define the 100% inhibition level. The fluidics-head (F-Head) of IONWORKS HT then added 3.5 μL of PBS to each well of the PATCHPLATE and its underside was perfused with internal solution that had the following composition (in mM): K-Gluconate (100 parts), KCl (40 parts), MgCl2 (3.2 parts), EGTA (3 parts) and HEPES (5 parts, pH 7.25-7.30 using 10M KOH) After priming and de-bubbling, the electronics-head (E-head) then moved around the PATCHPLATE performing a hole test (i.e. applying a voltage pulse to determine whether the hole in each well is open). The F-head then dispensed 3.5 μL of the cell suspension described above into each well of the PATCHPLATE and the cells were given 200 seconds to reach and seal to the hole in each well. Following this, the E-head moved around the PATCHPLATE to determine the seal resistance obtained in each well."
CHEMBL5734969,12,4,IC50|k_off|kon,2020.0,9,,"hERG Channel Inhibition: The assay was performed on hERG channel stably expressed in HEK293 cells. The cells were cultured at 37° C. in a humidified CO2 incubator in the growth medium consisting of DMEM, 10% fetal bovine serum and antibiotics. Prior to the assay, the cells were seeded onto a 12 mm PDL-coated glass coverslip and cultured in a 35 mm Petri dish. After 16 to 40 hr culture, the cover slip was transferred into the chamber of OctaFlow perfusion system (ALA Instrument) and under a constant flow of extracellular solution (140 mM NaCl, 4 mM KCl, 1 mM MgCl2, 2 mM CaCl2, 10 mM HEPES, 10 mM D-glucose, pH 7.35, osmolarity 290). Whole cell patch clamping was performed with a glass micropipette filled with intracellular solution (120 mM KCl, 1.75 mM MgCl2, 5.4 mM CaCl2, 10 mM HEPES, 10 mM EGTA, and 4 mM ATP-K2, PH 7.2, osmolarity 310). Giga-seal was maintained during the test. The voltage control and current measurement were carried out using Axon amplifier 700B, Digidata 1440A and CLAMPEX10 software (Molecular Devices). Whole-cell hERG currents were recorded following the Petroski protocol: the cell was held at −80 mV, and the voltage step jumped from −80 to 30 mV and stay for 2 sec with a 20 ms prepulse at −40 mV. After depolarization, the voltage was decreased to −40 mV and stay for 2 sec, and returned back to −80 mV. Test compound was applied by quartz capillary tubes tip (200 μm inner diameter), and the flow rate was controlled at 2-3 ml/min with OctaFlow perfusion system. Different concentrations of the compound were applied to the cells for 5 min and the hERG current was measured three times before, during and after compound treatment. The data were analyzed using Clampfit 10 software (Molecular Devices) to generate IC50 values."
CHEMBL2344015,12,12,IC50,2013.0,9,CHO,Inhibition of human ERG expressed in CHO cells by IONWORKS assay
CHEMBL6113407,12,12,Inhibition,2025.0,9,,Inhibition of hERG at 10 uM at -80 mV holding potential by whole-cell patch clamp analysis relative to control
CHEMBL3587702,12,12,IC50,2015.0,9,HEK293,Inhibition of [3H]-astemizole binding to human ERG expressed in HEK293 cells
CHEMBL928561,12,12,IC50,2008.0,9,HEK293,Displacement of [3H]dofetilide from human ERG expressed in HEK293 cell membranes
CHEMBL5737481,12,4,IC50|k_off|kon,2021.0,9,,"hERG Channel Inhibition: The assay was performed on hERG channel stably expressed in HEK293 cells. The cells were cultured at 37° C. in a humidified CO2 incubator in the growth medium consisting of DMEM, 10% fetal bovine serum and antibiotics. Prior to the assay, the cells were seeded onto a 12 mm PDL-coated glass coverslip and cultured in a 35 mm Petri dish. After 16 to 40 hr culture, the cover slip was transferred into the chamber of OctaFlow perfusion system (ALA Instrument) and under a constant flow of extracellular solution (140 mM NaCl, 4 mM KCl, 1 mM MgCl2, 2 mM CaCl2, 10 mM HEPES, 10 mM D-glucose, pH 7.35, osmolarity 290). Whole cell patch clamping was performed with a glass micropipette filled with intracellular solution (120 mM KCl, 1.75 mM MgCl2, 5.4 mM CaCl2, 10 mM HEPES, 10 mM EGTA, and 4 mM ATP-K2, PH 7.2, osmolarity 310). Giga-seal was maintained during the test. The voltage control and current measurement were carried out using Axon amplifier 700B, Digidata 1440A and CLAMPEX10 software (Molecular Devices). Whole-cell hERG currents were recorded following the Petroski protocol: the cell was held at −80 mV, and the voltage step jumped from −80 to 30 mV and stay for 2 sec with a 20 ms prepulse at −40 mV. After depolarization, the voltage was decreased to −40 mV and stay for 2 sec, and returned back to −80 mV. Test compound was applied by quartz capillary tubes tip (200 μm inner diameter), and the flow rate was controlled at 2-3 ml/min with OctaFlow perfusion system. Different concentrations of the compound were applied to the cells for 5 min and the hERG current was measured three times before, during and after compound treatment. The data were analyzed using Clampfit 10 software (Molecular Devices) to generate IC50 values."
CHEMBL5737357,12,4,IC50|k_off|kon,2021.0,9,,Testing of Effects on hERG Potassium Channels: To test the blocking effects of the compounds of the present disclosure on hERG potassium currents.
CHEMBL4351263,12,12,IC50|pIC50,2019.0,9,,Inhibition of human ERG by high-throughput electrophysiology assay
CHEMBL4685406,12,12,Inhibition,2020.0,9,,Inhibition of human ERG expressed in CHO cells at 1 uM with 0 mV holding potential by Ionworks electrophysiology assay relative to control
CHEMBL4706939,12,12,IC50,2016.0,9,,Displacement of [3H]astemizole from human ERG expressed in HEK293 cells by radioligand binding assay
CHEMBL5324508,12,12,IC50,2023.0,9,,Inhibition of hERG expressed in CHO cells at holding potential of -80 mV measured for 15 seconds by whole cell patch clamp assay
CHEMBL1011901,12,12,IC50,2009.0,9,,Inhibition of human ERG by MK-0499 binding assay
CHEMBL4349819,12,12,Inhibition,2019.0,9,,Inhibition of human ERG at 1 uM relative to control
CHEMBL1771845,12,8,IC50,2011.0,9,,Inhibition of human ERG
CHEMBL5584721,12,12,IC50,2024.0,9,,Inhibition of human ERG expressed in HEK293 cells by manual patch clamp assay
CHEMBL1648607,12,12,Inhibition,2011.0,9,CHO,Inhibition of human ERG expressed in CHO cells at 10 uM by whole cell patch-clamp technique
CHEMBL6158599,12,12,IC50,2025.0,9,,Inhibition of hERG by qube-automated patch clamp method
CHEMBL6158598,12,12,IC50,2025.0,9,,Displacement of [3H]-dofetilide from human ERG expressed in HEK293 cells
CHEMBL3378789,12,12,Inhibition,2014.0,9,HEK293,Inhibition of human ERG channel transfected in HEK293 cells at 3 uM by patch clamp technique
CHEMBL4769893,12,12,IC50,2020.0,9,,Inhibition of human ERG
CHEMBL2013641,12,12,Inhibition,2012.0,9,,Inhibition of human ERG at 30 uM
CHEMBL6122747,12,12,Inhibition,2024.0,9,,Inhibition of hERG at 10 uM relative to control
CHEMBL2330780,12,12,Inhibition,2013.0,9,HEK293,Displacement of [3H]astemizole from human ERG K+ channel expressed in HEK293 cells at 10 uM by scintillation spectrophotometric analysis
CHEMBL3374659,12,12,Inhibition,2014.0,9,HEK293,Displacement of [3H]astemizole from human ERG expressed in HEK293 cell membranes at 10 uM incubated for 75 mins by scintillation counting method
CHEMBL4818897,12,12,Inhibition,2021.0,9,,Inhibition of human ERG at 3 uM relative to control
CHEMBL2214095,12,12,IC50,2012.0,9,,Inhibition of human ERG by cell-based electrophysiology assay
CHEMBL5381741,12,12,Inhibition,2023.0,9,,Inhibition of human ERG potassium channel transfected in HEK293 cells at holding potential -80 mV at 10 uM and measured for 5 mins by whole cell patch clamp assay
CHEMBL3630418,12,10,Inhibition,2015.0,9,,Inhibition of human ERG
CHEMBL887480,12,12,Inhibition,2007.0,9,,Displacement of [3H]dofetilide from human ERG at 300 uM
CHEMBL4616477,12,12,Inhibition,2020.0,9,,Inhibition of human ERG at 10 uM by patch-clamp assay relative to control
CHEMBL1657598,12,12,Inhibition,2011.0,9,HEK293,Displacement of [3H]-dofetilide from human ERG expressed in HEK293 cells at 300 nM
CHEMBL1110812,11,11,IC50,2010.0,9,,Inhibition of human ERG by electrophysiology assay
CHEMBL4308576,11,11,IC50,2019.0,9,,Inhibition of human ERG
CHEMBL4679763,11,11,IC50,2021.0,9,,Inhibition of human ERG expressed in HEK293 cells assessed as reduction in channel tail current by whole cell patch clamp assay
CHEMBL4679371,11,11,Inhibition,2021.0,9,,Inhibition of human ERG at 10 uM relative to control
CHEMBL6106118,11,11,IC50,2025.0,9,,Inhibition of hERG expressed in CHO cells
CHEMBL1635449,11,11,Ki|pKi,2010.0,9,,Displacement of [3H]dofetilide from human ERG by SPA
CHEMBL5110781,11,11,Inhibition,2022.0,9,,Inhibition of human ERG at 3 uM
CHEMBL5223848,11,11,Inhibition,2021.0,9,,Inhibition of hERG expressed in HEK293 cells at holding potential of -80 mV by whole cell patch clamp assay relative to control
CHEMBL2340120,11,11,IC20,2013.0,9,,Inhibition of human ERG
CHEMBL4703153,11,11,IC50,2020.0,9,,Inhibition of human ERG expressed in HEK293 cells by patch clamp assay
CHEMBL5223847,11,11,IC50,2021.0,9,,Inhibition of hERG expressed in HEK293 cells at holding potential of -80 mV by whole cell patch clamp assay
CHEMBL6098723,11,11,IC50,2025.0,9,,Inhibition of hERG by patch-clamp method
CHEMBL4041102,11,11,Inhibition,2017.0,9,,Inhibition of human ERG expressed in CHO cells at 1 x 10'-6 M by patch clamp method
CHEMBL4683752,11,11,Inhibition,2020.0,9,,Inhibition of human ERG at 10 uM by fluorescence polarization assay relative to control
CHEMBL6072700,11,11,Inhibition,2024.0,9,,Inhibition of hERG expressed in CHO cells at 30 uM by automated patch clamp analysis relative to control
CHEMBL5249647,11,11,IC50,2022.0,9,,Inhibition of hERG by fluorescence polarization assay
CHEMBL4718826,11,11,IC50,2016.0,9,,Inhibition of human ERG expressed in CHO cells at -80 mV holding potential by IonWorks patch-clamp electrophysiology assay
CHEMBL6072699,11,11,Inhibition,2024.0,9,,Inhibition of hERG expressed in CHO cells at 10 uM by automated patch clamp analysis relative to control
CHEMBL5254107,11,11,IC50,2017.0,9,,Inhibition of hERG potassium channel by Q-patch clamp assay
CHEMBL4355799,11,11,IC50,2019.0,9,,Displacement of MK-0499 from human ERG
CHEMBL1781402,11,11,Inhibition,2011.0,9,,Inhibition of human ERG at 300 uM
CHEMBL4731898,11,11,IC50|INH,2020.0,9,,Inhibition of human ERG
CHEMBL3579079,11,11,Ki,2015.0,9,,Inhibition of dofetilide binding to human ERG
CHEMBL5377367,11,11,IC50,2023.0,9,,Inhibition of hERG by manual patch clamp assay
CHEMBL4808322,11,11,Inhibition,2021.0,9,,Displacement of [3H]-dofetilide from human recombinant ERG at 10 uM relative to control
CHEMBL4056221,11,11,Inhibition,2017.0,9,,Inhibition of human ERG expressed in CHO cells assessed as decrease in peak tail current at 30 uM after 5 mins at -80 mV holding potential by patch clamp assay relative to control
CHEMBL3858245,11,11,IC50,2016.0,9,,Inhibition of human ERG
CHEMBL6135859,11,11,Activity|Inhibition,2024.0,9,,Inhibition of human ERG stably overexpressed in HEK293 cells assessed as remaining activity at 6 uM incubated for 30 mins by FLIPR assay
CHEMBL3380409,11,11,IC50,2014.0,9,,Inhibition of human ERG channel
CHEMBL3381617,11,11,IC50,2014.0,9,CHO,Inhibition of human ERG expressed in CHO cells by Rb efflux assay
CHEMBL5044152,11,11,IC50,2022.0,9,,Inhibition of human ERG by voltage clamp assay
CHEMBL1051047,11,11,IC20,2009.0,9,CHO,Inhibition of human ERG expressed in CHO cells
CHEMBL4622580,11,11,Inhibition,2020.0,9,,Inhibition of human ERG at 10 uM by automated patch clamp assay relative to control
CHEMBL2168855,11,11,EC50,2012.0,9,HEK293,Inhibition of human ERG expressed in HEK293 cells at -80 mV holding potential assessed as reduction in tail current amplitude by conventional patch clamp assay
CHEMBL3736649,11,11,Inhibition,2015.0,9,,Inhibition of human ERG at 10 uM by patch clamp technique
CHEMBL5377365,11,11,IC50,2023.0,9,,Displacement of [3H]-Dofetilide from hERG
CHEMBL5377366,11,11,IC50,2023.0,9,,Inhibition of hERG by microfluidic Qpatch clamp assay
CHEMBL3736648,11,11,Inhibition,2015.0,9,,Inhibition of human ERG at 1 uM by patch clamp technique
CHEMBL4414026,11,11,IC50,2019.0,9,,Inhibition of human ERG
CHEMBL4144996,11,10,Ki,2018.0,9,,Displacement of fluorescent-labelled dofetilide from human ERG expressed in HEK293 cell membrane homogenates
CHEMBL6188188,11,11,Inhibition,2025.0,9,,Inhibition of hERG expressed in HEK293 cells at 1 uM by manual patch clamp assay relative to control
CHEMBL4137010,11,11,Inhibition,2018.0,9,,Inhibition of human ERG expressed in HEK293 cells assessed as reduction in outward potassium current at 3 uM at holding potential was -80 mV after 5 mins by patch clamp assay
CHEMBL6137359,11,11,IC50,2025.0,9,,Inhibition of hERG
CHEMBL832278,11,11,IC50,2005.0,9,,Inhibition of partially open human voltage-gated potassium channel subunit Kv11.1 (ERG K+ channel)
CHEMBL1034067,11,11,IC50,2009.0,9,HEK293,Displacement of [3H]dofetilide from human ERG expressed in HEK293 cells
CHEMBL869626,11,11,IC50,2006.0,9,HEK293,Inhibitory activity against human hERG receptor expressed in HEK cells
CHEMBL5531576,11,11,IC50,2024.0,9,,Inhibition of hERG incubated for 2 to 6 hrs by fluorescence polarization assay
CHEMBL2162878,11,11,Inhibition,2011.0,9,,Inhibition of human ERG expressed in mammalian cells at 10 uM by patch clamp method
CHEMBL4427858,11,11,IC50,2016.0,9,,Inhibition of MK499 binding to human ERG
CHEMBL4840124,11,11,IC50,2021.0,9,,Inhibition of human ERG expressed in CHO cells at -80 mV holding potential by automated Qpatch electrophysiological method
CHEMBL5046094,11,11,IC50,2022.0,9,,Inhibition of [35S]MK-499 binding to hERG expressed in HEK293 cells
CHEMBL1274536,11,11,IC50,2010.0,9,HEK293,Inhibition of human ERG expressed in HEK cells by patch clamp technique
CHEMBL2060290,11,11,Inhibition,2012.0,9,CHO,Inhibition of human ERG expressed in CHO cells at 3 uM
CHEMBL3365826,11,11,IC50,2014.0,9,HEK293,Displacement of [3H]dofetilide from human ERG expressed in HEK293 cell membranes incubated for 90 mins by beta-counting method
CHEMBL3268319,11,11,Inhibition,2014.0,9,,Inhibition of human ERG at 1 uM by whole-cell voltage clamp assay
CHEMBL4843290,11,11,IC50,2021.0,9,,Inhibition of human ERG expressed in CHO by QPatch assay
CHEMBL5037696,11,11,IC50,2021.0,9,,Inhibition of hERG expressed in CHO-K1 cells assessed as reduction in thallium influx incubated for 30 minutes by FLIPR
CHEMBL5523086,11,11,IC50,2024.0,9,,Inhibition of hERG expressed in HEK293 cells at -80 mV holding potential by patch clamp analysis
CHEMBL944326,11,11,EC50,2008.0,9,CHO,Activity at human ERG expressed in CHO cells by patch-clamp assay
CHEMBL948485,11,11,IC50,2008.0,9,HEK293,Inhibition of human ERG expressed in HEK293 cells by patch-clamp method
CHEMBL1219663,11,11,IC50,2010.0,9,,Displacement of [3H]dofetilide from human ERG at 10 uM
CHEMBL5225841,11,11,Inhibition,2023.0,9,,Inhibition of hERG at 30 uM incubated for 24 hrs by scintillation counter analysis relative to control
CHEMBL4013831,10,10,Inhibition,2017.0,9,,Inhibition of human ERG at 1 uM by QPatch clamp assay relative to control
CHEMBL4880831,10,10,Inhibition,2021.0,9,,Inhibition of Potassium Channel hERG at 10 µM in the Eurofins-Panlabs radioligand binding assay (Eurofins_assay_265900)
CHEMBL4016564,10,10,Inhibition,2017.0,9,,Inhibition of human ERG at 3 uM by patch clamp assay relative to control
CHEMBL854891,10,6,IC50,2007.0,9,,Displacement of 3H-dofetilide from hERG-expressing HEK membrane homogenates
CHEMBL853270,10,10,IC50,2006.0,9,HEK293,Inhibition of hERG potassium channel in HEK293 cells by patch clamp assay
CHEMBL3749265,10,10,IC50,2015.0,9,,Inhibition of human ERG channel by automated Q-patch assay
CHEMBL3364871,10,10,Inhibition,2014.0,9,,Inhibition of human ERG at 10 uM
CHEMBL5136953,10,10,IC50,2022.0,9,,Inhibition of human ERG by fluorescence polarization assay
CHEMBL2350608,10,10,Inhibition,2013.0,9,,Inhibition of human ERG channel at 10 uM
CHEMBL2352672,10,10,IC50,2013.0,9,,Inhibition of human ERG by IonWorks assay
CHEMBL3789775,10,10,IC50,2016.0,9,HEK293,Displacement of [3H]dofetilide from human ERG channel expressed in HEK293 cells after 60 mins by liquid scintillation counting method
CHEMBL930660,10,10,IC50,2008.0,9,,Inhibition of human ERG
CHEMBL4392036,10,10,IC50,2019.0,9,,Inhibition of Tracer Red binding to human ERG expressed in membranes by fluorescence polarization assay
CHEMBL3266700,10,10,IC50,2014.0,9,,Inhibition of human ERG by electrophysiology assay
CHEMBL1273173,10,10,Inhibition,2010.0,9,,Inhibition of human ERG at 10 uM
CHEMBL4428885,10,10,Ki,2016.0,9,HEK293,Displacement of [3H]dofetilide from human ERG expressed in HEK293 cells after 45 mins by scintillation counting analysis
CHEMBL2173630,10,10,IC50,2012.0,9,HEK293,Inhibition of human ERG transfected in HEK293 cell membranes by whole cell patch clamp assay
CHEMBL3750698,10,10,IC50,2016.0,9,,Inhibition of human ERG by IKr binding assay
CHEMBL3374870,10,10,INH,2015.0,9,,Inhibition of human ERG channel
CHEMBL2339143,10,10,IC50,2013.0,9,,Inhibition of human ERG
CHEMBL4388216,10,10,Inhibition,2019.0,9,,Inhibition of human ERG
CHEMBL1107054,10,10,Inhibition,2010.0,9,,Displacement of dofetilide from human ERG at 10 uM
CHEMBL4681405,10,10,IC50,2016.0,9,,Inhibition of human ERG by electrophysiology assay
CHEMBL3423786,10,10,IC50,2015.0,9,CHO,Inhibition of human ERG expressed in CHO cells
CHEMBL1291557,10,10,Inhibition,2010.0,9,,Inhibition of human ERG at 10 uM by whole cell patch-clamp technique
CHEMBL4201937,10,10,IC50,2018.0,9,,Inhibition of human ERG expressed in CHO cells at holding potential of -80 mV by patch clamp method
CHEMBL768689,10,10,Ki,2004.0,9,,Binding affinity for Potassium channel HERG Kv11.1
CHEMBL4403243,10,10,IC50,2020.0,9,,Inhibition of human ERG expressed in CHOK1 cells by Qpatch electrophysiological assay
CHEMBL4391984,10,10,Inhibition,2019.0,9,,Inhibition of human ERG expressed in CHOK1 cells at 10 uM by automated patch clamp method relative to control
CHEMBL3706371,10,10,Ki,2015.0,9,HEK293,"In Vitro Binding Assay: Compounds were evaluated for binding to the human ether-a-go-go potassium channel (hERG) expressed in HEK293 cells by displacement of 3[H]-astemizole according to the methods by Finlayson et al. (K. Finlayson., L. Turnbull, C. T. January, J. Sharkey, J. S. Kelly; [3H]Dofetilide binding to HERG transfected membranes: a potential high throughput preclinical screen. Eur. J. Pharmacol. 2001, 430, 147-148). Compounds were incubated at 1 or 10 μM final concentration, in duplicate, and the amount of displaced 3[H]-astemizole determined by liquid scintillation spectroscopy. In some cases, a seven concentration (each concentration in duplicate) displacement curve was generated to determine an IC50."
CHEMBL4818301,10,10,Inhibition,2021.0,9,,Inhibition of human ERG expressed in HEK293 cells at 10 uM by whole cell patch clamp method relative to control
CHEMBL1657597,10,10,IC50,2011.0,9,HEK293,Displacement of [3H]-dofetilide from human ERG expressed in HEK293 cells
CHEMBL4626210,10,10,IC50,2020.0,9,HEK293,Inhibition of human ERG expressed in HEK293 cells after 5 mins by IonWorks barracuda patch clamp method
CHEMBL3865060,10,10,EC50,2016.0,9,,Inhibition of human ERG
CHEMBL4709255,10,10,IC50,2020.0,9,,Inhibition of human ERG by fluorescence polarization assay
CHEMBL1840125,10,10,IC50,2011.0,9,,Inhibition of human hERG
CHEMBL1020033,10,10,IC50,2008.0,9,HEL,Displacement of [35S]MK499 from human ERG expressed in HEL cells
CHEMBL5160513,10,10,IC50,2022.0,9,,Inhibition of MK-499 binding to hERG
CHEMBL5164097,10,10,Inhibition,2022.0,9,,Inhibition of human recombinant ERG at 1 uM in presence of dofetilide relative to control
CHEMBL4264023,10,10,IC50,2018.0,9,,Inhibition of human ERG
CHEMBL5098616,10,10,IC50,2021.0,9,,Inhibition of hERG ion channel incubated for 3 hrs by fluorescence polarization assay
CHEMBL4624483,10,10,IC50,2020.0,9,CHO,Inhibition of human ERG expressed in CHO cells by electrophysiology QPatch assay
CHEMBL4151701,10,10,IC50,2018.0,9,,Inhibition of human ERG
CHEMBL4812957,10,10,Inhibition,2021.0,9,,Inhibition of human ERG expressed in CHO cells at 10 uM at holding potential of -80 mV by patch clamp method
CHEMBL4678538,10,10,Inhibition,2020.0,9,,Inhibition of human ERG activity at 20 uM by functional cellular assay
CHEMBL5584875,10,10,IC50,2024.0,9,,Inhibition of hERG
CHEMBL4255046,10,10,IC50,2018.0,9,,Inhibition of human ERG by [3H]dofetilide binding displacement assay
CHEMBL2033332,10,10,IC50,2012.0,9,,Inhibition of human ERG by whole cell assay
CHEMBL2184356,10,10,IC50,2012.0,9,,Inhibition of human ERG
CHEMBL4270242,10,10,IC50,2018.0,9,,Inhibition of MK-499 binding to human ERG
CHEMBL4055831,10,10,Inhibition,2017.0,9,,Inhibition of human ERG at 30 uM
CHEMBL5374379,10,9,IC20|IC50,2023.0,9,,Inhibition of hERG expressed in CHO cells by QPatch voltage clamp assay
CHEMBL4830030,10,10,Inhibition,2021.0,9,,Inhibition of human ERG expressed in HEK293 cells at 3 uM by whole cell patch clamp method relative to control
CHEMBL1639762,10,10,Inhibition,2010.0,9,,Inhibition of human ERG at 10 uM by patch clamp assay
CHEMBL4839289,10,10,IC50,2021.0,9,,Inhibition of human ERG stably expressed in CHO-K1 cells at -90 mV holding potential by automated Q-patch clamp method
CHEMBL868944,10,10,IC50,2006.0,9,HEK293,Inhibitory activity against human hERG receptor expressed in HEK cells
CHEMBL5046649,10,10,Inhibition,2021.0,9,,Inhibition of hERG at 1 uM by whole-cell electrophysiological assay relative to control
CHEMBL5048808,10,10,IC50,2022.0,9,,Inhibition of human ERG by [3H]]Astemizole binding assay
CHEMBL889047,10,10,Inhibition,2007.0,9,,Inhibition of human ERG expressed in human embryonic kidney cells at 10 uM
CHEMBL5621454,10,10,IC50,2023.0,9,,Inhibition of human ERG expressed in CHO-K1 cells measured every 20 sec by automated Patch Clamp method
CHEMBL5442367,10,10,Inhibition,2024.0,9,,"SafetyScreen: hERG Human Potassium Ion Channel [3H] Dofetilide Binding Antagonist Radioligand SafetyScreen, catalogue number: 4094"
CHEMBL4413821,10,10,IC50,2019.0,9,,Inhibition of human ERG after 4 hrs by fluorescence polarization assay
CHEMBL4845170,9,9,Inhibition,2021.0,9,,Displacement of [3H]astemizole from human ERG expressed in HEK293 cells at 100 uM relative to control
CHEMBL3812630,9,9,IC50,2016.0,9,,Binding affinity to human ERG by radioligand binding assay
CHEMBL2049748,9,9,IC50,2012.0,9,,Inhibition of human ERG
CHEMBL853272,9,9,Inhibition,2006.0,9,HEK293,Inhibition of hERG potassium channel in HEK293 cells by patch clamp assay at 1 uM
CHEMBL1633019,9,9,Inhibition,2010.0,9,,Inhibition of MK-0499 binding to human ERG at 10 uM
CHEMBL2427861,9,9,IC50,2013.0,9,,Inhibition of human ERG by patch clamp assay
CHEMBL3889183,9,9,IC50,2016.0,8,Sf9,"Inhibition Assay: The hERG inhibition study aims at quantifying the in vitro effects of compounds of the invention on the potassium-selective IKf current generated in normoxic conditions in stably transfected HEK 293 cells with the human ether-a-go-go-related gene (hERG).Whole-cell currents (acquisition by manual patch-clamp) elicited during a voltage pulse were recorded in baseline conditions and following application of tested compounds (5 minutes of exposure). The concentrations of tested compounds (0.3 uM; 3 uM; 10 uM; 30 uM) reflect a range believed to exceed the concentrations at expected efficacy doses in preclinical models.The pulses protocol applied is described as follow: the holding potential (every 3 seconds) was stepped from -80 mV to a maximum value of +40 mV, starting with -40 mV, in eight increments of +10 mV, for a period of 1 second. The membrane potential was then returned to -55 mV, after each of these incremented steps, for 1 second and finally repolarized to -80 mV for 1 second.Â  The current density recorded were normalized against the baseline conditions and corrected for solvent effect and time-dependent current run-down using experimental design in test compound free conditions.Â  Inhibition curves were obtained for compounds and the concentrations which decreased 50% of the current density determined in the baseline conditions (IC50) were determined. All compounds for which the IC50 value is above 10 uM are not considered to be potent inhibitors of the hERG channel whereas compounds with IC50 values below 1 uM are considered potent hERG channel inhibitors."
CHEMBL4676423,9,9,Inhibition,2020.0,9,,Inhibition of human ERG expressed in CHO cells at 10 uM at -80 mV holding potential by whole cell patch clamp assay
CHEMBL1105771,9,9,IC50,2010.0,9,,Displacement of labeled dofetilide human ERG
CHEMBL3268528,9,9,IC50,2014.0,9,HEK293,Displacement of [3H]-astemizole from human ERG expressed in HEK293 cells
CHEMBL902717,9,9,Inhibition,2007.0,9,,Inhibition of human hERG current at 1 uM
CHEMBL2320518,9,9,Inhibition,2013.0,9,HEK293,Inhibition of human ERG transfected HEK293 cells assessed as membrane k+ current IKr at 3 uM by patch clamp study (solvent control = 6.5 +/- 3.9 to 17%)
CHEMBL4331542,9,9,Inhibition,2019.0,9,CHO,Inhibition of human ERG expressed in CHO cells at 40 uM at -80 mV holding potential after 2.5 mins by Qpatch clamp assay relative to control
CHEMBL5338527,9,9,IC50,2024.0,9,,Inhibition of human ERG expressed in CHO K1 cells measured after 4 min by QPatch assay
CHEMBL3296306,9,9,IC50,2014.0,9,,Inhibition of human ERG by medium-throughput electrophysiology
CHEMBL2384768,9,9,IC50,2013.0,9,HEK293,Inhibition of human ERG channel in HEK293 cells by voltage-gated patch clamp technique
CHEMBL4004026,9,9,IC50,2017.0,9,,Inhibition of human ERG
CHEMBL5739058,9,3,IC50|k_off|kon,2023.0,9,,"Electrophysiological Assay: HEK293 engineering cells stably expressed with hERG potassium channel were used to test the compounds. Patch Clamp Detection: The cells were separated by TrypLE Express before the test. 3×10 3 of cells were spread on a cover plate, cultured in 24-well plate and tested 18 hours later. The signals produced by voltage stimulation of potassium currents in cells were recorded by electrophysiological techniques."
CHEMBL5156635,9,9,Inhibition,2022.0,9,,Inhibition of hERG at 0.3 ug/ml relative to control
CHEMBL5156636,9,9,Inhibition,2022.0,9,,Inhibition of hERG at 1 ug/ml relative to control
CHEMBL3776784,9,9,Inhibition,2016.0,9,,Inhibition of human ERG (unknown origin) at 10 uM
CHEMBL2427860,9,9,IC50,2013.0,9,HEK293,Inhibition of human ERG transfected in HEK293 cells by patch clamp assay
CHEMBL3425006,9,9,IC50,2015.0,9,HEK293,Inhibition of human ERG expressed in HEK293 cells after 5 mins by patch-clamp assay
CHEMBL2154697,9,9,IC50,2012.0,9,,Inhibition of human ERG
CHEMBL2168044,9,9,IC50,2012.0,9,CHO,Inhibition of human recombinant hERG expressed in CHO cells by automated patch clamp assay
CHEMBL3419072,9,9,IC50,2015.0,9,,Inhibition of human ERG channel after 2 hrs by fluorescence polarization assay
CHEMBL903477,9,9,IC50,2007.0,9,,Inhibition of hERG
CHEMBL2061643,9,9,Inhibition,2012.0,9,,Inhibition of human ERG expressed in HMZ/CHO.8B4 cells at 10 uM by patch clamp assay
CHEMBL3378079,9,9,IC50,2014.0,9,HEK293,Inhibition of human ERG over-expressed in HEK293 cell membrane by [3H]dofetilide binding assay
CHEMBL4135221,9,9,Inhibition,2017.0,9,,Inhibition of Tracer Red binding to human ERG expressed in membranes at 10 uM by fluorescence polarization assay relative to control
CHEMBL2034393,9,9,Inhibition,2012.0,9,,Inhibition of human ERG at 10 uM by IonWorks assay
CHEMBL6141386,9,6,IC20|IC50,2025.0,9,,Inhibition of hERG expressed in CHO cells assessed as inhibition of channel current at holding potential of -80 mV by QPatch assay
CHEMBL686879,9,9,IC50,1997.0,8,,Inhibition of Ikr current in isolated guinea pig myocytes during a 0.5 s voltage clamp step from -50 to -10 mV.
CHEMBL6188189,9,9,Inhibition,2025.0,9,,Inhibition of hERG expressed in HEK293 cells at 3 uM by manual patch clamp assay relative to control
CHEMBL2173974,9,9,IC50,2012.0,9,HEK293,Inhibition of human ERG expressed in HEK293 cells by electrophysiological ion flux assay
CHEMBL4236893,9,9,IC50,2018.0,9,,Inhibition of human ERG by patch clamp assay
CHEMBL3614618,9,9,Ki,2015.0,9,,Displacement of [3H]-astemizole from human ERG
CHEMBL5730062,9,3,IC50|k_off|kon,2015.0,9,,"Inhibition Assay: To determine whether compounds were selective for TRPV3 inhibition over inhibition of other ion channel types, the human ERG (hERG), NaV1.2, and TRPV1 (hTRPV1) channels and the rat TRPV6 (rTRPV6) channel were also stably transfected and expressed or induced to express in mammalian cell lines. The methods for measuring currents from these channels are well-established and have been described in numerous publications (See, Weerapura et al., 2002, J Physiology 540: 15-27; Rush et al., 2005, J Physiology 564: 808-815; Caterina et al., 1997, Nature 389: 816-824; Hoenderhop et al., 2001, J Physiology 537: 747-761; Clapham et al., 2003, Pharmacol Rev 55: 591-596)."
CHEMBL5735616,9,3,IC50|k_off|kon,2020.0,9,,"hERG Assay: Voltage clamp protocol: Computer software was used to set voltage clamp protocols. In whole-cell model, cells were held at −80 mV, first depolarized to −50 mV for 80 ms, and then depolarized to +20 mV for 4800 ms to activate the hERG channels. After that the cells were repolarized to −50 mV for 5000 ms to elicit the characteristic tail currents. Finally the cells were held at −80 mV again. The peak values of tail currents were sampled for analysis.Automated QPatch procedure: After achieving break-in (whole-cell) configuration, the cells were recorded for 120 sec to assess current stability. The voltage protocol described above was then applied to the cells every 15 sec throughout the whole procedure. Only stable cells with recording parameters above threshold were allowed to enter the drug application procedure. All experiments were conducted at room temperature (about 25° C.). External solution containing 0.1% DMSO (vehicle) was applied to the cells to establish the baseline. After allowing the current to stabilize for 3 minutes, compound was applied. Compound solution was added and the cells were kept in the test solution until the compound's effect reached a steady state or for a maximum of 4 min. For dose response assay, compound was applied to the cells accumulatively from low to high concentrations. Washout with external solution was performed after compound testing. Positive control cisapride is used in the experiments to test the same batch of cells used for test compounds to ensure the normal response and the good quality of the cells.Data were analyzed using Assay Software provided by Sophion, Microsoft Excel and Graphpad Prism."
CHEMBL5130009,9,9,Inhibition,2022.0,9,,Inhibition of hERG expressed in CHO cells 10 uM at by Q patch-clamp method relative to control
CHEMBL4827648,9,9,Inhibition,2021.0,9,,Inhibition of human ERG at 1 uM by automated patch-clamp assay relative to control
CHEMBL5621970,9,9,Inhibition,2023.0,9,,Inhibition of human ERG expressed in HEK293 cells at 10 uM by whole cell patch clamp assay assay relative to control
CHEMBL4827649,9,9,Inhibition,2021.0,9,,Inhibition of human ERG at 10 uM by automated patch-clamp assay relative to control
CHEMBL1027290,9,9,IC50,2009.0,9,,Inhibition of human ERG
CHEMBL2208508,9,9,Inhibition,2006.0,9,,Inhibition of human ERG
CHEMBL3129316,9,9,IC50,2014.0,9,,Inhibition of human ERG
CHEMBL2215806,9,9,IC50,2012.0,9,HEK293,Inhibition of human ERG in HEK cells by ion flux electrophysiology assay
CHEMBL4624348,9,9,IC50,2020.0,9,,Inhibition of human ERG
CHEMBL3385491,9,8,IC50,2014.0,9,,Inhibition of human ERG channel by patch-clamp assay
CHEMBL4137254,9,9,IC50,2018.0,9,,Inhibition of human ERG expressed in CHO cells
CHEMBL5379185,9,9,Inhibition,2023.0,9,,Inhibition of hERG at 10 uM relative to control
CHEMBL5610157,9,9,IC50,2024.0,9,,Inhibition of hERG by patch clamp electrophysiology assay
CHEMBL1030736,9,9,Ki,2009.0,9,,Binding affinity to human ERG
CHEMBL5316578,9,9,IC50,2023.0,9,,Inhibition of human ERG
CHEMBL1837910,9,9,Inhibition,2011.0,9,HEK293,Inhibition of human ERG expressed in HEK293 cells assessed as inhibition of membrane K+ current IKr at 3 uM after 5 mins by patch clamp assay (Rvb = 17%)
CHEMBL968700,9,9,Ki,2009.0,9,,Binding affinity to human ERG
CHEMBL2396019,9,9,IC50,2013.0,9,HEK293,Inhibition of human ERG expressed in HEK cells by ion flux electrophysiology method
CHEMBL1021907,9,6,IC50,2008.0,9,HEK293,Displacement of MK-499 from human ERG channel in HEK293 cells
CHEMBL1827211,9,9,IC50,2011.0,9,,Inhibition of human ERG
CHEMBL944718,9,9,IC50,2008.0,9,CHO,Inhibition of hERG potassium channel expressed in CHO cells by isotope efflux assay
CHEMBL1918473,8,8,Inhibition,2011.0,8,,Displacement of dofetilide from ERG
CHEMBL4719471,8,8,IC50,2016.0,9,,Inhibition of human ERG by IonWorks patch clamp electrophysiology method
CHEMBL2406355,8,8,IC50,2013.0,9,,Inhibition of human ERG by dofetilide binding assay
CHEMBL2390223,8,8,IC50,2013.0,9,HEK293,Inhibition of human ERG expressed in HEK293 cells by electrophysiology assay
CHEMBL3381295,8,8,IC50,2014.0,9,,Inhibition of human ERG channel by patch clamp technique
CHEMBL886473,8,8,Inhibition,2007.0,9,,Inhibition of hERG current at 1 uM by patch clamp electrophysiology assay
CHEMBL3224839,8,8,Inhibition,2011.0,9,HEK293,Inhibition of human ERG expressed in HEK293 cells at 1 uM after 5 mins by patch clamp assay
CHEMBL2210902,8,8,IC50,2012.0,9,,Inhibition of human ERG by patch clamp assay
CHEMBL1050865,8,8,Inhibition,2009.0,9,HEK293,Inhibition of human ERG expressed in HEK293 cells at 10 uM by fast patch clamp method
CHEMBL1054110,8,8,IC50,2009.0,9,,Inhibition of human ERG
CHEMBL1051824,8,8,IC50,2009.0,9,HEK293,Inhibition of human ERG expressed in HEK293 cells by patch-clamp technique
CHEMBL3611882,8,8,Ki,2015.0,9,HEK293,Binding affinity to human ERG expressed in HEK293 cells by radioligand displacement assay
CHEMBL4265449,8,8,Inhibition,2018.0,9,,Inhibition of human ERG at 10 uM relative to cisapride
CHEMBL887127,8,8,IC50,2007.0,9,,Inhibition of cardiac hERG
CHEMBL4811862,8,8,Inhibition,2021.0,9,,Inhibition of human ERG expressed in CHO cells at 5 uM maintained at -80 mV membrane potential by automated patch-clamp assay relative to control
CHEMBL4131395,8,8,IC50|Inhibition,2017.0,9,,Displacement of [3H]astemizole from human ERG
CHEMBL4774539,8,8,IC50,2020.0,9,,Inhibition of human ERG stably expressed in HEK293 cells by whole-cell manual patch clamp method
CHEMBL2182408,8,8,Inhibition,2012.0,9,CHO,Inhibition of human ERG expressed in CHO cells at 10 uM by whole cell voltage clamp assay
CHEMBL5554846,8,8,Inhibition,2024.0,9,,Inhibition of hERG expressed in CHO cells at 3 uM by automated patch clamp (QPatch) assay relative to control
CHEMBL3615686,8,8,IC50,2015.0,9,HEK293,Inhibition of human ERG expressed in HEK293 cells by electrophysiology assay
CHEMBL3861883,8,8,Inhibition,2016.0,9,CHO,Inhibition of human ERG expressed in CHO cells assessed as reduction in channel currents at 10 uM at -80 mV holding potential by automated whole-cell patch clamp method
CHEMBL4619106,8,4,IC20|IC50,2020.0,9,,Inhibition of human ERG
CHEMBL3861882,8,8,IC50,2016.0,9,CHO,Inhibition of human ERG expressed in CHO cells assessed as reduction in channel currents at -80 mV holding potential by automated whole-cell patch clamp method
CHEMBL4149876,8,8,IC50,2018.0,9,,Inhibition of human ERG expressed in HEK293 cells assessed as reduction in peak tail current after 2 to 5 mins by patch clamp based electrophysiology assay
CHEMBL4136264,8,8,IC50,2017.0,9,,Inhibition of human ERG
CHEMBL3859635,8,8,IC50,2016.0,9,,Inhibition of human ERG
CHEMBL4122310,8,8,Inhibition,2018.0,9,,Inhibition of human ERG at 10 uM relative to control
CHEMBL3865242,8,8,IC50,2016.0,9,HEK293,Displacement of [3H]-dofetilide from human ERG expressed in HEK293 cell membranes after 90 mins by scintillation counting
CHEMBL3579786,8,8,IC50,2015.0,9,HEK293,Inhibition of human ERG expressed in HEK293 cells by FLIPR based flux assay
CHEMBL4331643,8,8,Inhibition,2019.0,9,CHO,Inhibition of human ERG expressed in CHO cells at 25 uM by electrophysiology assay relative to control
CHEMBL5248058,8,8,IC50,2019.0,9,,Inhibition of hERG potassium channel incubated for 4 hrs by fluorescence polarization assay
CHEMBL1781401,8,8,Inhibition,2011.0,9,,Inhibition of human ERG at 30 uM
CHEMBL4030033,8,8,IC50,2017.0,9,,Inhibition of human ERG by Qpatch electrophysiology method
CHEMBL4221872,8,8,Inhibition,2018.0,9,,Inhibition of human ERG at 10 uM by patch clamp assay relative to control
CHEMBL3295963,8,8,Ki,2014.0,9,,Displacement of [35S]MK-499 from human ERG
CHEMBL984727,8,8,IC50,2008.0,9,,Inhibition of human ERG
CHEMBL1211615,8,4,IC50,2010.0,9,,Inhibition of human ERG
CHEMBL4180224,8,8,IC50,2017.0,9,,Inhibition of human ERG expressed in Xenopus laevis oocytes by two-electrode voltage clamp assay
CHEMBL3797007,8,8,IC50,2016.0,9,,Inhibition of human ERG by electrophysiology analysis
CHEMBL5344084,8,8,Inhibition,2023.0,9,,Inhibition of hERG at 40 uM relative to control
CHEMBL5521546,8,8,IC50,2024.0,9,,Inhibition of human ERG expressed in CHO cells by whole cell patch clamp recording
CHEMBL1936933,8,6,IC50,2012.0,9,,Inhibition of human ERG by patch express assay
CHEMBL3293609,8,8,Ki,2014.0,9,,Binding affinity to human ERG
CHEMBL5534842,8,8,IC50,2024.0,9,,Inhibition of human ERG by whole cell patch-clamp assay
CHEMBL5354415,8,8,Activity,2022.0,9,,Inhibition of hERG expressed in HEK cells assessed as Rb+ efflux ratio at 10 mg/L incubated for 4 mins (Rvb = 79.71 to 94.98 %)
CHEMBL4734892,8,8,Ratio IC50,2021.0,9,,Displacement of [3H]dofetilide from human ERG stably expressed in HEK293 cell membranes assessed as unlabelled dofetilide IC50 at 3 uM measured after 60 mins by microbeta liquid scintillation counting method relative to dofetilide IC50 alone
CHEMBL1287098,8,8,IC50,2010.0,9,,Displacement of [3H]dofetilide from human ERG by scintillation proximity assay
CHEMBL1104433,8,8,IC50,2010.0,9,,Inhibition of human ERG by FLIPR assay
CHEMBL2173338,8,8,IC50,2012.0,9,HEK293,Inhibition of human ERG expressed in HEK 293 cells by PatchXpress assay
CHEMBL3806618,8,8,IC50,2016.0,9,HEK293,Inhibition of human ERG expressed in HEK293 cells assessed as tail current at -50 mV holding potential by whole-cell patch clamp method
CHEMBL3807756,8,4,IC50|Ki,2016.0,9,HEK293,Displacement of [3H] dofetilide from human ERG channel expressed in HEK293 cell membranes incubated for 2 hrs by scintillation counting analysis
CHEMBL1069497,8,8,IC50,2010.0,9,,Inhibition of human ERG
CHEMBL3117583,8,8,IC50,2014.0,9,,Inhibition of human ERG by whole-cell patch clamp method
CHEMBL4270206,8,8,Inhibition,2018.0,9,,Inhibition of human ERG expressed in HEK293 cells at 10 uM by automated patch clamp method relative to control
CHEMBL3611883,8,8,EC50|Inhibition,2015.0,9,CHO,Inhibition of human ERG expressed in CHO cells by patch clamp assay
CHEMBL3607755,8,8,IC50|pIC50,2015.0,9,,Inhibition of human ERG
CHEMBL2013523,8,8,IC50,2012.0,9,,Inhibition of human ERG by fluorescence polarization assay
CHEMBL1103133,8,8,IC50,2010.0,9,,Inhibition of human ERG
CHEMBL5253362,8,8,IC50,2016.0,9,,Inhibition of human ERG
CHEMBL4015502,8,8,IC50,2017.0,9,HEK293,Inhibition of human ERG expressed in HEK293 cells by flux assay
CHEMBL3588589,8,8,IC50,2015.0,9,,Inhibition of human ERG
CHEMBL5146135,8,8,Inhibition,2022.0,9,,Inhibition of human ERG at 100 uM by Ionworks electrophysiology assay
CHEMBL5337477,8,8,Inhibition,2024.0,9,,Inhibition of hERG in B-SYS CHO hERG-Duo cells at 10 uM by automated patch clamp assay relative to control
CHEMBL5344086,8,8,IC50,2023.0,9,,Inhibition of hERG
CHEMBL1059781,8,8,IC50,2009.0,9,HEK293,Displacement of [35S]MK499 from human ERG expressed in HEK293 cells overexpressing Ikr channel protein
CHEMBL1108768,8,8,IC50,2010.0,9,,Displacement of [3H]astemizole from human ERG
CHEMBL4048003,8,8,IC50,2018.0,9,HEK293,Inhibition of human ERG expressed in HEK293 cells assessed as decrease in peak tail current amplitude by path clamp method
CHEMBL5354416,8,8,Activity,2022.0,9,,Inhibition of hERG expressed in HEK cells assessed as Rb+ efflux ratio at 100 mg/L incubated for 4 mins (Rvb = 79.71 to 94.98 %)
CHEMBL3887163,8,7,IC50,2016.0,8,CHO,"hERG Patch Clamp Assay: All testing was carried out in CHO cells transfected with the hERG gene purchased from Millipore (PrecisION hERG-CHO Recombinant Cell Line CYL3038). The cell line was grown in DMEM/F-12, GlutaMAX with 10% fetal bovine serum, 1% Penicillin-Streptomycin, 1% Geneticin and 1% of 1M HEPES buffer solution, and maintained at approximately 37 °C. in a humidified atmosphere containing 5% carbon dioxide. The cells were passaged every 3-5 days based on confluency. On the day of the experiment, 50%-80% confluent cells were harvested from a 175 cm2 culture flask using Detachin. After 10 minutes of exposure to Detachin at 37 °C., the cells were centrifuged for 1 minute at 1000 RPM. The supernatant was removed and the cell pellet was reconstituted in 5-8 mL of serum free media with 2.5% of 1M HEPES, placed on the Qstirrer, and allowed to recover. After a 30 minute recovery period, experiments were initiated."
CHEMBL927771,8,8,Inhibition,2008.0,8,HEK293,Displacement of [35S]MK-499 from ERG expressed in HEK293 cells at 10 uM
CHEMBL4384705,8,8,IC50,2018.0,9,CHO-K1,Inhibition of human ERG expressed in CHO-K1 cells by Patch clamp assay
CHEMBL4313152,8,8,IC50,2019.0,9,,Inhibition of human ERG by patch-clamp method
CHEMBL4605649,8,8,IC50,2020.0,9,,Inhibition of human ERG incubated for 4 hrs by competitive fluorescence tracer binding based assay
CHEMBL835271,8,8,Inhibition,2005.0,9,HEK293,Percent inhibition against displacement of 35[S] MK-499 binding to hERG channel expressed in HEK293 cells at a concentration of 10 uM
CHEMBL839576,8,8,Ki,2005.0,9,,Inhibition of [3H]astemizole binding to Potassium channel HERG
CHEMBL3369983,8,8,Inhibition,2014.0,9,,Inhibition of human ERG
CHEMBL4734908,8,8,IC50,2021.0,9,,Displacement of [3H]dofetilide from human ERG stably expressed in HEK293 cell membranes assessed as unlabelled dofetilide IC50 at 3 uM measured after 60 mins by microbeta liquid scintillation counting method (Rvb = 9.1 to 11.7 nM)
CHEMBL5354414,8,8,Activity,2022.0,9,,Inhibition of hERG expressed in HEK cells assessed as Rb+ efflux ratio at 1 mg/L incubated for 4 mins (Rvb = 79.71 to 94.98 %)
CHEMBL1685549,8,8,INH,2011.0,9,,Inhibition of human ERG
CHEMBL6113406,8,8,Inhibition,2025.0,9,,Inhibition of hERG at 1 uM at -80 mV holding potential by whole-cell patch clamp analysis relative to control
CHEMBL4200760,8,8,IC50,2018.0,9,,Inhibition of human ERG by automated patch clamp assay
CHEMBL5226013,7,7,Ki,2023.0,9,,Displacement of [3H]-dofetilide from human ERG
CHEMBL5328592,7,7,Inhibition,2023.0,9,,Inhibition of hERG expressed in HEK293 cells at 1 uM at -80 mV holding potential by automated patch clamp analysis
CHEMBL5104430,7,7,IC50,2021.0,9,,Inhibition of human ERG
CHEMBL1839633,7,7,IC50,2011.0,9,,Inhibition of human ERG
CHEMBL1913194,7,5,IC50,2011.0,9,,Inhibition of human ERG
CHEMBL1839209,7,7,IC50,2011.0,9,,Inhibition of human ERG
CHEMBL2400450,7,7,IC50,2013.0,9,,Inhibition of human ERG current by patch clamp assay
CHEMBL6085050,7,7,IC50,2024.0,9,,Inhibition of human ERG expressed in HEK293 cells by whole-cell patch clamp method
CHEMBL6081179,7,7,Inhibition,2024.0,9,,Inhibition of hERG at 10 uM relative to control
CHEMBL4709471,7,7,IC50,2020.0,9,,Inhibition of human ERG
CHEMBL1016403,7,7,IC50,2009.0,9,,Inhibition of human ERG
CHEMBL4810688,7,7,Inhibition,2021.0,9,,Displacement of [3H]-dofetilide from human ERG at 10 uM relative to control
CHEMBL1819702,7,7,Inhibition,2011.0,9,,Inhibition of human ERG at 30 uM
CHEMBL3620197,7,7,IC50,2015.0,9,CHO,Inhibition of human ERG expressed in CHO cells by patch clamp electrophysiology assay
CHEMBL2186754,7,7,IC50,2012.0,9,HEK293,Displacement of [3H]dofetilide to human ERG expressed in HEK293 cells
CHEMBL4373010,7,7,Inhibition,2019.0,9,,Inhibition of human ERG at 10 uM relative to control
CHEMBL4373011,7,7,Inhibition,2019.0,9,,Inhibition of human ERG at 1 uM relative to control
CHEMBL822598,7,7,IC50,2002.0,9,,K+ channel blocking activity in human embryonic kidney cells expressing HERG Kv11.1
CHEMBL768686,7,7,IC50,2003.0,9,,Inhibitory activity against Potassium channel HERG
CHEMBL3396429,7,7,IC50,2015.0,9,,Inhibition of human ERG
CHEMBL3382984,7,7,IC50,2014.0,9,HEK293,Inhibition of ERG channel in HEK293 cells by whole cell patch clamp technique
CHEMBL4270205,7,7,Inhibition,2018.0,9,,Inhibition of human ERG expressed in HEK293 cells at 1 uM by automated patch clamp method relative to control
CHEMBL3096731,7,7,IC50,2013.0,9,HEK293,Inhibition of human ERG channel expressed in HEK293 cells after 15 mins by whole-cell patch clamp technique
CHEMBL3096002,7,7,IC50,2013.0,9,,Inhibition of human ERG flux
CHEMBL3607542,7,7,IC50,2015.0,9,CHO,Inhibition of human ERG expressed in CHO cells by patch express method based electrophysiology assay
CHEMBL3606549,7,7,IC50,2015.0,9,HEK293,Displacement of [3H]-astemizole from human ERG channel expressed in HEK293 cells by radioligand competition binding assay
CHEMBL3591007,7,7,Inhibition,2015.0,9,CHO,Inhibition of human ERG expressed in CHO cells at 1 uM by automated whole-cell patch clamp electrophysiology system relative to control
CHEMBL1024556,7,5,IC50,2009.0,9,,Inhibition of human ERG channel
CHEMBL4672099,7,7,Inhibition,2020.0,9,,Inhibition of human ERG expressed in HEK293 cells at 10 uM at - 80 mV holding potential by whole cell patch clamp assay relative to control
CHEMBL4418047,7,7,Inhibition,2017.0,9,CHO,Inhibition of human ERG expressed in CHO cell membranes assessed as displacement of high-affinity red fluorescent hERG channel ligand
CHEMBL5463762,7,7,% Ctrl,2023.0,9,,Inhibitor of HERG_DOFETILIDE in the Eurofins Cerep SafetyScreen44 (BI) by Scintillation counting (Cerep_4094)
CHEMBL888509,7,7,IC50,2007.0,9,,Inhibition of human ERG potassium channel
CHEMBL2021111,7,7,IC50,2012.0,9,HEK293,Inhibition of human ERG expressed in HEK293 cells by voltage clamp electrophysiology assay
CHEMBL4406249,7,7,IC50,2020.0,9,,Inhibition of human ERG
CHEMBL4406698,7,7,IC50,2020.0,9,,Inhibition of human ERG expressed in CHOK1/ HEK293 cells at -80 mV holding potential by IonWorks patch-clamp assay
CHEMBL4624241,7,7,IC50,2020.0,9,,Inhibition of human ERG
CHEMBL4410390,7,7,IC50,2019.0,9,HEK293,Inhibition of ERG in human HEK293 cells incubated for 1 hr by thallium flux assay
CHEMBL5378342,7,7,IC50,2023.0,9,,Inhibition of human ERG stably expressed in HEK293 cells by whole cell voltage clamp method
CHEMBL4669424,7,5,IC50,2020.0,9,,Inhibition of human ERG expressed in HEK293 cells
CHEMBL3864816,7,7,IC50,2016.0,9,HEK293,Inhibition of radiolabeled dofetilide binding to human ERG expressed in HEK293 cells
CHEMBL2021110,7,7,Inhibition,2012.0,9,HEK293,Inhibition of human ERG expressed in HEK293 cells at 3 uM by voltage clamp electrophysiology assay
CHEMBL4414831,7,7,IC50,2019.0,9,,Inhibition of human ERG by fluorescence polarization assay
CHEMBL4151929,7,7,Inhibition,2018.0,9,,Inhibition of human ERG at 11 uM
CHEMBL5584720,7,7,Inhibition,2024.0,9,,Inhibition of human ERG expressed in HEK293 cells at 1 uM by manual patch clamp assay relative to control
CHEMBL4137009,7,7,IC50,2018.0,9,,Inhibition of human ERG expressed in HEK293 cell membranes by radioligand binding assay
CHEMBL1039970,7,7,IC50,2009.0,9,,Inhibition of human ERG by channel flux assay
CHEMBL1260554,7,7,Inhibition,2010.0,9,HEK293,Inhibition of human ERG expressed in HEK cells at 30 uM
CHEMBL3807664,7,7,IC50,2016.0,9,,Inhibition of human ERG
CHEMBL3385851,7,7,Inhibition,2014.0,9,,Inhibition of human ERG assessed as reduction in channel currents at 1 uM
CHEMBL5114275,7,7,IC50,2022.0,9,,Inhibition of hERG
CHEMBL1816132,7,7,IC50,2011.0,9,HEK293,Inhibition of human Erg expressed in human HEK293 cells by patch-clamp electrophysiological assay
CHEMBL3266651,7,7,IC50,2014.0,9,CHO,Inhibition of human ERG expressed in CHO cells by whole-cell patch clamp assay
CHEMBL3999906,7,7,IC50,2017.0,9,,Inhibition of human ERG
CHEMBL3371004,7,7,Inhibition,2014.0,9,HEK293,Inhibition of human ERG expressed in HEK-293 cells at 50 uM by whole-cell patch-clamp technique
CHEMBL4839718,7,7,EC50,2021.0,9,,Inhibition of human ERG expressed in CHO cells measured by Patch-clamp assay
CHEMBL5036402,7,7,Inhibition,2021.0,9,,Inhibition of human ERG expressed in HEK293 cells at 10 uM relative to control
CHEMBL3292131,7,7,IC50,2014.0,9,,Inhibition of human ERG
CHEMBL4377385,7,7,IC50,2019.0,9,,Inhibition of human ERG by in vitro patch clamp method
CHEMBL2444175,7,6,Inhibition,2013.0,9,,Inhibition of human ERG up to 80 uM
CHEMBL3578413,7,7,IC50,2015.0,9,HEK293,Displacement of [3H]-astemizole from human ERG expressed in HEK293 cells after 60 mins by scintillation counting analysis
CHEMBL3291637,7,7,IC20,2014.0,9,,Inhibition of human ERG
CHEMBL859790,7,7,IC50,2006.0,9,,Inhibitory activity against hERG by patch-clamp assay
CHEMBL2162322,7,7,IC50,2012.0,9,,Displacement of [3H]-dofetilide from human ERG
CHEMBL4047402,7,7,Inhibition,2017.0,9,,Inhibition of human ERG expressed in CHO cells at 11 uM at -70mV holding potential measured after 300 secs by IonWorks electrophysiology method relative to control
CHEMBL5521450,7,7,IC50,2024.0,9,,Inhibition of hERG by patch clamp method
CHEMBL952419,7,7,IC50,2008.0,9,,Antagonist activity at human ERG by voltage-clamp electrophysiology assay
CHEMBL1004593,7,7,Ki,2008.0,9,,Binding affinity to human ERG assessed as rubidium efflux at 5 ug/mL pre-equilibrated for 30 mins by DiBAC4(3)-based flame atomic absorbance spectroscopy
CHEMBL4481699,7,7,Inhibition,2019.0,9,,Inhibition of human ERG at 3 uM by manual patch clamp electrophysiology assay
CHEMBL5155596,7,7,IC50,2022.0,9,,Inhibition of hERG channel expressed in CHO cells at holding potential of -80 mV by whole cell patch clamp method
CHEMBL4703538,7,7,Inhibition,2020.0,9,,Inhibition of human ERG at 10 uM relative to control
CHEMBL5155276,7,7,Inhibition,2022.0,9,,Inhibition of human ERG at 10 uM by patch clamp assay relative to control
CHEMBL5260121,7,7,Activity,2023.0,9,,Displacement of [3H]-dofetilide from human ERG at 10 uM relative to control
CHEMBL4012449,7,7,Inhibition,2017.0,9,,Inhibition of human ERG expressed in CHOK1 cells at 10 uM by automated whole cell patch clamp Qpatch method relative to control
CHEMBL3578665,7,7,Inhibition,2015.0,9,,Inhibition of human ERG at 1 uM
CHEMBL4724830,7,7,IC50,2021.0,9,,Inhibition of human ERG stably expressed in CHO cells at holding potential of -80 mV incubated for 12 mins
CHEMBL3611135,6,6,Inhibition,2015.0,9,,Inhibition of human ERG at 10 uM by fluorescence polarization assay based ligand binding assay
CHEMBL5224245,6,6,IC50,2022.0,9,,Inhibition of human ERG
CHEMBL4254808,6,6,IC50,2018.0,9,,Inhibition of human ERG by auomated patch clamp assay
CHEMBL4339725,6,6,Inhibition,2019.0,9,,Inhibition of human ERG at 10 uM by manual patch-clamp assay relative to control
CHEMBL4375191,6,6,Inhibition,2019.0,9,HEK293,Inhibition of human ERG expressed in HEK293 cells at 10 uM at -80 mV holding potential by HPLC analysis relative to control
CHEMBL1023104,6,6,IC50|Ki,2009.0,9,,Inhibition of human ERG
CHEMBL5259442,6,6,IC50,2023.0,9,,Inhibition of hERG
CHEMBL4354033,6,6,Inhibition,2019.0,9,,Displacement of [3H] dofetilide from human recombinant ERG at 10'-6 M measured after 60 mins by scintillation counting method relative to control
CHEMBL5320104,6,6,IC50,2023.0,9,,Inhibition of hERG expressed in CHO cells stably at -80 mV holding potential by automated patch clamp method
CHEMBL6077506,6,6,IC50,2024.0,9,,Inhibition of human ERG
CHEMBL5738788,6,2,IC50|k_off|kon,2022.0,9,,"hERG Assay: Compounds of the invention were tested for inhibition of the human ether a go-go related gene (hERG) K+ channel using IonWorks patch clamp electrophysiology. 8 Point concentration-response curves were generated on two occasions using 3-fold serial dilutions from the maximum assay concentration (11 uM). Electrophysiological recordings were made from a Chinese Hamster Lung cell line stably expressing the full length hERG channel. Single cell ion currents were measured in the perforated patch clamp configuration (100 ug/mL amphoterocin) at RT using an IonWorks Quattro instrument. The internal solution contained 140 mM KCl, 1 mM MgCl2, 1 mM EGTA and 20 mM HEPES and was buffered to pH 7.3. The external solution contained 138 mM NaCl, 2.7 mM KCl, 0.9 mM CaCl2, 0.5 mM MgCl2, 8 mM Na2HPO4 and 1.5 mM KH2PO4, and was buffered to pH 7.3. Cells were clamped at a holding potential of 70 mV for 30 s and then stepped to +40 mV for 1 s. This was followed by a hyperpolarising step of 1 s to 30 mV to evoke the hERG tail current. This sequence was repeated 5 times at a frequency of 0.25 Hz. Currents were measured from the tail step at the 5th pulse, and referenced to the holding current. Compounds were incubated for 6-7 min prior to a second measurement of the hERG signal using an identical pulse train. A minimum of 17 cells were required for each pIC50 curve fit."
CHEMBL1014963,6,6,IC50,2009.0,9,HEK293,Displacement of [35S]MK499 from human ERG expressed in HEK293 cells
CHEMBL1018632,6,6,IC50,2009.0,9,,Inhibition of human ERG by patch clamp technique
CHEMBL5318426,6,6,IC50,2023.0,9,,Displacement of MK499 from hERG
CHEMBL5247304,6,6,IC50,2021.0,9,,Inhibition of hERG channel
CHEMBL4341641,6,6,IC50,2019.0,9,,Inhibition of human ERG by QPatch assay
CHEMBL4843250,6,6,IC50,2021.0,9,,Inhibition of human ERG by fluorescence polarization assay
CHEMBL939830,6,6,IC50,2009.0,9,HEK293,Inhibition of human ERG expressed in HEK cells by competitive radioligand binding assay
CHEMBL2390363,6,6,IC50,2013.0,9,HEK293,Inhibition of human ERG channel expressed in HEK293 cells by patch clamp assay
CHEMBL943040,6,6,IC50,2007.0,9,,Inhibition of hERG by patch clamp assay
CHEMBL949428,6,6,IC50,2009.0,9,,Inhibition of human cloned ERG
CHEMBL6090553,6,6,IC50,2025.0,9,,Inhibition of human ERG
CHEMBL1048091,6,6,IC50,2009.0,9,L929,Inhibition of human ERG in L929 cells by whole cell patch-clamp assay
CHEMBL4030416,6,4,IC50|Inhibition,2017.0,9,HEK293,Inhibition of human ERG expressed in HEK293 cells by patch clamp method
CHEMBL1107673,6,6,IC50,2010.0,9,,Inhibition of human ERG by patch clamp electrophysiology assay
CHEMBL4351264,6,6,Inhibition,2019.0,9,,Inhibition of human ERG at 10 uM high-throughput electrophysiology assay relative to control
CHEMBL1175789,6,6,Inhibition,2010.0,9,,Displacement of radiolabeled astemizole from human ERG at 10 uM
CHEMBL1175790,6,6,IC50,2010.0,9,,Inhibition of human ERG by patch clamp technique
CHEMBL4181645,6,6,IC50,2017.0,9,,Inhibition of human ERG
CHEMBL4605025,6,6,IC50,2020.0,9,,Inhibition of human ERG by Qpatch S8 assay
CHEMBL1052905,6,6,IC50,2009.0,9,,Inhibition of human ERG
CHEMBL2150640,6,6,IC50,2012.0,9,CHO,Inhibition of recombinant human ERG channel IKr expressed in CHO cells by patch clamp assay
CHEMBL2404382,6,6,Inhibition,2013.0,9,,Inhibition of human ERG channel at 3 uM
CHEMBL1816994,6,6,IC50,2011.0,9,HEK293,Inhibition of human ERG expressed in HEK293 cells assessed as inhibition of potassium channel current after 5 mins by patch clamp assay
CHEMBL4200990,6,4,IC50,2018.0,9,,Inhibition of human ERG
CHEMBL1059726,6,6,Inhibition,2009.0,9,,Displacement of dofetilide from human ERG at 10 uM
CHEMBL2411862,6,6,IC50,2013.0,9,,Inhibition of human ERG by automated planar patch-clamp system
CHEMBL4734907,6,6,IC50,2021.0,9,,Displacement of [3H]dofetilide from human ERG stably expressed in HEK293 cell membranes assessed as unlabelled dofetilide IC50 at 10 uM measured after 60 mins by microbeta liquid scintillation counting method (Rvb = 9.1 to 11.7 nM)
CHEMBL3291975,6,6,IC50,2014.0,9,,Inhibition of human ERG tail current after 5 mins by patch-clamp method
CHEMBL4316969,6,6,IC50,2019.0,9,CHO,Inhibition of human ERG expressed in CHO cells in at -80 mV holding potential by automated Qpatch clamp assay
CHEMBL4380720,6,6,IC50,2020.0,9,,Inhibition of human ERG assessed as reduction in channel tail current by plate-based planar patch clamp assay
CHEMBL4193795,6,6,IC50,2017.0,9,,Inhibition of human ERG expressed in CHO-K1 cells by Qpatch assay
CHEMBL1827186,6,6,Inhibition,2011.0,9,HEK293,Inhibition of human ERG expressed in HEK293 cells at 10 uM by patch clamp assay
CHEMBL865594,6,6,Ki,2006.0,9,HEK293,Displacement of [35S]-labeled MK-499 from cloned human ERG receptor expressed in HEK cells
CHEMBL3371912,6,6,IC50,2014.0,9,,Inhibition of human ERG
CHEMBL5149776,6,6,Inhibition,2022.0,9,,Inhibition of human ERG at 10 uM relative to control
CHEMBL3371482,6,6,Inhibition,2014.0,9,,Inhibition of human ERG at 1 uM
CHEMBL3378104,6,6,Inhibition,2014.0,9,,Inhibition of human ERG at 10 uM
CHEMBL1832111,6,6,IC50,2011.0,9,HEK293,Inhibition of human ERG expressed in HEK293 cells by whole cell voltage patch clamp technique
CHEMBL3369365,6,6,Ki,2014.0,9,,Displacement of [3H]astemizole from human ERG
CHEMBL1292008,6,6,IC50,2010.0,9,,Displacement of [3H]-dofetilide from human ERG
CHEMBL4373140,6,6,IC50,2019.0,9,CHO,Inhibition of human ERG expressed in CHO cells assessed as reduction in peak channel current by IonWork patch-clamp electrophysiology method
CHEMBL927230,6,6,Inhibition,2008.0,9,,Inhibition of human ERG at 10 uM by patch clamp assay
CHEMBL5041658,6,6,IC50,2022.0,9,,Inhibition of hERG expressed in HEK cells by patch clamp method
CHEMBL3367864,6,6,IC50,2014.0,9,,Inhibition of human ERG
CHEMBL4610870,6,6,IC50,2020.0,9,,Inhibition of human ERG
CHEMBL1113040,6,6,IC50,2009.0,9,CHO,Inhibition of human ERG expressed in CHO cells by patch clamp technique
CHEMBL1042376,6,6,IC50,2009.0,9,,Inhibition of human ERG by patch-clamp assay
CHEMBL3429920,6,6,IC50,2015.0,9,,Inhibition of hERG channel by electrophysiology
CHEMBL829261,6,6,IC50,2004.0,9,,Inhibition of human Potassium channel HERG
CHEMBL4704286,6,6,IC50,2020.0,9,,Inhibition of human ERG by patch clamp assay
CHEMBL6107684,6,6,IC50,2025.0,9,,Inhibition of human ERG expressed in CHO cells incubated for 2.5 mins by Q-patch-clamp electrophysiological analysis
CHEMBL5042780,6,6,Inhibition,2022.0,9,,Inhibition of hERG at 10 uM by fluorimetric analysis relative to control
CHEMBL4032610,6,6,IC50,2017.0,9,,Inhibition of full length human ERG expressed in CHO cells at -70 mV holding potential by patch clamp assay
CHEMBL4681585,6,6,IC50,2016.0,9,,Inhibition of human ERG measured after 4 hrs by fluorescence polarization assay
CHEMBL1687412,6,4,IC50,2011.0,9,,Displacement of labeled dofetilide from human ERG
CHEMBL5049079,6,6,Inhibition,2022.0,9,,Inhibition of hERG expressed in CHO-K1 cells at 10 uM incubated for 5 mins by whole cell-automated voltage clamp analysis
CHEMBL3375414,6,6,IC50,2015.0,9,CHO,Inhibition of human ERG expressed in CHO cells by automated patch clamp method
CHEMBL2162879,6,6,IC50,2011.0,9,,Inhibition of human ERG expressed in mammalian cells by patch clamp method
CHEMBL1646064,6,6,Inhibition,2011.0,9,,Displacement of labeled dofetilide from human ERG
CHEMBL5534419,6,6,Inhibition,2024.0,9,,Inhibition of human ERG at 20 uM relative to control
CHEMBL5548364,6,6,IC50,2024.0,9,,Binding affinity to human ERG expressed in T-REx-293 cells incubated for 2 to 6 hrs by fluorescence polarization assay
CHEMBL5577197,6,6,IC50,2024.0,9,,Inhibition of hERG
CHEMBL5733044,6,2,IC50|k_off|kon,2019.0,9,,"hERG Inhibition Assay : The determination of plasma protein binding (PPB) of a compound is enabled by equilibrium dialysis, an accepted and standard method for reliable estimation of the non-bound drug fraction in plasma. RED (Rapid Equilibrium Dialysis) device insert is made of two side-by-side chambers separated by an O-ring-sealed vertical cylinder of dialysis membrane (MWCO 8,000). Plasma containing drug (at 5 μM or blood concentrations otherwise corresponding to efficacious doses, if known) is added to one chamber while buffer is added to the second. After 4 hours incubation at 37° C. under shaking, an aliquot is removed from each chamber and analyzed by a LC-MS/MS procedure enables the determination of both free and bound drug.The percentages provided in Table 4 represent, for the compounds of the invention, the bound drug fraction to the plasma protein. The free fraction may be calculated as 100%−% rPPB (i.e. the complementary percentage of that disclosed in Table 4, corresponding to the drug concentration that is unbound and therefore available to engage biological target and elicit pharmacological activity)."
CHEMBL2327410,6,6,IC50,2013.0,9,CHO,Inhibition of human ERG channel expressed in CHO cells by Ionworks HT assay
CHEMBL2340399,6,5,Inhibition,2013.0,9,HEK293,Inhibition of human ERG current in HEK293 cells at 10 uM by patch clamp method relative to control
CHEMBL684971,6,6,IC50,1995.0,8,,Blockade of the delayed rectifier K+ current (IKr) of guinea pig myocytes
CHEMBL4831696,6,6,IC50,2021.0,9,,Inhibition of human ERG
CHEMBL1274957,6,6,Inhibition,2010.0,9,,Inhibition of human ERG at 10 uM
CHEMBL2211966,6,6,IC50,2012.0,9,,Binding affinity to human ERG
CHEMBL1819700,6,6,IC50,2011.0,9,,Inhibition of human ERG by automated Q-patch assay
CHEMBL3594793,6,6,IC50,2015.0,9,CHO-K1,Inhibition of human ERG expressed in CHOK1 cells incubated for 10 mins by Rb efflux assay
CHEMBL1647669,6,6,Ki,2011.0,9,,Displacement of [3H]dofetilide from human ERG
CHEMBL889314,6,6,Ki,2007.0,9,HEK293,Binding affinity at hERG expressed in HEK293 cells by fluorescence polarization assay
CHEMBL4045110,6,6,IC50,2017.0,9,,Inhibition of human ERG
CHEMBL889313,6,6,Ratio Ki,2007.0,9,HEK293,Ratio of Ki for hERG by SPA to Ki for hERG by fluorescence polarization assay in HEK293 cells
CHEMBL5634341,6,6,Inhibition,2023.0,9,,Inhibition of tritium labelled dofetilide binding to hERG expressed in HEK293 cells at 300 nM relative to control
CHEMBL3096729,6,6,Ratio,2013.0,9,HEK293,Ratio of Ki for human ERG channel expressed in HEK293 cell membrane after 1 hr by scintillation counting analysis to IC50 for human ERG channel expressed in HEK293 cells after 15 mins by whole-cell patch clamp technique
CHEMBL4739474,6,6,IC50,2021.0,9,,Inhibition of recombinant human ERG expressed in CHO cells incubated for 12 mins by whole cell voltage clamp method
CHEMBL4734891,6,6,Ratio IC50,2021.0,9,,Displacement of [3H]dofetilide from human ERG stably expressed in HEK293 cell membranes assessed as ratio of unlabelled dofetilide IC50 at 10 uM measured after 60 mins by microbeta liquid scintillation counting method relative to dofetilide IC50 alone
CHEMBL4255809,6,6,IC50,2018.0,9,,Inhibition of recombinant human ERG expressed in CHO cells at -80 mV holding potential measured after 3 minutes by automated whole cell patch clamp Qpatch method
CHEMBL3736641,6,6,IC50,2015.0,9,,Inhibition of human ERG by patch clamp technique
CHEMBL908639,6,6,Inhibition,2006.0,9,HEK293,Inhibition of [3H]dofetilide binding to HERG expressed in HEK293 cells at 100 nM
CHEMBL1954425,6,6,IC50,2012.0,9,,Inhibition of human Erg by voltage ion flux electrophysiological assay
CHEMBL3631371,6,6,IC50,2015.0,9,,Inhibition of human ERG potassium channel by ionworks patch-clamp electrophysiology assay
CHEMBL3584390,6,6,IC50,2015.0,9,,Inhibition of human ERG by IonWorks electrophysiology
CHEMBL1686824,6,6,IC50,2011.0,9,,Inhibition of human ERG
CHEMBL4413347,6,6,IC50,2019.0,9,HEK293,Inhibition of [3H]-dofetilide binding to human ERG expressed in HEK293 cell membranes measured after 1 hr by liquid scintillation counting method
CHEMBL4052364,6,6,Activity,2017.0,9,,Binding affinity to human ERG up to 50 uM after 2 hrs by fluorescence polarization assay
CHEMBL2216274,6,6,Inhibition,2012.0,9,HEK293,Inhibition of human ERG overexpressed in HEK cells at 10 uM
CHEMBL3869648,6,6,IC50,2016.0,9,HEK293,Displacement of 35S-MK499 from human ERG expressed in HEK293 cell membranes
CHEMBL1073582,6,6,IC50,2010.0,9,,Inhibition of human ERG
CHEMBL1107481,6,6,Inhibition,2010.0,9,CHO,Inhibition of human ERG expressed in CHO cells at 3 uM assessed as reduction of current amplitude
CHEMBL3607787,6,6,IC50,2015.0,9,CHO,Inhibition of human ERG expressed in CHO cells measured for 5 mins by automated patch clamp assay
CHEMBL3386699,6,6,Ki,2014.0,9,,Displacement of radiolabeled MK499 from human ERG
CHEMBL5363737,6,6,IC50,2023.0,9,,Inhibition of hERG transfected in HEK cells by automatic patch clamp analysis
CHEMBL1107480,6,6,IC50,2010.0,9,CHO,Inhibition of human ERG expressed in CHO cells assessed as reduction of current amplitude
CHEMBL687507,6,6,Inhibition,1997.0,8,,Inhibition of Ikr current in isolated guinea pig myocytes during a 0.5 s voltage clamp step from -50 to -10 mV at 1000 nM
CHEMBL2032591,6,6,IC50,2012.0,9,HEK293,Inhibition of human Erg expressed in HEK293 cells assessed as rubidium efflux after 4 hrs by atomic absorbance spectrometric analysis
CHEMBL2032545,6,6,Inhibition,2011.0,9,,Inhibition of human ERG at 10 uM by patch clamp assay
CHEMBL4400294,6,6,IC50,2019.0,9,,Inhibition of human ERG
CHEMBL4266935,6,6,IC50,2018.0,9,,Displacement of 3H-dofetilide from human ERG
CHEMBL4628362,6,6,IC50,2020.0,9,,Inhibition of human ERG
CHEMBL3878769,6,6,IC50,2017.0,9,CHO-K1,Inhibition of human ERG expressed in CHOK1 cells by automated patch clamp method
CHEMBL4821061,6,6,IC50,2021.0,9,,Inhibition of human ERG by automated patch method relative to control
CHEMBL3124427,6,6,IC50,2014.0,9,CHO,Binding affinity to full length human ERG expressed in CHO cells after 6 to 7 mins by IonWorks assay
CHEMBL4051787,6,3,IC20|IC50,2017.0,9,,Inhibition of human ERG assessed as reduction of K+ current
CHEMBL4678423,6,6,IC50,2021.0,9,,Inhibition of human ERG
CHEMBL5237932,6,6,IC50,2022.0,9,,Inhibition of hERG
CHEMBL3215094,6,6,IC50,,8,,PubChem BioAssay. SAR Analysis for the identification of selective inhibitors of the two-pore domain potassium channel TASK1 in hERG expressing cells: FluxOR Assay CRC.   (Class of assay: confirmatory) 
CHEMBL3226215,6,6,IC50,2012.0,9,,Inhibition of human ERG
CHEMBL906899,6,6,Inhibition,2006.0,9,HEK293,Inhibition of [3H]dofetilide binding to HERG expressed in HEK293 cells at 300 nM
CHEMBL1175788,6,6,IC50,2010.0,9,,Displacement of radiolabeled astemizole from human ERG
CHEMBL3619842,6,6,IC50,2015.0,9,,Inhibition of human ERG by flux assay
CHEMBL1663351,6,6,Activity,2011.0,9,HEK293,Inhibition of human ERG expressed in HEK293 cells after 3 hrs by nonradioactive rubidium efflux assay
CHEMBL3385853,6,6,Inhibition,2014.0,9,,Inhibition of human ERG assessed as reduction in channel currents at 10 uM
CHEMBL988126,6,6,IC50,2008.0,9,,Inhibition of human ERG potassium channel
CHEMBL5236161,6,6,IC50,2021.0,9,,Inhibition of hERG
CHEMBL3396797,5,5,Inhibition,2015.0,9,,Inhibition of human ERG at at 11.1 uM
CHEMBL3635896,5,5,IC50,2015.0,9,HEK293,Inhibition of human ERG expressed in HEK293 cells by whole-cell patch clamp method
CHEMBL4676137,5,5,IC50,2020.0,9,,Inhibition of human ERG by plate-based planar patch clamp technique
CHEMBL5610156,5,5,Inhibition,2024.0,9,,Inhibition of hERG at 0.1 uM by patch clamp electrophysiology assay relative to control
CHEMBL906898,5,5,Activity|Inhibition,2006.0,9,HEK293,Inhibition of [3H]dofetilide binding to HERG expressed in HEK293 cells
CHEMBL4269690,5,5,IC50,2018.0,9,,Inhibition of human ERG by whole cell electrophysiology analysis
CHEMBL4237146,5,5,IC50,2018.0,9,,Inhibition of human ERG expressed in CHO cells at holding potential of -80 mV after 60 secs by patch clamp assay
CHEMBL5109448,5,5,IC50,2022.0,9,,Inhibition of hERG
CHEMBL2020857,5,5,Inhibition,2012.0,9,,Inhibition of human ERG at 10 uM
CHEMBL1018131,5,5,Activity,2008.0,9,,Inhibition of human ERG
CHEMBL3630432,5,5,IC50,2015.0,9,,Inhibition of human ERG by thallium flux assay
CHEMBL5380718,5,5,Inhibition,2024.0,9,,Inhibition of hERG expressed in HEK293 cells at 10 uM incubated by patch clamp assay relative to control
CHEMBL5107306,5,5,IC50,2022.0,9,,Inhibition of hERG expressed in CHO cells Qpatch-clamp electrophysiology assay
CHEMBL4054757,5,5,IC50,2017.0,9,HEK293,Inhibition of [3H]-dofetilide binding to human ERG expressed in HEK293 cells
CHEMBL4812667,5,5,IC50|Inhibition,2021.0,9,,Inhibition of human ERG by QPatch assay
CHEMBL3128678,5,5,EC50|IC50,2014.0,9,,Inhibition of human ERG by fluorescence-based thallium flux assay
CHEMBL1647515,5,5,Ki,2011.0,9,,Inhibition of human ERG by dofetilide binding assay
CHEMBL3224838,5,5,IC50,2011.0,9,HEK293,Inhibition of human ERG expressed in HEK293 cells after 5 mins by patch clamp assay
CHEMBL4817671,5,5,Inhibition,2021.0,9,,Inhibition of human ERG at 5 uM by automated patch clamp assay relative to control
CHEMBL5629612,5,5,IC50,2024.0,9,,Inhibition of hERG
CHEMBL4821175,5,5,Inhibition,2021.0,9,,Inhibition of human ERG transfected in CHO cells at 3 uM with holding potential at -80 mV by automated patch clamp assay relative to control
CHEMBL3420397,5,5,IC50|Inhibition,2015.0,9,CHO,Inhibition of human ERG channel expressed in CHO cells by patch clamp method
CHEMBL4629796,5,5,Inhibition,2020.0,9,,Inhibition of human ERG at 10 uM relative to control
CHEMBL2040132,5,5,IC50,2012.0,9,,Displacement of dofetilide from human ERG
CHEMBL1764303,5,5,Inhibition,2011.0,9,,Inhibition of human ERG at 100 uM
CHEMBL1767981,5,5,Inhibition,2011.0,9,CHO,Inhibition of human ERG-mediated current expressed in CHO cells at 3 uM by patch clamp method
CHEMBL3742790,5,5,FC,2015.0,9,HEK293,Induction of dissociation of [3H]-dofetilide from Kv11.1 channel (unknown origin) assessed as dissociation rate expressed in HEK293 cells at 50 uM after 1 hr relative to control
CHEMBL3625781,5,5,Inhibition,2015.0,9,,Inhibition of human ERG at 10 uM relative to control
CHEMBL3602657,5,5,IC50,2015.0,9,CHO,Inhibition of human ERG overexpressed in CHO cells by Qpatch method
CHEMBL4399583,5,5,IC50,2019.0,9,,Inhibition of human ERG
CHEMBL4303779,5,5,Ki,2020.0,9,HEK293,hERG binding assays: Displacement of [3H]-Dofetilide (5 nM final) from hERG membranes obtained from HEK293 cells
CHEMBL6140094,5,5,IC50,2025.0,9,,Inhibition of human ERG by whole-cell patch clamp technique
CHEMBL6141425,5,5,Inhibition,2025.0,9,,Inhibition of hERG at 10 uM by high throughput cell based patch clamp assay
CHEMBL4392943,5,5,IC50,2019.0,9,,Inhibition of human ERG
CHEMBL6186845,5,5,Inhibition,2025.0,9,,Inhibition of hERG at 10 uM by CEREP analysis relative to control
CHEMBL2188943,5,5,IC50,2012.0,9,CHO,Inhibition of human ERG expressed in CHO cells by patch clamp method
CHEMBL3412492,5,5,IC50,2015.0,9,,Inhibition of human ERG channel
CHEMBL4672097,5,5,Inhibition,2020.0,9,,Inhibition of human ERG expressed in HEK293 cells at 30 uM at - 80 mV holding potential by whole cell patch clamp assay relative to control
CHEMBL3871742,5,5,IC50,2017.0,9,HEK293,Displacement of [3H]-dofetilide from human ERG expressed in HEK293 cell membranes
CHEMBL4828916,5,5,Inhibition,2021.0,9,,Inhibition of human ERG expressed in HEK293 cells at 10 uM measured by whole cell patch-clamp assay
CHEMBL3829953,5,5,Inhibition,2016.0,9,CHO,Inhibition of human ERG transfected in CHO cells assessed as blockade of tail current at 25 uM by patch clamp assay
CHEMBL6157479,5,5,IC50,2025.0,9,,Inhibition of hERG
CHEMBL2215143,5,5,IC50,2012.0,9,HEK293,Inhibition of human ERG expressed in HEK cells by ion flux assay
CHEMBL3117317,5,5,IC20,2014.0,9,,Inhibition of human ERG channel
CHEMBL4123931,5,5,IC50,2018.0,9,,Inhibition of human ERG expressed in CHO-K1 cells at -90 mV holding potential by Qpatch clamp assay
CHEMBL3112307,5,5,INH,2013.0,9,,Inhibition of human ERG
CHEMBL4624402,5,5,Inhibition,2020.0,9,,Inhibition of human ERG at 10 uM relative to control
CHEMBL5582147,5,5,IC50,2024.0,9,,Inhibition of hERG by patch-clamp assay
CHEMBL3224193,5,5,IC50,2011.0,9,,Inhibition of human ERG
CHEMBL3100173,5,5,Inhibition|Ki,2013.0,9,CHO,Inhibition of human ERG expressed in CHO cells
CHEMBL3743003,5,5,FC,2015.0,9,HEK293,Allosteric modulation of Kv11.1 channel (unknown origin) expressed in HEK293 cells assessed as shift of inhibition constant for astemizole-induced displacement of [3H]-dofetilide binding at 10 uM after 1 hr relative to control
CHEMBL1767983,5,5,Inhibition,2011.0,9,CHO,Inhibition of human ERG-mediated current expressed in CHO cells at 1 uM by patch clamp method
CHEMBL3631137,5,5,IC50,2015.0,9,,Inhibition of human ERG
CHEMBL1954570,5,5,IC50,2012.0,9,CHO-K1,Displacement of [3H]astemizole from human ERG expressed in CHO-K1 cell membranes
CHEMBL914758,5,5,IC50,2007.0,9,HEK293,Inhibition of hERG expressed in HEK293 cells assessed as effect on ionic current by patch clamp assay
CHEMBL3582606,5,5,IC50,2015.0,9,,Inhibition of human ERG channel
CHEMBL1291445,5,5,IC50,2010.0,9,,Inhibition of human ERG
CHEMBL1647941,5,5,IC50,2011.0,9,,Inhibition of human ERG
CHEMBL870286,5,5,Inhibition,2006.0,9,HEK293,Inhibition of hERG expressed in HEK293 cells at 2 uM by patch clamp assay
CHEMBL870287,5,5,Inhibition,2006.0,9,HEK293,Inhibition of hERG expressed in HEK293 cells at 20 uM by patch clamp assay
CHEMBL4619942,5,5,IC50,2020.0,9,,Inhibition of human ERG
CHEMBL4003819,5,5,Inhibition,2017.0,9,,Inhibition of [3H]-astemizole binding to human ERG at 10 uM after 2 hrs by liquid scintillation counting method relative to control
CHEMBL2211387,5,5,Inhibition,2012.0,9,,Inhibition of human ERG at 1 uM by radioligand displacement assay
CHEMBL4001612,5,5,Inhibition,2017.0,9,,Inhibition of human ERG at 11 uM relative to control
CHEMBL2187242,5,5,IC50,2012.0,9,CHO,Inhibition of human ERG expressed in CHO cells
CHEMBL4680981,5,5,IC50,2016.0,9,,Inhibition of human ERG by IonWorks patch-clamp electrophysiology method
CHEMBL4679707,5,5,IC50,2021.0,9,,Inhibition of human ERG by planar patch clamp method
CHEMBL5547655,5,5,IC50,2024.0,9,,Inhibition of hERG expressed in CHO cells assessed as inhibition of channel current at holding potential of -80 mV by automated patch clamp method
CHEMBL5547883,5,5,IC50,2024.0,9,,Inhibition of hERG by whole cell Qpatch assay
CHEMBL1273286,5,5,IC50|Ki,2010.0,9,,Inhibition of human ERG by patch clamp assay
CHEMBL4622581,5,5,IC50,2020.0,9,,Inhibition of human ERG by automated patch clamp assay
CHEMBL2176358,5,5,IC50,2012.0,9,CHO-K1,Inhibition of human ERG expressed in CHOK1 cells by patch clamp technique
CHEMBL3888300,5,5,IC50,2016.0,8,,"In Vitro Assay: The in vitro effects of the selected compounds on the hERG (human ether-á-go-go-related gene) potassium channel current (a surrogate for IKr, the rapidly activating, delayed rectifier cardiac potassium current) expressed in mammalian cells were evaluated at room temperature using the PatchXpress 7000A (Molecular Devices), an automatic parallel patch clamp system. Each compound was evaluated at varying concentrations in duplicate up to 10 μM, and the duration of exposure to each test article concentration was 5 minutes."
CHEMBL2343015,5,5,IC50,2013.0,9,,Inhibition of human ERG assessed as decrease in tail current amplitude measured after 5 mins by whole cell patch clamp technique
CHEMBL1772391,5,5,IC50,2011.0,9,,Displacement of [35S]MK-0499 from human ERG
CHEMBL1104217,5,5,Inhibition,2010.0,9,,Inhibition of CyB-tagged dofetilide binding to human ERG at 10 uM
CHEMBL5550341,5,5,IC50,2024.0,9,,Inhibition of hERG expressed in CHO cells assessed as inhibition of channel current measured at holding potential of -80 mV by whole cell patch clamp analysis
CHEMBL2424465,5,5,IC50,2013.0,9,,Inhibition of human ERG channel by electrophysiological method
CHEMBL1117343,5,5,IC50,2010.0,9,,Inhibition of human ERG by patch clamp method
CHEMBL4836049,5,5,Inhibition,2021.0,9,,Inhibition of human ERG expressed in CHO cells at 30 uM with holding potential at -80 to -60 mV for 500s followed by raise in potential at +30 mV for 2 sec and subsequent repolarization to -60 mV for 2 sec by whole-cell patch clamp method relative to control
CHEMBL4427471,5,5,IC50,2016.0,9,,Inhibition of human ERG after 6 mins by electrophysiological assay
CHEMBL3803792,5,5,IC50,2016.0,9,,Inhibition of human ERG assessed as reduction in channel current by automated patch-clamp electrophysiology assay
CHEMBL3889058,5,5,IC50,2016.0,8,,"Cell-Based Electrophysiology Assays: All hERG percentage inhibitions at 10 uM compound concentration were determined by Millipore in a high-throughput cell-based electrophysiology assay for inhibition of hERG tail current41, and values are reported as a mean of multiple determinations. 0.3% DMSO aqueous vehicle negative control gave 7-16% inhibition. Cisapride (1 uM) positive control gave 96-104% inhibition. All hERG IC50 values were determined by Millipore,41 and the hERG IC50 for Example 1 was also determined by Cyprotex plc measuring hERG tail-currents by whole-cell voltage-clamping."
CHEMBL1646507,5,5,IC50,2011.0,9,,Inhibition of human hERG
CHEMBL2330583,5,5,IC50,2013.0,9,,Inhibition of human ERG by whole-cell electrophysiology assay
CHEMBL4430311,5,5,IC50,2016.0,9,CHO-K1,Inhibition of human ERG expressed in CHO-K1 cells by whole cell patch clamp method
CHEMBL4373139,5,5,Inhibition,2019.0,9,CHO,Inhibition of human ERG expressed in CHO cells assessed as reduction in peak channel current at 10 uM by IonWork patch-clamp electrophysiology method relative to control
CHEMBL3377716,5,5,IC50,2014.0,9,,Inhibition of human ERG by patch clamp assay
CHEMBL5139593,5,5,IC50,2022.0,9,,Inhibition of hERG
CHEMBL6099367,5,5,Inhibition,2025.0,9,,Inhibition of hERG at 10 uM relative to control
CHEMBL3742792,5,5,FC,2015.0,9,HEK293,Allosteric modulation of Kv11.1 channel (unknown origin) expressed in HEK293 cells assessed as shift of inhibition constant for dofetilide-induced displacement of [3H]-dofetilide binding at 10 uM after 1 hr relative to control
CHEMBL867936,5,5,Inhibition,2006.0,9,HEK293,Inhibition of hERG channel current in HEK293 cells at 3 uM
CHEMBL4424285,5,5,IC50|Inhibition,2019.0,9,HEK293,Inhibition of human ERG expressed in HEK293 cells at 10 uM by Qpatch clamp assay
CHEMBL4427201,5,5,FC,2016.0,9,,Inhibition of human ERG relative to control
CHEMBL1948885,5,5,IC50,2012.0,9,,Inhibition of human ERG by patch clamp assay
CHEMBL5347669,5,5,IC50,2023.0,9,,Inhibition of human ERG incubated for 4 hrs by fluorescence polarization assay
CHEMBL1112964,5,5,Ki,2010.0,9,HEK293,Displacement of labeled MK-499 from human ERG in HEK293 cells
CHEMBL1111982,5,5,Inhibition,2010.0,9,,Inhibition of human ERG at 1 uM
CHEMBL5031859,5,5,Inhibition,2021.0,9,,Inhibition of hERG (unknown origin) expressed in CHO cells at 5 uM at -80 mV holding potential by automated patch clamp method relative to control
CHEMBL4195809,5,5,IC50,2018.0,9,,Inhibition of human ERG by patch express assay
CHEMBL4199666,5,5,IC50,2018.0,9,,Inhibition of human ERG
CHEMBL4199985,5,5,Inhibition,2018.0,9,,Inhibition of human ERG at 1 uM by IonWork assay relative to control
CHEMBL4199986,5,5,Inhibition,2018.0,9,,Inhibition of human ERG at 10 uM by IonWork assay relative to control
CHEMBL1953526,5,5,Inhibition,2011.0,9,,Inhibition of human Erg at 10 uM by patch clamp assay
CHEMBL5042445,5,5,Inhibition,2022.0,9,,Inhibition of human ERG at 10 uM measured after 15 mins by plate reader method relative to control
CHEMBL2423441,5,5,IC50,2013.0,9,CHO,Inhibition of human ERG expressed in cisapride treated CHO cells by Ion Works assay
CHEMBL1827878,5,5,IC50,2011.0,9,HEK293,Displacement of [3H]astemizole from human ERG expressed in HEK293 cells
CHEMBL5151023,5,5,IC50,2021.0,9,,Inhibition of hERG channel
CHEMBL5158270,5,5,IC50,2022.0,9,,Inhibition of hERG
CHEMBL5516904,5,5,IC50,2024.0,9,,Inhibition of human ERG expressed in HEK293 cells incubated for 2 to 5 mins by Manual patch clamp assay
CHEMBL2066265,5,5,IC50,2012.0,9,HEK293,Inhibition of human ERG expressed in HEK293 cells coexpressing Kir2.3 after 30 mins by FluxOR based FLIPR assay
CHEMBL5343725,5,5,Activity,2023.0,9,,Displacement of [3H]Dofetilide from human ERG at 30 uM by automated patch clamp assay relative to control
CHEMBL4836048,5,5,Inhibition,2021.0,9,,Inhibition of human ERG expressed in CHO cells at 100 uM with holding potential at -80 to -60 mV for 500s followed by raise in potential at +30 mV for 2 sec and subsequent repolarization to -60 mV for 2 sec by whole-cell patch clamp method relative to control
CHEMBL4373138,5,5,Inhibition,2019.0,9,CHO,Inhibition of human ERG expressed in CHO cells assessed as reduction in peak channel current at 0.3 uM by IonWork patch-clamp electrophysiology method relative to control
CHEMBL2154364,5,5,IC50,2010.0,9,HEK293,Displacement of [3S]MK499 from human ERG in HEK293 cells
CHEMBL4606403,5,5,IC50,2020.0,9,HEK293,Inhibition of human ERG expressed in HEK293 cells measured after 30 mins by FluxOR dye based FLIPR TETRA assay
CHEMBL4324297,5,5,IC50,2019.0,9,,Inhibition of human ERG
CHEMBL4184343,5,5,IC50,2018.0,9,,Inhibition of human ERG
CHEMBL3997635,5,5,Inhibition,2017.0,9,,Inhibition of human ERG expressed in CHO cells at 10 uM by patch clamp method relative to control
CHEMBL3367333,5,5,IC50,2014.0,9,HEK293,Inhibition of human ERG expressed in HEK293 cells assessed as reduction in channel tail current by patch clamp method
CHEMBL4687846,5,5,IC50|INH,2020.0,9,,Inhibition of human ERG
CHEMBL4201404,5,5,IC50,2018.0,9,,Inhibition of human ERG
CHEMBL4684627,5,5,Inhibition,2020.0,9,,Inhibition of human ERG at 10 uM by fluorescence polarization assay relative to control
CHEMBL2149604,5,5,IC50,2010.0,9,,Binding affinity to human ERG
CHEMBL2422534,5,5,Inhibition,2013.0,9,HEK293,Inhibition of human ERG expressed in HEK293 cells assessed as membrane depolarization at 3 uM by patch-clamp method
CHEMBL1119996,5,5,IC50,2010.0,9,,Binding affinity to human ERG
CHEMBL4179672,5,5,IC50,2017.0,9,,Inhibition of human ERG by Tracer Red dye based fluorescence polarization assay
CHEMBL1119164,5,5,Inhibition,2010.0,9,,Inhibition of human ERG at 1 uM by patch clamp assay
CHEMBL1011698,5,5,Inhibition,2009.0,9,,Inhibition of human ERG at 10 uM
CHEMBL4703517,5,5,IC50,2020.0,9,,Inhibition of human ERG expressed in CHO cells by Q-patch clamp assay
CHEMBL4036198,5,5,Inhibition,2017.0,9,,Inhibition of human ERG at 10 uM by patch clamp assay relative to control
CHEMBL2417298,5,5,IC50,2013.0,9,,Binding affinity to human ERG
CHEMBL1918925,5,5,IC50,2011.0,9,CHO,Inhibition of human cloned ERG channel expressed in chinese hamster CHO cells after 5 mins by patch clamp assay
CHEMBL1227232,5,5,IC50,2010.0,9,,Inhibition of human ERG at holding potential of -80 mV to +40 mV
CHEMBL998044,5,5,Inhibition,2009.0,9,CHO,Inhibition of human ERG expressed in CHO cells at 10 uM by patch-clamp technique relative to control
CHEMBL4017034,5,3,IC50,2017.0,9,,Inhibition of human ERG
CHEMBL4004321,5,5,IC50,2017.0,9,,Inhibition of human ERG by electrophysiology method
CHEMBL4375199,5,5,Ki,2019.0,9,HEK293,Inhibition of human ERG expressed in HEK293 cells at -80 mV holding potential by HPLC analysis
CHEMBL5168509,5,5,IC50,2022.0,9,,Inhibition of hERG ion channel by patch-clamp method
CHEMBL1827185,5,5,Inhibition,2011.0,9,HEK293,Inhibition of human ERG expressed in HEK293 cells at 1 uM by patch clamp assay
CHEMBL4354044,5,5,IC50,2019.0,9,,Inhibition of human ERG
CHEMBL1837922,5,5,Inhibition,2011.0,9,HEK293,Inhibition of human ERG expressed in HEK293 cells assessed as inhibition of membrane K+ current IKr at 3 uM after 5 mins by patch clamp assay (Rvb = 11%)
CHEMBL1936097,5,5,IC50,2012.0,9,,Inhibition of human ERG by patch-clamp assay
CHEMBL898851,5,5,IC50,2007.0,9,,Inhibition of human ERG
CHEMBL662305,5,5,IC50,2002.0,8,,K+ channel blocking activity in Chinese hamster ovary cells expressing HERG Kv11.1
CHEMBL953933,4,4,IC50,2008.0,9,HEK293,Displacement of [35S]MK499 from human ERG in HEK293 cell membrane
CHEMBL1839299,4,4,IC50,2011.0,9,,Inhibition of human ERG
CHEMBL1837361,4,4,IC50,2011.0,9,HEK293,Displacement of [3H]dofetilide from human ERG transfected in HEK293 cells by fluorescence polarization binding assay
CHEMBL1918380,4,4,Inhibition,2011.0,9,,Inhibition of human ERG at 10 uM by patch clamp assay
CHEMBL1226090,4,4,Inhibition,2010.0,9,,Displacement of radiolabeled MK-0499 from human ERG at 1 uM
CHEMBL1227350,4,4,IC50,2010.0,9,,Inhibition of human ERG
CHEMBL5226275,4,4,IC50,2023.0,9,,Displacement of E-4031 from hERG by fluorescence polarization assay
CHEMBL5215423,4,4,IC50,2021.0,9,,Inhibition of hERG by fluorescence polarization assay
CHEMBL5255157,4,4,IC50,2023.0,9,,Binding affinity to human ERG
CHEMBL5255856,4,4,IC50,2023.0,9,,Inhibition of recombinant hERG in the presence of dofetilide by competitive binding assay
CHEMBL4716871,4,4,IC50,2016.0,9,,Inhibition of human ERG by dofetilide binding assay
CHEMBL4017746,4,4,IC50,2017.0,9,,Inhibition of human ERG
CHEMBL5259448,4,2,Inhibition,2023.0,9,,Inhibition of hERG at 10 uM relative to control
CHEMBL5225675,4,4,IC50,2023.0,9,,Inhibition of hERG by fluorescence polarization assay
CHEMBL986141,4,4,IC50,2008.0,9,HEK293,"Displacement of [35S]N-[(4R)-1'-[(2R)-6-cyano-1,2,3,4-tetrahydro-2-naphthalenyl]-3,4-dihydro-4-hydroxyspiro[2H-1-benzopyran-2,4'-piperidin]-6-yl]methanesulfonamide from human ERG in HEK293 cells"
CHEMBL2153967,4,4,IC50,2012.0,9,CHO-K1,Inhibition of human ERG expressed in CHOK1 cells
CHEMBL2072739,4,2,IC50,2012.0,9,,Inhibition of human ERG by patch clamp assay
CHEMBL4605958,4,4,IC50,2020.0,9,,Inhibition of human ERG
CHEMBL4480013,4,4,Inhibition,2016.0,9,,Inhibition of human ERG channel at 100 uM by automated patch clamp assay
CHEMBL3789676,4,4,IC50,2016.0,9,HEK293,Displacement of [3H]-dofetilide from human ERG channel expressed in HEK293 cells
CHEMBL3361668,4,4,IC50,2014.0,9,CHO-K1,Inhibition of human ERG expressed in CHO-K1 cells by whole cell patch-clamp assay
CHEMBL5530931,4,4,IC50,2024.0,9,,Inhibition of hERG expressed in HEK293 cells incubated for 30 mins by FluxOR dye based fluorescence analysis
CHEMBL5036625,4,4,IC50,2021.0,9,,Inhibition of hERG by plate-based planar patch clamp method
CHEMBL3768879,4,4,IC50,2016.0,9,HEK293,Inhibition of human ERG expressed in HEK293 cells by thallium flux assay
CHEMBL4200762,4,4,Inhibition,2018.0,9,,Inhibition of human ERG at 10 uM by manual patch clamp assay
CHEMBL4432469,4,4,Ki,2016.0,9,HEK293,Inhibition of [3H]dofetilide binding to human ERG expressed in HEK293 cell membranes after 60 mins by liquid scintillation spectrometric analysis
CHEMBL4433285,4,4,IC50,2017.0,9,CHO,Inhibition of human ERG expressed in CHO cells at holding potential of -90 mV by patch clamp method
CHEMBL1228485,4,4,Inhibition,2010.0,9,,Inhibition of human ERG at 10 uM
CHEMBL5520755,4,4,IC50,2024.0,9,,Inhibition of hERG expressed in HEK293 cells assessed as tail current measured after 8 mins by automated whole-cell Qpatch Clamp assay
CHEMBL5520756,4,4,Inhibition,2024.0,9,,Inhibition of hERG expressed in HEK293 cells assessed as tail current at 60 uM measured after 8 mins by automated whole-cell Qpatch Clamp assay relative to control
CHEMBL5521592,4,4,IC50,2024.0,9,,Inhibition of hERG by microfluidic patch clamp assay
CHEMBL3373953,4,4,Inhibition,2014.0,9,,Inhibition of human ERG at 1 uM
CHEMBL3762781,4,4,IC50,2016.0,9,,Inhibition of human ERG by FLIPR assay
CHEMBL3750583,4,4,INH,2016.0,9,,Inhibition of MK-499 binding to human ERG
CHEMBL5036401,4,4,IC50,2021.0,9,,Inhibition of human ERG expressed in CHO cells by patch clamp method
CHEMBL2167265,4,2,IC20|IC50,2012.0,9,,Inhibition of human ERG
CHEMBL2167881,4,4,IC50,2012.0,9,CHO-K1,Inhibition of human ERG expressed in CHOK1 cells for 5 mins by automated patch clamp assay
CHEMBL829377,4,4,IC50,2005.0,8,,Inhibitory concentration against Potassium channel HERG was determined
CHEMBL4843253,4,4,IC50,2021.0,9,,Inhibition of human ERG by manual patch clamp method
CHEMBL3807115,4,4,Inhibition,2016.0,9,,Inhibition of human ERG expressed in cell membranes at 1 uM after 4 hrs by fluorescence polarization assay
CHEMBL5521593,4,4,IC50,2024.0,9,,Inhibition of hERG by manual patch clamp assay
CHEMBL5525767,4,4,IC50,2024.0,9,,Inhibition of human ERG expressed in CHO cells by Q-patch clamp assay
CHEMBL5034587,4,4,Inhibition,2021.0,9,,Inhibition of hERG at 10 uM relative to control
CHEMBL5034278,4,4,IC50,2021.0,9,,Inhibition of human ERG by fluorescence polarization assay
CHEMBL4196409,4,4,IC50,2018.0,9,,Inhibition of human ERG incubated for 2 hrs by fluorescence polarisation assay
CHEMBL859701,4,4,Inhibition,2005.0,9,CHO,Percentage inhibitory activity against hERG potassium channel transfected in CHO cells at 10uM
CHEMBL3374297,4,4,IC50,2014.0,9,HEK293,Inhibition of human ERG channel expressed in recombinant HEK293 cells by whole cell patch-clamp technique
CHEMBL865567,4,4,IC50,2006.0,9,CHO,Inhibition of hERG potassium channel expressed in CHO cells by whole cell patch clamp method
CHEMBL866509,4,4,IC50,2006.0,9,,Binding to human ERG potassium channel
CHEMBL4605859,4,4,IC50,2020.0,9,,Inhibition of human ERG expressed in human embryonic kidney cells by manual patch clamp assay
CHEMBL827704,4,4,IC50,2005.0,9,HEK293,In vitro inhibitory concentration against displacement of 35[S] MK-499 binding to hERG channel expressed in HEK293 cells
CHEMBL827842,4,4,IC50,2004.0,9,,Inhibitory activity against human Potassium channel HERG
CHEMBL4835203,4,4,Inhibition,2021.0,9,,Inhibition of human ERG expressed in HEK293 cells measured at holding potential -80 mV at 10 uM by whole cell patch clam method
CHEMBL3806884,4,4,IC50,2016.0,9,,Inhibition of human ERG after 10 mins
CHEMBL3807113,4,4,Inhibition,2016.0,9,,Inhibition of human ERG expressed in cell membranes at 20 uM after 4 hrs by fluorescence polarization assay
CHEMBL5538734,4,4,IC50,2024.0,9,,Inhibition of hERG expressed in CHO cells by Qpatch automatic patch clamp method
CHEMBL3268200,4,4,Inhibition,2014.0,9,CHO,Inhibition of human ERG expressed in CHO cells assessed as decrease in channel current at 10 uM by whole cell voltage clamp technique
CHEMBL2160405,4,4,IC50,2012.0,9,,Inhibition of human ERG by patch clamp assay
CHEMBL2160806,4,4,IC50,2012.0,9,,Binding affinity to human ERG
CHEMBL2166760,4,4,IC50,2012.0,9,HEK293,Displacement of [3H]-astemizole from human ERG expressed in HEK293 cells after 60 mins by liquid scintillation counter
CHEMBL855968,4,4,IC50,2006.0,9,,Inhibition of hERG potassium channel
CHEMBL856405,4,4,IC50,2007.0,9,,activity against the human ether-a-go-go-related gene (hERG)-encoded potassium channel was determined using conventional or automated whole-cell electrophysiology
CHEMBL5511808,4,4,Inhibition,2024.0,9,,Inhibition of human ERG at 1 uM by automated patch-clamp assay relative to control
CHEMBL3381618,4,4,Inhibition,2014.0,9,CHO,Inhibition of human ERG expressed in CHO cells at 10 uM by Rb efflux assay
CHEMBL5043763,4,4,Inhibition,2022.0,9,,Inhibition of human ERG at 1 uM relative to control
CHEMBL5043764,4,4,Inhibition,2022.0,9,,Inhibition of human ERG at 10 uM
CHEMBL4426446,4,4,IC50,2016.0,9,,Inhibition of human ERG
CHEMBL827947,4,4,Ki,2005.0,9,,Inhibition of [3H]astemizole binding to Potassium channel HERG; Not determined
CHEMBL4615832,4,4,IC50,2020.0,9,,Displacement of Tracer Red from human ERG measured after 4 hrs by fluorescence polarization assay
CHEMBL4832854,4,4,IC50,2021.0,9,,Inhibition of human ERG expressed in CHO cells by manual patch clamp technique
CHEMBL3821620,4,4,IC50|pIC50,2016.0,9,,Binding affinity to human ERG
CHEMBL3265847,4,4,IC50,2014.0,9,CHO,Inhibition of human ERG expressed in CHO cells
CHEMBL5547881,4,4,Inhibition,2024.0,9,,Inhibition of hERG at 40 uM by whole cell Qpatch assay relative to control
CHEMBL1272925,4,4,IC50,2010.0,9,,Inhibition of human ERG channel
CHEMBL4605858,4,4,IC50,2020.0,9,CHO,Displacement of [3H]-dofetilide from human ERG expressed in CHO cells incubated for 90 mins by microbeta scintillation counting method
CHEMBL4150477,4,4,IC50,2018.0,9,,Inhibition of human ERG expressed in CHO cell membranes by patch clamp method
CHEMBL1045136,4,4,Ki,2009.0,9,HEK293,Displacement of [3H]astemizole from human recombinant ERG expressed in HEK293 cells
CHEMBL1771850,4,4,IC50,2011.0,9,,Inhibition of human ERG by patch clamp technique
CHEMBL4834317,4,4,IC50,2021.0,9,,Displacement of [3H]-dofetilide from human ERG expressed in CHO cell after 90 mins by microbeta liquid scintillation counting method
CHEMBL4834318,4,4,IC50,2021.0,9,,Inhibition of human ERG expressed in CHO cells by manual patch clamp assay
CHEMBL3807114,4,4,Inhibition,2016.0,9,,Inhibition of human ERG expressed in cell membranes at 5 uM after 4 hrs by fluorescence polarization assay
CHEMBL3744556,4,4,IC50,2015.0,9,,Inhibition of human ERG
CHEMBL3635936,4,4,Inhibition,2015.0,9,,Inhibition of human ERG at 3 uM by patch clamp assay
CHEMBL4261225,4,4,IC50,2018.0,9,,Inhibition of human ERG expressed in CHO-S1 cells by automated planar chip-based electrophysiology
CHEMBL4261226,4,4,IC50,2018.0,9,,Inhibition of human ERG expressed in CHO-S1 cells by Qpatch clamp assay
CHEMBL1805938,4,4,EC50,2010.0,9,,Inhibition of human ERG by patch clamp assay
CHEMBL6180274,4,4,IC50,2025.0,9,,Inhibition of hERG by electrophysiological assay
CHEMBL3815836,4,4,IC50,2016.0,9,HEK293,Inhibition of recombinant human ERG flux expressed in HEK293 cells by patch clamp assay
CHEMBL5588136,4,4,IC50,2024.0,9,,Inhibition of human ERG expressed in HEK293 cells by whole cell manual patch clamp method
CHEMBL4826208,4,4,Inhibition,2021.0,9,,Inhibition of human ERG at 40 uM incubated for 2 to 3 hrs by ligand binding assay
CHEMBL870781,4,4,Ki,2006.0,9,HEK293,Displacement of [3H]dofetilide from hERG expressed in HEK293 cells
CHEMBL2037696,4,4,IC50,2012.0,9,HEK293,Displacement of [3H]astemizole from human Erg expressed in HEK293 cells after 75 mins
CHEMBL3738365,4,4,IC50,2015.0,9,,Inhibition of human ERG assessed as reduction in IKr current
CHEMBL3738384,4,4,Inhibition,2015.0,9,,Inhibition of human ERG at 10 uM by patch-clamp method
CHEMBL5047399,4,4,IC50,2022.0,9,,Inhibition of hERG expressed in CHO cells at -80 mV holding potential by automated patch clamp method
CHEMBL1763220,4,4,Inhibition,2011.0,9,,Inhibition of human ERG at 1 uM by patch clamp assay
CHEMBL4410909,4,4,Inhibition,2019.0,9,,Inhibition of human ERG channel at 30 uM incubated for 24 hrs in presence of [3H] Dofetilide by filter binding assay based scintillation counting analysis
CHEMBL2027643,4,4,INH,2011.0,9,CHO,Displacement of Cy3b-dofetilide from human ERG expressed in CHO cells by fluorescence polarization assay
CHEMBL4124696,4,4,IC50,2018.0,9,,Inhibition of human ERG by patch clamp method
CHEMBL4125229,4,4,IC50,2018.0,9,,Inhibition of full length human ERG expressed in HEK293 cells assessed as reduction in tail current at holding potential of -70 mV after 6 to 7 mins by IonWork patch clamp method
CHEMBL4057904,4,4,IC50,2017.0,9,,Inhibition of human ERG expressed in CHOK1 cells by whole cell patch clamp method
CHEMBL4630549,4,4,IC50,2020.0,9,,Inhibition of MK499 binding to human ERG
CHEMBL4121772,4,4,INH,2018.0,9,,Inhibition of human ERG
CHEMBL4810281,4,4,Inhibition,2021.0,9,,Inhibition of human ERG at 10 uM incubated for 2 hrs by fluorescence polarization assay relative to control
CHEMBL3225969,4,4,IC50,2011.0,9,,Inhibition of human ERG by [3H]dofetilide binding assay
CHEMBL3858444,4,4,IC50,2016.0,9,HEK293,Displacement of [3H]astemizole from human ERG expressed in HEK293 cells by competitive binding assay
CHEMBL3859699,4,4,IC50,2016.0,9,,Inhibition of human ERG
CHEMBL4235080,4,4,Inhibition,2018.0,9,,Inhibition of human ERG expressed in CHOK1 cells at 100 uM
CHEMBL2014814,4,4,IC50|Inhibition,2011.0,9,CHO-K1,Inhibition of human ERG expressed in CHOK1 cells by whole cell voltage clamp assay
CHEMBL2020831,4,4,IC50,2012.0,9,,Inhibition of human ERG by radioligand binding assay
CHEMBL886905,4,4,Inhibition,2007.0,9,HEK293,Inhibition of hERG-mediated tail current expressed in HEK293 cells at 30 uM by patch clamp method
CHEMBL2025095,4,4,IC50,2012.0,9,,Inhibition of human ERG
CHEMBL2026015,4,4,IC50,2012.0,9,,Inhibition of human ERG
CHEMBL4261227,4,4,Imax,2018.0,9,,Inhibition of human ERG expressed in CHO-S1 cells by Qpatch clamp assay relative to control
CHEMBL4235077,4,4,Inhibition,2018.0,9,,Inhibition of human ERG expressed in CHOK1 cells at 30 uM
CHEMBL3391347,4,4,Inhibition,2011.0,9,,Inhibition of human ERG at 10 uM by fluorescence polarization assay
CHEMBL4678073,4,4,IC50,2021.0,9,,Inhibition of human ERG
CHEMBL4051888,4,4,IC50,2017.0,9,,Inhibition of human ERG by automated patch clamp assay
CHEMBL3864901,4,4,IC50,2016.0,9,,Inhibition of human ERG
CHEMBL4770548,4,4,IC50,2020.0,9,,Inhibition of human ERG expressed in CHO cells by patch clamp method
CHEMBL5626252,4,4,Inhibition,2023.0,9,,Inhibition of hERG overexpressed in HEK293 cells at 5 uM relative to control
CHEMBL5628161,4,4,IC50,2023.0,9,,Inhibition of hERG
CHEMBL3223962,4,4,IC50,2011.0,9,,Inhibition of dofetilide binding to human ERG
CHEMBL4270326,4,4,IC50,2018.0,9,,Inhibition of human ERG
CHEMBL4275130,4,4,Inhibition,2018.0,9,,Inhibition of human ERG expressed in CHOK1 cells assessed as reduction in tail current at 100 uM and -80 holding potential after 100 to 200 secs by whole cell automated patch-clamp electrophysiology assay relative to control
CHEMBL1027668,4,4,Inhibition,2009.0,9,,Inhibition of human ERG channel at 300 uM
CHEMBL2014322,4,4,IC50,2012.0,9,,Inhibition of human ERG
CHEMBL3406745,4,4,Inhibition,2015.0,9,,Inhibition of human ERG at 10 uM
CHEMBL5116276,4,4,IC50,2022.0,9,,Inhibition of human ERG
CHEMBL5117269,4,4,IC50,2022.0,9,,Inhibition of human ERG
CHEMBL3869719,4,4,Inhibition,2016.0,9,,Inhibition of human ERG at 10 uM
CHEMBL3872986,4,4,IC50,2016.0,9,CHO-K1,Inhibition of human ERG expressed in CHOK1 cells by whole-cell patch clamp method
CHEMBL3864496,4,4,IC50,2016.0,9,,Inhibition of human ERG
CHEMBL2329729,4,4,IC50,2013.0,9,,Inhibition of human ERG
CHEMBL2317008,4,4,IC50,2013.0,9,,Inhibition of human ERG by patch clamp assay
CHEMBL1219104,4,4,Inhibition,2010.0,9,,Inhibition of human ERG at 3 uM by patch clamp electrophysiology assay
CHEMBL1120746,4,4,IC50,2010.0,9,,Inhibition of human ERG
CHEMBL1174519,4,4,IC50,2010.0,9,,Binding affinity to human ERG by fluorescence-polarization binding assay
CHEMBL3591006,4,4,Inhibition,2015.0,9,CHO,Inhibition of human ERG expressed in CHO cells at 0.3 uM by automated whole-cell patch clamp electrophysiology system relative to control
CHEMBL5133256,4,4,IC50,2022.0,9,,Inhibition of human ERG expressed in HEK cells by voltage clamp assay
CHEMBL3413543,4,4,Inhibition,2015.0,9,CHO,Inhibition of human ERG expressed in CHO cells assessed as reduction in channel current at holding potential of 0 mV at 1 uM by electrophysiological method
CHEMBL3414402,4,4,IC50,2014.0,9,,Inhibition of human ERG by PDSP screening
CHEMBL4276588,4,4,IC50,2018.0,9,,Inhibition of human ERG expressed in HEK293 cells at -50 mV holding potential by patch clamp assay
CHEMBL4310146,4,4,IC50,2018.0,9,,Inhibition of human ERG by patch clamp electrophysiology
CHEMBL1959247,4,4,Inhibition,2012.0,9,,Displacement of [35S]MK-0499 from human ERG at 0.3 uM after >90 mins by scintillation counting
CHEMBL1959248,4,4,Inhibition,2012.0,9,,Displacement of [35S]MK-0499 from human ERG at 1 uM after >90 mins by scintillation counting
CHEMBL1959249,4,4,Inhibition,2012.0,9,,Displacement of [35S]MK-0499 from human ERG at 3 uM after >90 mins by scintillation counting
CHEMBL1959250,4,4,Inhibition,2012.0,9,,Displacement of [35S]MK-0499 from human ERG at 10 uM after >90 mins by scintillation counting
CHEMBL1959251,4,4,Inhibition,2012.0,9,,Displacement of [35S]MK-0499 from human ERG at 30 uM after >90 mins by scintillation counting
CHEMBL1952486,4,4,IC50,2012.0,9,,Inhibition of human Erg by patch clamp assay
CHEMBL2021017,4,4,Inhibition,2012.0,9,,Inhibition of human ERG at 1 uM
CHEMBL5130457,4,4,INH,2022.0,9,,Inhibition of hERG
CHEMBL5130458,4,4,INH,2022.0,9,,Inhibition of hERG by automated q-patch clamp assay
CHEMBL5130514,4,4,IC50,2022.0,9,,Inhibition of hERG
CHEMBL3602645,4,4,Inhibition,2015.0,9,CHO,Inhibition of human ERG overexpressed in CHO cells at 40 uM by Qpatch method relative to control
CHEMBL1106513,4,4,Inhibition,2010.0,9,HEK293,Displacement of [3H]dofetilide from human ERG expressed in HEK293 cells at 10 uM
CHEMBL1106514,4,4,IC50,2010.0,9,,Inhibition of human ERG expressed by patch clam electrophysiology assay
CHEMBL1106530,4,4,IC50,2010.0,9,,Inhibition of human ERG by patch clamp electrophysiology
CHEMBL1106535,4,4,Inhibition,2010.0,9,HEK293,Inhibition of [3H]dofetidile binding to human ERG expressed in HEK293 cells at 10 uM
CHEMBL4042408,4,4,IC50,2017.0,9,,Inhibition of human ERG
CHEMBL4042409,4,4,Inhibition,2017.0,9,,Inhibition of human ERG at 40 uM relative to control
CHEMBL4046796,4,4,IC50,2017.0,9,,Inhibition of human ERG
CHEMBL4047367,4,4,IC50,2017.0,9,,Inhibition of human ERG by patch clamp assay
CHEMBL1070001,4,4,IC50,2010.0,9,,Inhibition of human ERG channel
CHEMBL3090833,4,4,IC50,2013.0,9,,Inhibition of human ERG
CHEMBL4766286,4,4,IC50|Ki,2016.0,9,,Inhibition of human ERG
CHEMBL4766428,4,4,IC50,2016.0,9,,Inhibition of human ERG
CHEMBL4384747,4,4,IC50,2018.0,9,CHO,Inhibition of human ERG expressed in CHO cells by Qpatch assay
CHEMBL907269,4,4,IC50,2006.0,9,HEK293,Inhibition of human ERG potassium channel in HEK293 cells by patch clamp assay
CHEMBL1686219,4,4,IC50,2011.0,9,,Inhibition of human ERG
CHEMBL3407223,4,3,IC50|Inhibition,2015.0,9,HEK293,Inhibition of human ERG expressed in HEK293 cells assessed as reduction in tail current at membrane potential of +20 mV
CHEMBL3420851,4,4,Inhibition,2015.0,9,HEK293,Inhibition of human ERG expressed in HEK293 cells assessed as change in tail current at 11 uM by manual patch clamp assay relative to control
CHEMBL1118090,4,4,INH|Inhibition,2010.0,8,,Inhibition of human ERG
CHEMBL6111278,4,4,IC50,2025.0,9,,Inhibition of hERG
CHEMBL2330395,4,4,Inhibition,2013.0,9,CHO-K1,Inhibition of human ERG expressed in CHOK1 cells at 100 uM
CHEMBL2330396,4,4,Inhibition,2013.0,9,CHO-K1,Inhibition of human ERG expressed in CHOK1 cells at 30 uM
CHEMBL2330743,4,4,IC50,2013.0,9,HEK293,Inhibition of human ERG K+ channel expressed in HEK293 cells after 15 mins by patch clamp assay
CHEMBL2330779,4,4,Ratio IC50,2013.0,9,HEK293,"Assay index, ratio of IC50 for human ERG K+ channel expressed in HEK293 cells by patch clamp assay to IC50 for human ERG K+ channel expressed in HEK293 cells by radioligand binding assay"
CHEMBL2320190,4,4,IC50,2013.0,9,CHO,Inhibition of human ERG expressed in CHO cells by patch clamp assay
CHEMBL1645659,4,4,Ki,2011.0,9,,Inhibition of human ERG
CHEMBL3994405,4,4,Inhibition,2017.0,9,,Inhibition of human ERG at 5 uM relative to control
CHEMBL3994406,4,4,Inhibition,2017.0,9,,Inhibition of human ERG at 25 uM relative to control
CHEMBL2424274,4,4,IC50,2013.0,9,,Displacement of [3H]dofetilide from human ERG channel
CHEMBL2327767,4,4,IC50,2013.0,9,,Inhibition of human hERG by automated patch clamp assay
CHEMBL3889176,4,4,IC50,2016.0,8,,"Inhibition Assay: The inhibition of the hERG (human ether-a-go-go-related gene) potassium channel can be determined as described in Rast, G., & Guth, B. D., Journal of Pharmacological and Toxicological Methods (2014), http://dx.doi.org/10.1016/i.vascn.2014.08.001."
CHEMBL1063963,4,4,IC50,2009.0,9,,Inhibition of human ERG
CHEMBL1065725,4,4,Inhibition,2010.0,9,,Inhibition of human ERG at 300 uM
CHEMBL2439936,4,2,IC20|IC50,2013.0,9,,Inhibition of human ERG
CHEMBL2443479,4,4,IC50,2013.0,9,,Inhibition of human ERG by electrophysiology assay
CHEMBL6115343,4,4,IC50,2025.0,9,,Inhibition of human ERG
CHEMBL933468,4,4,IC50,2008.0,9,,Inhibition of human ERG
CHEMBL1954142,4,4,IC50,2012.0,9,,Inhibition of human ERG by cell based voltage clamp assay
CHEMBL4310944,4,2,%max|IC50,2019.0,9,,Displacement of [3H]dofetilide from recombinant human ERG after 60 mins by scintillation counting method
CHEMBL4312205,4,4,IC50,2019.0,9,,Inhibition of human ERG by patch clamp assay
CHEMBL4383858,4,4,IC50,2019.0,9,,Inhibition of red tracer binding to human ERG expressed in membranes preincubated for 10 to 15 mins followed by tracer addition measured after 3 hrs by fluorescence polarization assay
CHEMBL3428433,4,4,Inhibition,2015.0,9,,Inhibition of human ERG at 10 uM by patch clamp assay relative to control
CHEMBL1936658,4,3,Activity,2012.0,9,,Displacement of [3H]dofetolide from human Erg at 3 uM
CHEMBL4022306,4,4,IC50,2017.0,9,HEK293,Inhibition of recombinant human ERG expressed in HEK293 cells after 9 mins by patch clamp method
CHEMBL4709848,4,4,IC50,2020.0,9,,Inhibition of human ERG expressed in HEK293 cells by whole-cell patch clamp method
CHEMBL2345730,4,4,IC50,2013.0,9,,Inhibition of human ERG
CHEMBL1061556,4,4,Activity,2009.0,9,,Inhibition of human ERG
CHEMBL2429418,4,4,IC50|Inhibition,2013.0,9,,Inhibition of human ERG channel
CHEMBL4321008,4,4,Inhibition,2019.0,9,HEK293,Inhibition of human ERG expressed in HEK293 cells at 1 uM
CHEMBL4322077,4,4,IC50,2019.0,9,,Inhibition of human ERG
CHEMBL5330685,4,4,Inhibition,2023.0,9,,Inhibition of hERG expressed in HEK293 cells at 1 uM at holding potential of -80 mV by whole cell patch clamp assay relative to control
CHEMBL1831776,4,4,IC50,2011.0,9,,Inhibition of human ERG
CHEMBL939877,4,4,IC50,2009.0,9,,Binding affinity to human ERG
CHEMBL2393913,4,4,IC50,2013.0,9,,Inhibition of human ERG
CHEMBL4019810,4,4,IC50,2017.0,9,,Inhibition of human hERG by patch clamp method
CHEMBL2404994,4,4,Inhibition,2013.0,9,CHO,Inhibition of human ERG transfected in CHO cells at 10 uM by patch clamp assay relative to control
CHEMBL2404995,4,4,Inhibition,2013.0,9,CHO,Inhibition of human ERG transfected in CHO cells at 1 uM by patch clamp assay relative to control
CHEMBL2417289,4,4,Inhibition,2013.0,9,,Inhibition of human ERG at 3 uM by Patch-Xpress assay
CHEMBL4732339,4,4,IC50,2021.0,9,,Inhibition of recombinant human ERG expressed in CHO cells at -80 mV holding potential by automated patch clamp method
CHEMBL4723905,4,4,IC50,2020.0,9,,Inhibition of human ERG
CHEMBL4010387,4,4,Inhibition,2017.0,9,,Inhibition of human ERG expressed in CHO cells by patch clamp electrophysiology assay
CHEMBL4013657,4,4,IC50,2017.0,9,,Inhibition of human ERG by fluorescence polarization assay
CHEMBL6104488,4,4,IC50,2025.0,9,,Inhibition of hERG
CHEMBL4359448,4,4,IC50,2020.0,9,HEK293,Inhibition of human ERG expressed in HEK293 cells by whole cell electrophysiology assay
CHEMBL5233428,4,4,Inhibition,2019.0,9,,Inhibition of human ERG potassium channel at 40 uM at -80 mV holding potential by automated patch clamp assay
CHEMBL1119165,4,4,IC50,2010.0,9,,Inhibition of human ERG by patch clamp assay
CHEMBL2404993,4,4,IC50,2013.0,9,CHO,Inhibition of human ERG transfected in CHO cells by patch clamp assay
CHEMBL4026835,4,4,IC50,2017.0,9,,Inhibition of human ERG by fluorescently labeled tracer binding method
CHEMBL6090810,4,4,IC50,2025.0,9,,Inhibition of hERG by fluorescence polarization assay
CHEMBL4372490,4,4,Inhibition,2019.0,9,,Displacement of Tracer Red from human ERG at 10 uM by fluorescence assay relative to control
CHEMBL1110017,4,4,IC50,2010.0,9,,Inhibition of human ERG channel by electrophysiology assay
CHEMBL968701,4,4,IC50,2009.0,9,HEK293,Inhibition of human ERG expressed in HEK293 cells by patch-clamp method
CHEMBL975252,4,4,IC50,2009.0,9,,Inhibition of human ERG by patch-clamp assay
CHEMBL4367691,4,4,Inhibition,2019.0,9,CHO,Inhibition of human ERG expressed in CHO cells at 25 uM by whole-cell voltage-clamp analysis relative to control
CHEMBL4367692,4,4,IC50,2019.0,9,CHO,Inhibition of human ERG expressed in CHO cells by whole-cell voltage-clamp analysis
CHEMBL1120225,4,4,IC50,2010.0,9,,Inhibition of human ERG
CHEMBL1019465,4,4,IC50,2009.0,9,HEK293,Displacement of [3H]dofetilide from human ERG expressed in HEK293 cells
CHEMBL1839210,4,4,Inhibition,2011.0,9,,Inhibition of human ERG at 30 uM
CHEMBL993708,4,4,IC50,2009.0,9,HEK293,Displacement of [3H]astemizole from human ERG expressed in HEK293 cells
CHEMBL993079,4,4,Ki,2009.0,9,,Displacement of [3H]dofetilide from human ERG channel
CHEMBL1011677,3,3,IC50,2009.0,9,HEK293,Inhibition of human ERG S624A mutant expressed in HEK293 cells by whole cell patch clamp method
CHEMBL4342657,3,3,IC50,2019.0,9,CHO,Inhibition of human ERG expressed in CHO cells at holding potential of -80 mV by patch clamp method
CHEMBL993590,3,3,Ki,2008.0,9,,Displacement of [3H]dofetilide from human ERG channel
CHEMBL1837925,3,3,Inhibition,2011.0,9,HEK293,Inhibition of human ERG expressed in HEK293 cells assessed as inhibition of membrane K+ current IKr at 3 uM after 5 mins by patch clamp assay (Rvb = 19%)
CHEMBL4332217,3,3,IC50,2019.0,9,,Inhibition of human ERG by patch clamp method
CHEMBL4362471,3,3,IC50,2019.0,9,HEK293,Inhibition of human ERG transfected in HEK293 cells by whole-cell patch clamp method
CHEMBL4364034,3,3,IC50,2019.0,9,,Inhibition of human ERG
CHEMBL1021997,3,3,IC50,2009.0,9,,Inhibition of human ERG
CHEMBL1022018,3,3,IC50,2009.0,9,,Inhibition of human ERG by patch-clamp technique
CHEMBL948118,3,3,Inhibition,2008.0,9,,Inhibition of human ERG at 10 uM
CHEMBL940932,3,3,Inhibition,2007.0,9,HEK293,Inhibition of hERG channel expressed in HEK293 cells at 10 uM
CHEMBL4331782,3,3,IC50,2019.0,9,,Inhibition of human ERG
CHEMBL5257220,3,3,IC50,2016.0,9,,Inhibition of hERG
CHEMBL4340219,3,3,IC50,2019.0,9,,Inhibition of human ERG incubated for 4 hrs by fluorescence polarization assay
CHEMBL4374649,3,3,IC50,2019.0,9,,Inhibition of full length human ERG expressed in Chinese hamster ovary cells at -70 mV holding potential by patch clamp method
CHEMBL4374650,3,3,Inhibition,2019.0,9,,Inhibition of full length human ERG expressed in Chinese hamster ovary cells at 100 uM at -70 mV holding potential by patch clamp method relative to control
CHEMBL1948791,3,3,IC50,2012.0,9,,Displacement of [3H]dofetilide from human ERG
CHEMBL929421,3,3,Inhibition,2008.0,9,,Inhibition of human ERG at 10 uM by patch clamp method
CHEMBL4373076,3,3,Inhibition,2019.0,9,,Inhibition of human ERG expressed in HEK cell at 10 uM at -70 mV holding potential by patch clamp method relative to control
CHEMBL1942854,3,3,Ki,2012.0,9,,Displacement of dofetilide from human ERG
CHEMBL4381402,3,3,IC50,2020.0,9,HEK293,Inhibition of human ERG expressed in HEK293 cells assessed as reduction in channel tail current by whole cell patch clamp assay
CHEMBL4383075,3,2,IC20|IC50,2018.0,9,,Inhibition of human ERG at 37 degC
CHEMBL4385381,3,2,IC50|Inhibition,2019.0,9,,Inhibition of human ERG
CHEMBL5330315,3,3,IC50,2023.0,9,,Inhibition of human ERG
CHEMBL5316910,3,3,IC50,2023.0,9,,Inhibition of human ERG expressed in CHO-K1 cells with holding potential of -80 mV by automated patch clamp assay
CHEMBL5259050,3,3,Inhibition,2023.0,9,,Inhibition of hERG expressed in CHO cells at 40 uM by automated patch clamp method relative to control
CHEMBL5236892,3,3,IC50,2021.0,9,,Inhibition of human ERG
CHEMBL1954571,3,3,INH,2012.0,9,CHO-K1,Inhibition of human ERG expressed in CHO-K1 cell membranes by patch clamp assay
CHEMBL4403945,3,3,IC50,2020.0,9,CHO,Inhibition of human ERG stably expressed in CHO cells at -90 mV holding potential by electrophysiological assay
CHEMBL4393834,3,3,IC50,2019.0,9,,Inhibition of human ERG by Ion-work assay
CHEMBL4394729,3,3,IC50,2019.0,9,CHO,Inhibition of human ERG expressed in CHO cells at -80 mV holding potential by automated patch clamp assay
CHEMBL4305236,3,3,IC50,2019.0,9,,Inhibition of human ERG expressed in CHOK1 cells by Q-patch electrophysiology method
CHEMBL1958902,3,3,Ratio IC50,2012.0,9,,Ratio of YIL-781 IC50 to compound IC50 for human Erg
CHEMBL4275131,3,3,IC50,2018.0,9,,Inhibition of human ERG expressed in CHOK1 cells assessed as reduction in tail current at -80 holding potential after 100 to 200 secs by whole cell automated patch-clamp electrophysiology assay
CHEMBL2013365,3,3,Inhibition,2012.0,9,,Displacement of dofetilide from human ERG at 30 uM
CHEMBL903920,3,3,IC50,2007.0,9,HEK293,Inhibition of human ERG expressed in HEK293 cells by patch-clamp method
CHEMBL1820828,3,3,IC50,2011.0,9,,Inhibition of human ERG
CHEMBL893743,3,3,IC50,2007.0,9,CHO,Inhibition of hERG expressed in CHO cells by cell voltage clamp assay
CHEMBL895478,3,2,Activity|EC50|IC50,2007.0,9,CHO,Binding affinity to hERG expressed in CHO cells by patch clamp assay
CHEMBL896496,3,3,IC20,2007.0,9,,Inhibition of human ERG
CHEMBL4415876,3,3,IC50,2019.0,9,HEK293,Inhibition of human ERG expressed in HEK293 cells by IonWorks barracuda patch clamp method
CHEMBL5155949,3,3,IC50,2022.0,9,,Inhibition of human ERG
CHEMBL5157217,3,3,IC50,2022.0,9,,Inhibition of hERG
CHEMBL3579944,3,3,Inhibition,2015.0,9,HEK293,Inhibition of human ERG expressed in HEK293 cells assessed as reduction in peak tail current at 10 uM at holding potential of 80 mV to +20 mV by whole cell patch clamp assay
CHEMBL5148069,3,3,Inhibition,2022.0,9,,Inhibition of human ERG potassium channel expressed in CHO-K1 cells at 3 uM incubated for 5 mins by patch clamp assay
CHEMBL5148711,3,3,IC50,2022.0,9,,Inhibition of human ERG potassium channel by manual patch-clamp electrophysiology
CHEMBL5165162,3,3,IC50,2022.0,9,,Inhibition of hERG transfected in CHO cells by manual patch-clamp assay
CHEMBL5166087,3,3,IC50,2022.0,9,,Inhibition of human ERG
CHEMBL5167771,3,3,IC50,2022.0,9,,Inhibition of hERG expressed in HEK293 cells by automated patch clamp assay
CHEMBL5168166,3,3,IC50,2022.0,9,,Inhibition of hERG channel assessed as prolongation of QT interval by patch clamp method
CHEMBL4406769,3,3,IC50,2020.0,9,HEK293,Inhibition of human ERG expressed in HEK293 cells measured after 5 mins by whole cell patch clamp method
CHEMBL2026526,3,3,Inhibition,2012.0,9,CHO,Inhibition of human ERG expressed in CHO cells at 10 uM by patch clamp electrophysiology assay
CHEMBL1820248,3,3,IC50,2011.0,9,HEK293,Inhibition of wild-type human ERG channel expressed in HEK293 cells assessed as blockade of potassium tail current by whole-cell patch clamp technique
CHEMBL1820249,3,3,IC50,2011.0,9,HEK293,Inhibition of human ERG Y652A mutant channel expressed in HEK293 cells assessed as blockade of potassium tail current by whole-cell patch clamp technique
CHEMBL1820250,3,3,IC50,2011.0,9,HEK293,Inhibition of human ERG F656A mutant channel expressed in HEK293 cells assessed as blockade of potassium tail current by whole-cell patch clamp technique
CHEMBL1820251,3,3,IC50,2011.0,9,CHO,Inhibition of wild-type human ERG channel expressed in CHO cells by whole-cell patch clamp technique
CHEMBL1820252,3,3,IC50,2011.0,9,CHO,Inhibition of human ERG Y652A mutant channel expressed in CHO cells by whole-cell patch clamp technique
CHEMBL2026865,3,3,IC50,2012.0,9,,Inhibition of human ERG
CHEMBL4223709,3,3,IC50,2018.0,9,,Inhibition of human ERG
CHEMBL3578618,3,3,Inhibition,2015.0,9,CHO,Inhibition of human ERG expressed in CHO cells at 10 uM after 5 mins by IonWorks assay relative to control
CHEMBL5330686,3,3,Inhibition,2023.0,9,,Inhibition of hERG expressed in HEK293 cells at 10 uM at holding potential of -80 mV by whole cell patch clamp assay relative to control
CHEMBL5332470,3,3,IC50,2023.0,9,,Inhibition of human ERG potassium channel expressed in CHO cells by manual patch clamp method
CHEMBL5335441,3,3,IC50,2023.0,9,,Inhibition of hERG expressed in CHO cells at -80 mV holding potential by QPatch automated electrophysiology assay
CHEMBL4257728,3,3,IC50,2017.0,9,,Inhibition of human ERG
CHEMBL889312,3,3,IC50,2007.0,9,HEK293,Blockade of hERG expressed in HEK293 cells by whole-cell patch clamp method
CHEMBL868204,3,3,IC50,2006.0,9,,Inhibition of hERG
CHEMBL864202,3,3,Inhibition,2006.0,9,,Inhibition of hERG at 1 uM
CHEMBL2065451,3,3,IC50,2012.0,9,,Inhibition of human Erg
CHEMBL4424856,3,3,IC50,2019.0,9,HEK293,Inhibition of recombinant human ERG expressed in HEK293 cells by whole-cell patch-clamp method
CHEMBL4413744,3,3,IC50,2019.0,9,CHO,Inhibition of human ERG expressed in CHO cells at -80 mV holding potential by whole-cell patch clamp assay
CHEMBL2044730,3,3,IC50,2010.0,9,,Inhibition of human ERG
CHEMBL864852,3,3,IC50,2006.0,9,CHO,Inhibition of hERG potassium channel expressed in CHO cells by whole cell patch clamp method
CHEMBL867172,3,3,Activity,2006.0,9,HEK293,Displacement of [35S]-labeled MK499 from cloned hERG receptor expressed in HEK cells
CHEMBL4222828,3,3,IC50,2018.0,9,,Inhibition of human ERG
CHEMBL5142723,3,3,IC50,2022.0,9,,Inhibition of hERG
CHEMBL5145947,3,3,Inhibition,2022.0,9,,Displacement of [3H]astemizole from human ERG expressed in HEK293 cell membrane at 30 uM for 2 hrs by Radiometric displacement assay
CHEMBL1211976,3,3,Inhibition,2010.0,9,,Displacement of [3H]dofetilide from human ERG at 10 uM
CHEMBL4224020,3,3,Ki,2018.0,9,,Displacement of [3H]astemizole from human ERG expressed in HEK cell membranes after 60 mins by scintillation counting method
CHEMBL4224343,3,3,Inhibition,2018.0,9,,Inhibition of human ERG at 1.5 mg/ml by Rb efflux assay
CHEMBL4224344,3,3,Inhibition,2018.0,9,,Inhibition of human ERG at 5 mg/ml by Rb efflux assay
CHEMBL1248763,3,3,IC50,2010.0,9,,Inhibition of human ERG tail current by patch clamp electrophysiology assay
CHEMBL2051144,3,3,Inhibition,2012.0,9,,Inhibition of human ERG at 10 uM by high-throughput rubidium efflux assay
CHEMBL859791,3,3,Inhibition,2006.0,9,,Inhibitory activity against hERG by patch-clamp assay at 1 uM
CHEMBL861279,3,3,EC50,2006.0,9,,Effect on blockade of Kv11.1 channel
CHEMBL854582,3,3,IC50,2006.0,9,CHO,Inhibition of hERG potassium channel expressed in CHO cells by whole cell patch clamp method
CHEMBL5140411,3,3,IC50,2022.0,9,,Inhibition of human ERG expressed in CHO cells at -80 mV holding potential by automated patch clamp method
CHEMBL5135461,3,3,IC50,2022.0,9,,Inhibition of hERG potassium channel expressed in CHO cells at -80 mV holding potential by whole cell patch clamp assay
CHEMBL2073329,3,3,IC50,2012.0,9,,Inhibition of human ERG by Rb efflux assay
CHEMBL2149440,3,3,IC50,2012.0,9,,Inhibition of human ERG
CHEMBL1211744,3,3,Inhibition,2010.0,9,,Inhibition of human ERG
CHEMBL854893,3,3,Inhibition,2007.0,9,,Percent inhibition of binding to hERG at 10uM
CHEMBL1039906,3,3,IC50,2009.0,9,HEK293,Displacement of [3H]dofetilide from human ERG expressed in HEK293 cells
CHEMBL1039907,3,3,Activity,2009.0,9,HEK293,Displacement of [3H]dofetilide from human ERG expressed in HEK293 cells at 25 uM
CHEMBL2157805,3,3,Inhibition,2011.0,9,,Inhibition of human ERG at 20 uM
CHEMBL4606516,3,3,IC50,2020.0,9,CHO-K1,Inhibition of human ERG expressed in CHOK1 cells by patch-clamp electrophysiology assay
CHEMBL4610755,3,3,Inhibition,2020.0,9,,Inhibition of human ERG at 3 uM relative to control
CHEMBL4183068,3,3,IC50,2018.0,9,,Inhibition of human ERG transfected in CHO cells by patch clamp method
CHEMBL2157810,3,3,IC50,2011.0,9,,Inhibition of human ERG
CHEMBL2162323,3,3,IC50,2012.0,9,HEK293,Inhibition of human ERG expressed in HEK293 cells by voltage-clamp method
CHEMBL4180171,3,3,IC50,2017.0,9,,Inhibition of human ERG by Qpatch clamp assay
CHEMBL4181299,3,3,Inhibition,2017.0,9,,Inhibition of human ERG expressed in HEK293 cells at 10 uM by patch clamp method relative to control
CHEMBL4181570,3,3,Inhibition,2017.0,9,,Inhibition of human ERG at 10 uM
CHEMBL1273164,3,3,IC50,2010.0,9,,Inhibition of human ERG
CHEMBL4605642,3,3,IC50,2020.0,9,,Inhibition of human ERG
CHEMBL3590915,3,3,IC50,2015.0,9,,Inhibition of human ERG
CHEMBL1105770,3,3,IC50,2010.0,9,,Inhibition of human ERG by patch clamp assay
CHEMBL1106557,3,3,Ratio IC50,2010.0,9,HEK293,"Ratio of compound IC50 to (2S)-N-(6-(4-chlorophenyl)-7-(2,4-dichlorophenyl)-2,2-dimethyl-3,4-dihydro-2H-pyrano[2,3-b]pyridin-4-yl)-2 hydroxypropanamide IC50 for human ERG expressed in HEK293 cells"
CHEMBL3419126,3,3,Inhibition,2015.0,9,,Inhibition of human ERG at 10 uM by manual patch clamp assay relative to control
CHEMBL1687437,3,3,INH,2011.0,9,,Inhibition of human ERG
CHEMBL3583384,3,3,IC50,2015.0,9,,Inhibition of human ERG by Patchexpress patch clamp assay
CHEMBL3591805,3,3,Inhibition,2015.0,9,,Inhibition of human ERG expressed in Xenopus laevis oocytes at 100 uM incubated for 3 mins at holding potential of -100 mV followed by depolarization to +20 mV and repolarization to -50 mV by two-microelectrode voltage clamp assay
CHEMBL834953,3,3,Inhibition,2004.0,9,HEK293,Percent inhibition of human ether-a-go-go related gene (hERG) channel expressed in HEK293 cells in standard whole cell voltage-clamp assay
CHEMBL2168561,3,3,IC50,2012.0,9,,Inhibition of human ERG by IonWorks assay
CHEMBL2173537,3,3,IC50,2012.0,9,CHO-K1,Inhibition of human ERG expressed in CHOK1 cells after 5 mins by whole-cell patch clamp assay
CHEMBL1041067,3,3,Inhibition,2009.0,9,,Inhibition of human ERG channel at 1 uM
CHEMBL1041068,3,3,Inhibition,2009.0,9,,Inhibition of human ERG channel at 3 uM
CHEMBL2185328,3,3,Ki,2012.0,9,,Displacement of [3H]astemizole from human ERG by microbeta scintillation counting
CHEMBL4158756,3,3,IC50,2018.0,9,,Inhibition of human ERG expressed in CHO cells by automated patch clamp assay
CHEMBL5361572,3,3,IC50,2023.0,9,,Inhibition of human ERG transfected in CHO cells by patch-clamp method
CHEMBL5131218,3,3,Inhibition,2022.0,9,,Displacement of [3H]Dofetilide from human ERG at 10 uM incubated for 24 hrs by filter binding assay relative to control
CHEMBL3602290,3,3,IC50,2015.0,9,,Inhibition of human ERG by radioligand binding assay
CHEMBL4611417,3,3,IC50,2020.0,9,,Displacement of [3H]astemizole from human ERG
CHEMBL4614748,3,3,IC50,2020.0,9,,Inhibition of human ERG by radioligand binding assay
CHEMBL4188524,3,3,IC50,2018.0,9,,Inhibition of human ERG
CHEMBL4616470,3,3,IC50,2020.0,9,,Inhibition of human ERG by patch-clamp assay
CHEMBL4156817,3,3,IC50,2018.0,9,,Displacement of [3H]astemizole from human ERG expressed in HEK cell membranes
CHEMBL820994,3,3,EC10,2004.0,9,,Effect on prolongation of the heart rate-corrected QT interval
CHEMBL2184102,3,3,IC50,2012.0,9,,Displacement of dofetilide from human ERG
CHEMBL6187159,3,3,Inhibition,2025.0,9,,Inhibition of human ERG expressed in CHO cells at 10 uM by electrophysiological analysis relative to control
CHEMBL6179293,3,3,IC50,2025.0,9,,Inhibition of human ERG stably transfected in HEK293 cells by manual patch-clamp assay
CHEMBL2188723,3,3,Inhibition,2012.0,9,CHO,Inhibition of human ERG expressed in CHO cells at 1 uM measured up to 3 mins by whole cell patch clamp assay
CHEMBL4134825,3,3,IC50,2017.0,9,,Inhibition of human ERG by patch clamp assay
CHEMBL4137255,3,3,Inhibition,2018.0,9,,Inhibition of human ERG expressed in CHO cells at 11 uM relative to control
CHEMBL1805939,3,3,Inhibition,2010.0,9,,Inhibition of human ERG at >30 uM by patch clamp assay
CHEMBL1810637,3,3,Inhibition,2011.0,9,,Displacement of labeled-dofetilide from human ERG at 100 uM
CHEMBL6157107,3,3,IC50,2025.0,9,,Inhibition of human ERG
CHEMBL6138085,3,3,IC50,2025.0,9,,Inhibition of hERG expressed in CHO cells by manual patch-clamp electrophysiology
CHEMBL2215193,3,3,IC50,2012.0,9,,Inhibition of human ERG
CHEMBL5129830,3,3,IC50,2022.0,9,,Inhibition of human ERG by patch clamp method
CHEMBL5129884,3,3,IC50,2022.0,9,,Inhibition of hERG potassium channel in HEK293 cells at 0.3 to 30 uM by whole-cell patch clamp assay
CHEMBL5112832,3,3,IC50,2022.0,9,,Inhibition of hERG expressed in CHO cells by whole cell patch clamp assay
CHEMBL5117065,3,3,IC50,2022.0,9,,Inhibition of hERG measured by fluorescence polarization assay
CHEMBL5117664,3,3,IC50,2022.0,9,,Inhibition of human ERG potassium channel expressed in CHO cells by automated patch clamp electrophysiological assay
CHEMBL5125534,3,3,IC50,2022.0,9,,Inhibition of human ERG potassium channel by fluorescence polarization assay
CHEMBL3606444,3,3,Inhibition,2015.0,9,,Inhibition of human ERG
CHEMBL4124237,3,3,IC50,2018.0,9,,Inhibition of human ERG
CHEMBL6140095,3,3,Inhibition,2025.0,9,,Inhibition of human ERG at 30 uM by whole-cell patch clamp technique relative to control
CHEMBL6130744,3,3,Inhibition,2024.0,9,,Inhibition of human ERG
CHEMBL6130826,3,3,IC50,2024.0,9,,Inhibition of human ERG expressed in Xenopus laevis oocytes by two-electrode voltage clamp method
CHEMBL6130831,3,3,Inhibition,2024.0,9,,Inhibition of human ERG expressed in Xenopus laevis oocytes at 10 uM by two-electrode voltage clamp method
CHEMBL6136797,3,3,IC50,2025.0,9,,Inhibition of human ERG by whole cell patch clamp assay
CHEMBL4049285,3,3,IC50,2018.0,9,,Inhibition of human ERG
CHEMBL5110782,3,3,Inhibition,2022.0,9,,Inhibition of human ERG at 10 uM
CHEMBL3398704,3,3,IC50,2015.0,9,,Inhibition of human ERG by patch clamp cellular assay
CHEMBL3399089,3,3,IC50,2015.0,9,,Inhibition of human ERG
CHEMBL3385976,3,3,IC50,2014.0,9,CHO-K1,Inhibition of human ERG expressed in CHO-K1 cells by automated whole-cell patch-clamp electrophysiology method
CHEMBL4667950,3,3,IC50,2019.0,9,,Displacement of Tracer Red from human ERG incubated for 2 hrs by fluorescence polarization assay
CHEMBL4669232,3,3,IC50,2020.0,9,,Inhibition of human ERG by QPatch HTX automated patch clamp system
CHEMBL6126008,3,3,Inhibition,2025.0,9,,Inhibition of human ERG at 1 uM relative to control
CHEMBL6126009,3,3,Inhibition,2025.0,9,,Inhibition of human ERG at 10 uM relative to control
CHEMBL6128056,3,3,Inhibition,2024.0,9,,Inhibition of human ERG expressed in HEK293 cells at 10 uM by electrophysiological method relative to control
CHEMBL6128732,3,3,Inhibition,2024.0,9,,Inhibition of hERG at 1 uM relative to control
CHEMBL6120145,3,3,IC50,2025.0,9,,Inhibition of hERG by automated whole cell patch clamp electrophysiology
CHEMBL6121337,3,3,IC50,2024.0,9,,Inhibition of hERG by patch clamp assay
CHEMBL6121338,3,3,IC50,2024.0,9,,Inhibition of hERG by Qpatch clamp assay
CHEMBL1218978,3,3,Inhibition,2010.0,9,,Inhibition of human ERG at 10 uM
CHEMBL1121059,3,3,IC50,2010.0,9,,Inhibition of human ERG
CHEMBL4678145,3,3,IC50,2021.0,9,,Inhibition of human ERG
CHEMBL3627070,3,3,IC50,2015.0,9,,Inhibition of human ERG by manual patch clamp assay
CHEMBL3630980,3,3,Inhibition,2015.0,9,HEK293,Displacement of [3H]-dofetilide from human ERG in HEK293 cells at 1 uM
CHEMBL3390017,3,3,IC50,2014.0,9,HEK293,Displacement of [3H]astemizole from human ERG expressed in HEK293 cells by scintillation counting method
CHEMBL4051786,3,3,Inhibition,2017.0,9,,Inhibition of human ERG assessed as reduction of K+ current at 30 uM
CHEMBL6121940,3,3,IC50,2024.0,9,,Inhibition of hERG
CHEMBL6113801,3,3,IC20,2025.0,9,,Inhibition of human ERG
CHEMBL1816830,3,3,IC50,2011.0,9,HEK293,Inhibition of recombinant human ERG channel expressed in human HEK 293 cells by patch clamp assay
CHEMBL4041928,3,3,Ki,2017.0,9,,Inhibition of human ERG
CHEMBL4052295,3,3,IC50,2017.0,9,,Inhibition of human ERG expressed in CHOK1 cells by patch clamp method
CHEMBL4047413,3,3,Inhibition,2017.0,9,,Inhibition of human ERG expressed in CHO cells at 30 uM at -70mV holding potential measured after 300 secs by IonWorks electrophysiology method relative to control
CHEMBL6117187,3,3,IC50,2025.0,9,,Inhibition of hERG expressed in CHO cells assessed as inhibition of channel current at holding potential of -80 mV by automated patch clamp method
CHEMBL6117491,3,3,IC50,2025.0,9,,Inhibition of hERG expressed in CHO cells by QPatch automated patch-clamp assay
CHEMBL4047676,3,3,IC50,2017.0,9,HEK293,Inhibition of recombinant human ERG expressed in HEK293 cells at -80 mV holding potential measured for 9 mins by Qpatch clamp method
CHEMBL4041603,3,3,Inhibition,2017.0,9,,Inhibition of human ERG at 10 uM by fluorescence polarization assay
CHEMBL6107557,3,3,IC50,2025.0,9,,Inhibition of hERG
CHEMBL6110304,3,3,IC50,2025.0,9,,Inhibition of hERG
CHEMBL6097278,3,3,IC50,2025.0,9,,Inhibition of hERG
CHEMBL6100530,3,3,IC50,2025.0,9,,Inhibition of hERG expressed in HEK293 cells assessed as inhibition of tail current measured at holding potential of -80 mV by automated patch clamp analysis
CHEMBL3379633,3,3,IC50,2015.0,9,,Inhibition of human ERG by automated whole cell electrophysiology
CHEMBL1780458,3,3,IC50,2011.0,9,,Inhibition of human ERG
CHEMBL1764302,3,3,Ki,2011.0,9,,Inhibition of human ERG
CHEMBL5112590,3,3,Inhibition,2022.0,9,,Inhibition of hERG transfected in CHO cells at 10 uM incubated for 30 mins by FluxorTM Potassium Ion Chanel Assay Kit method relative to control
CHEMBL4036825,3,3,IC50,2017.0,9,,Inhibition of human ERG
CHEMBL4037342,3,3,Inhibition,2018.0,9,,Displacement of Tracer Red from human ERG expressed in cell membranes up to 60 uM by fluorescence polarization assay
CHEMBL4679362,3,3,Inhibition,2021.0,9,,Inhibition of human ERG assessed as reduction in channel tail current at 10 uM by patch clamp assay relative to control
CHEMBL6100659,3,3,IC50,2025.0,9,,Inhibition of human ERG by SyncroPatch 384i/384 automated patch clamp method
CHEMBL6101598,3,3,Inhibition,2025.0,9,,Inhibition of human ERG expressed in CHO cells at 10 uM by whole cell patch clamp method relative to control
CHEMBL2384313,3,3,IC50,2013.0,9,,Inhibition of human ERG by IonWorks assay
CHEMBL6095263,3,3,Inhibition,2024.0,9,,Inhibition of hERG at 10 uM at -70 mV holding potential incubated for 6 to 7 mins by automated patch clamp analysis relative to control
CHEMBL5050591,3,3,IC50,2022.0,9,,Inhibition of human ERG
CHEMBL5043389,3,3,IC50,2022.0,9,,Inhibition of human ERG expressed in CHO cells at holding potential of -80 mV by whole cell patch clamp assay
CHEMBL5046103,3,3,IC50,2022.0,9,,Inhibition of [35S]MK-499 binding to hERG expressed in HEK293 cells at 60 uM
CHEMBL5384537,3,3,IC50,2023.0,9,,Inhibition of human ERG expressed in HEK293 cells incubated for 30 mins
CHEMBL5388468,3,3,IC50,2023.0,9,,Inhibition of hERG by patch clamp assay
CHEMBL5389038,3,3,IC50,2024.0,9,,Inhibition of full length hERG channel expressed in CHO cells at -40 mV holding potential incubated for 3 to 4 mins by whole-cell voltage clamp method
CHEMBL1767984,3,3,Inhibition,2011.0,9,CHO,Inhibition of human ERG-mediated current expressed in CHO cells at 30 uM by patch clamp method
CHEMBL3630981,3,3,Inhibition,2015.0,9,HEK293,Displacement of [3H]-dofetilide from human ERG in HEK293 cells at 10 uM
CHEMBL4027157,3,2,IC50,2017.0,9,,Inhibition of human ERG expressed in CHO cells by automated patch clamp method
CHEMBL4027662,3,3,IC50,2018.0,9,,Inhibition of human ERG expressed in CHO cells at -80 mV holding potential after 3 mins by QPatch test
CHEMBL4700475,3,3,IC50,2020.0,9,,Inhibition of human ERG
CHEMBL4701757,3,3,Inhibition,2020.0,9,,Inhibition of human ERG channel trafficking expressed in mammalian expression system at 1 to 30 uM by HERG-Lite assay
CHEMBL4701758,3,3,IC50,2020.0,9,,Inhibition of human ERG by patch-clamp assay
CHEMBL4712777,3,3,IC50,2021.0,9,,Inhibition of fluorescence tracer red binding to human ERG measured after 4 hrs by fluorescence polarization assay
CHEMBL4714168,3,3,IC50,2021.0,9,,Inhibition of human ERG
CHEMBL4036195,3,3,IC50,2017.0,9,,Inhibition of human ERG
CHEMBL6086266,3,3,IC50,2024.0,9,,Inhibition of human ERG by patch clamp assay
CHEMBL6086566,3,3,Inhibition,2024.0,9,,Inhibition of hERG upto 10 uM
CHEMBL4015500,3,3,Inhibition,2017.0,9,HEK293,Inhibition of human ERG expressed in HEK293 cells at 10 uM by patch clamp method relative to control
CHEMBL5041721,3,3,Inhibition,2022.0,9,,Inhibition of hERG expressed in HEK293 cells at 3 uM at -80 mV holding potential by automated patch-clamp method
CHEMBL3368358,3,3,IC50,2014.0,9,CHO,Inhibition of human ERG expressed in CHO cells by electrophysiology assay
CHEMBL3372415,3,3,IC50|Inhibition,2015.0,9,,Inhibition of human ERG channel by dofetilide binding assay
CHEMBL5511455,3,3,Inhibition,2024.0,9,,Inhibition of human ERG expressed in CHO cells at 40 uM relative to control
CHEMBL5511456,3,3,IC50,2024.0,9,,Inhibition of human ERG expressed in CHO cells
CHEMBL5512092,3,3,IC50,2024.0,9,,Inhibition of human ERG expressed in CHO cells
CHEMBL5392513,3,3,IC50,2023.0,9,,Inhibition of human ERG expressed in HEK293 cells by patch clamp assay
CHEMBL4721729,3,3,IC50,2018.0,9,,Inhibition of human ERG transfected in HEK293 cells assessed as reduction in channel current at -80 mV holding potential by whole-cell patch clamp method
CHEMBL4728068,3,3,Inhibition,2020.0,9,,Inhibition of human ERG at 10 uM relative to control
CHEMBL4715413,3,3,Inhibition,2021.0,9,,Inhibition of human ERG expressed in human HEK293 cells at 30 uM whole-cell patch clamp assay relative to control
CHEMBL4015596,3,3,IC50,2017.0,9,,Inhibition of human ERG by thallium flux assay
CHEMBL1054535,3,3,IC50,2009.0,9,HEK293,Inhibition of human ERG expressed in HEK cells
CHEMBL2405371,3,3,IC50,2013.0,9,,Inhibition of human ERG
CHEMBL2406366,3,3,IC50,2013.0,9,,Inhibition of human ERG channel by patch clamp technique
CHEMBL1804921,3,3,IC50,2010.0,9,,Inhibition of human hERG
CHEMBL1664415,3,3,Inhibition,2011.0,9,,Inhibition of human ERG up to 30 uM
CHEMBL1680289,3,3,Ki,2011.0,9,,Binding affinity to human ERG
CHEMBL3762406,3,3,Inhibition,2016.0,9,,Inhibition of dofetilide binding to human ERG at 1 uM
CHEMBL3766108,3,3,INH,2016.0,9,HEK293,Displacement of [35S]MK-499 from human ERG expressed in HEK293 cell membranes after 75 mins
CHEMBL3744110,3,3,IC50,2015.0,9,,Inhibition of human ERG
CHEMBL5041215,3,3,IC50,2022.0,9,,Inhibition of human ERG by PatchXpress assay
CHEMBL4731940,3,3,IC50,2020.0,9,,Inhibition of human ERG
CHEMBL4724812,3,3,Inhibition,2021.0,9,,Inhibition of human ERG expressed in CHO cells at 30 uM incubated for 5 mins by patch-clamp assay relative to control
CHEMBL4011432,3,2,IC20|Inhibition,2017.0,9,,Inhibition of human ERG
CHEMBL4003820,3,3,Inhibition,2017.0,9,,Inhibition of [3H]-astemizole binding to human ERG at 30 uM after 2 hrs by liquid scintillation counting method relative to control
CHEMBL6075029,3,3,IC50,2024.0,9,,Inhibition of hERG
CHEMBL5735689,3,1,IC50|k_off|kon,2020.0,9,,"Inhibitory Activity Assay: hERG: 1. Materials and Instruments  (1) FluxOR potassium ion channel assay (F10016, invitrogen)  (2) FlexStation3 microplate reader (molecular devices)  (3) hERG/HEK293 cell: HEK293 cell line stably expressing the hERG channel transfected by hERG cDNA (NCBI SEQ ID NO. NM-000238(RC215928, origene)).  2. Experimental Procedure  (1) Human hERG/HEK293 cell was seeded on PDL(Poly-D-lysine) coated plates at 25000 cells/well on the previous day;  (2) After overnight culture, the plate medium was discarded; then according to FluxOR potassium ion channel detection requirements operation, the dye was added at 100 μL/hole, and then incubated for 90 mins at room temperature;  (3) The dye was then decanted and 100 μL of assay buffer containing 100 μL probenecid were added in each well;  (4) 1 μL of compound or DMSO was added to the corresponding wells, shocked for 30 seconds, and incubated for 30 mins at room temperature;  (5) The plates were placed in a FlexStation3 microplate reader, and then added with stimulation buffer (K2SO4:Tl2SO4:1XFluxOR Chloride-free Buffer:ddH2O=2:1:2:5) at 25 μL/well, then the value was read continuously for 5 mins at EX/EM of 490/525nm immediately; and  (6) The IC50 of the present compounds on human hERG ion channel was obtained by data processing software Graphpad."
CHEMBL1060930,3,3,IC50,2009.0,9,HEK293,Inhibition of human ERG channel expressed in HEK293 cells by patch clamp assay
CHEMBL2412857,3,3,Inhibition,2013.0,9,,Inhibition of human ERG at 10 uM by electrophysiology assay
CHEMBL4734906,3,3,Activity,2021.0,9,,Channel blockade of human ERG stably expressed in HEK293 cells assessed as decrease in current density at 5 uM with -60 mV holding potential measured after 5 mins by whole cell patch clamp method
CHEMBL3761659,3,3,IC50,2016.0,9,CHO,Inhibition of human ERG expressed in CHO cells by patch plate method
CHEMBL5034585,3,3,Inhibition,2021.0,9,,Inhibition of hERG at 1 uM relative to control
CHEMBL5520856,3,3,IC50,2024.0,9,,Inhibition of human ERG
CHEMBL5521024,3,3,IC50,2024.0,9,,Inhibition of human ERG by patch clamp assay
CHEMBL5516741,3,3,Inhibition,2024.0,9,,Inhibition of hERG transiently transfected in CHO cells at 10 uM at -100 mV holding potential by whole-cell patch clamp electrophysiology method relative to control
CHEMBL5516742,3,3,Inhibition,2024.0,9,,Inhibition of hERG transiently transfected in CHO cells at 10 uM at -100 mV holding potential by whole-cell patch clamp electrophysiology method
CHEMBL4729407,3,3,INH,2020.0,9,,Inhibition of human ERG by whole-cell patch clamp method
CHEMBL4729409,3,3,Inhibition,2020.0,9,,Inhibition of human ERG at 100 uM relative to control
CHEMBL4004722,3,3,IC50,2017.0,9,,Inhibition of human ERG potassium channel by patch clamp assay
CHEMBL4007981,3,3,IC50,2017.0,9,,Inhibition of human ERG expressed in CHO cells by Qpatch assay
CHEMBL3887508,3,3,IC50,2015.0,8,,"Inhibition Assay: To determine whether compounds were selective for TRPV3 inhibition over inhibition of other ion channel types, the human ERG (hERG), NaV1.2, and TRPV1 (hTRPV1) channels and the rat TRPV6 (rTRPV6) channel were also stably transfected and expressed or induced to express in mammalian cell lines. The methods for measuring currents from these channels are well-established and have been described in numerous publications (See, Weerapura et al., 2002, J Physiology 540: 15-27; Rush et al., 2005, J Physiology 564: 808-815; Caterina et al., 1997, Nature 389: 816-824; Hoenderhop et al., 2001, J Physiology 537: 747-761; Clapham et al., 2003, Pharmacol Rev 55: 591-596)."
CHEMBL4002421,3,1,IC50,2017.0,9,,Inhibition of human ERG
CHEMBL5734260,3,1,IC50|k_off|kon,2019.0,9,,"Inhibitory Activity Assay: The method described hereafter is used for determining the inhibitory activity of the present compounds on hERG1. Materials and Instruments(1) FluxOR potassium ion channel assay (F10016, invitrogen)(2) FlexStation3 microplate reader (molecular devices)(3) hERG/HEK293 cell: HEK293 cell line stably expressing the hERG channel transfected by hERG cDNA (NCBI SEQ ID NO. NM-000238(RC215928, origene)).2. Experimental ProcedureExcept for ddH2O, all of the experimental reagents are from FluxOR Potassium Ion Channel Assay Kit and the formulation methods also refer to the kit instructions.(1) Human hERG/HEK293 cell was seeded on PDL (Poly-D-lysine) coated plates at 25000 cells/well on the previous day;(2) After overnight culture, the plate medium was discarded; then according to FluxOR potassium ion channel detection requirements operation, the dye was added at 100 μL/hole, and then incubated for 90 mins at room temperature;(3) The dye was then decanted and 100 μL of assay buffer containing 1004, probenecid were added in each well;(4) 1 μL of compound or DMSO was added to the corresponding wells, shocked for 30 seconds, and incubated for 30 mins at room temperature;(5) The plates were placed in a FlexStation3 microplate reader, and then added with stimulation buffer (K2SO4: Tl2SO4: 1×FluxOR Chloride-free Buffer: ddH2O=2:1:2:5) at 25 μL/well, then the value was read continuously for 5 mins at EX/EM of 490/525 nm immediately; and(6) The IC50 of the present compounds on human hERG ion channel was obtained by data processing software Graphpad."
CHEMBL1072651,3,3,IC50,2010.0,9,,Inhibition of human ERG by patch clamp technique
CHEMBL1062741,3,3,IC50,2009.0,9,,Inhibition of human ERG by whole cell patch clamp assay
CHEMBL2424139,3,3,Inhibition,2013.0,9,,Inhibition of human ERG channel at 30 uM by patch clamp technique
CHEMBL1614368,3,3,EC50,,9,,"PUBCHEM_BIOASSAY: Dosage response for compounds that protect hERG from block by proarrhythmic agents using manual patch clamp. (Class of assay: confirmatory) [Related pubchem assays: 1680 (Summary assay for hERG assays.), 1511 (Primary HTS assay for 305616 test compounds, of which 1552 are found active.)]"
CHEMBL1069754,3,3,IC50,2010.0,9,,Inhibition of human ERG
CHEMBL4845171,3,3,IC50,2021.0,9,,Inhibition of human ERG expressed in HEK293 cells at -80 mV holding potential by patch clamp assay
CHEMBL3789410,3,3,IC50,2016.0,9,,Inhibition of human ERG by dofetilide binding assay
CHEMBL3361669,3,3,Ratio,2014.0,9,CHO-K1,Inhibition of human ERG expressed in CHO-K1 cells by whole cell patch-clamp assay relative to control
CHEMBL3367517,3,3,INH|Inhibition,2014.0,9,,Binding affinity to human ERG
CHEMBL5037162,3,3,Inhibition,2021.0,9,,Inhibition of hERG expressed in HEK293 cells at 10 uM relative to control
CHEMBL1070389,3,3,Inhibition,2010.0,9,,Inhibition of human ERG at 10 uM by patch clamp assay
CHEMBL2447591,3,3,IC50,2013.0,9,HEK293,Inhibition of human ERG expressed in HEK293 cells by patch-clamp technique
CHEMBL1070849,3,3,IC50,2010.0,9,,Inhibition of human ERG
CHEMBL5730414,3,1,IC50|k_off|kon,2016.0,9,,"hERG-Channel Assay: Cells were superfused with a bath solution containing (mM): NaCl (137), KCl (4.0), MgCl2 (1.0), CaCl2 (1.8), Glucose (10), HEPES (10), pH 7.4 with NaOH. Patch pipettes were made from borosilicate glass tubing using a horizontal puller and filled with pipette solution containing (mM): K-aspartate (130), MgCl2 (5.0), EGTA (5.0), K2ATP (4.0), HEPES (10.0), pH 7.2 with KOH. Resistance of the microelectrodes was in the range between 2 and 5 MΩ. Stimulation and Recording:Membrane currents were recorded using an EPC-10 patch clamp amplifier and PatchMaster software. hERG-mediated membrane currents were recorded at 35° C., using the whole-cell configuration of the patch-clamp technique. Transfected HEK293 cells were clamped at a holding potential of -60 mV and hERG-mediated inactivating tail currents were elicited using a pulse pattern with fixed amplitudes (activation/inactivation: 40 mV for 2000 ms; recovery: -120 mV for 2 ms; ramp to 40 mV in 2 ms; inactivating tail current: 40 mV for 50 ms) repeated at 15 s intervals. During each inter-pulse interval 4 pulses scaled down by a factor of 0.2 were recorded for a P/n leak subtraction procedure. R. compensation was employed up to a level that safely allowed recording devoid of ringing."
CHEMBL5634413,3,3,IC50,2023.0,9,,Inhibition of hERG (unknown origin)
CHEMBL4737841,3,3,IC50,2021.0,9,,Inhibition of human ERG incubated for 4 hrs by fluorescene microplate reader assay
CHEMBL4766385,3,3,Inhibition,2016.0,9,,Inhibition of human ERG at 10 to 100 uM
CHEMBL3096733,3,3,Inhibition,2013.0,9,HEK293,Displacement of [3H]astemizole from human ERG channel expressed in HEK293 cell membrane at 10 uM after 1 hr by scintillation counting analysis
CHEMBL3097141,3,3,Inhibition,2013.0,9,,Inhibition of human ERG at 10 uM by patch clamp experiment
CHEMBL3295404,3,3,IC50,2014.0,9,CHO,Inhibition of human cloned ERG expressed in CHO cells assessed as inhibition of potassium channel current by automated patch clamp assay
CHEMBL3295909,3,3,IC50,2014.0,9,CHO,Inhibition of human ERG expressed in CHO cells by automated patch clamp assay
CHEMBL5034586,3,3,Inhibition,2021.0,9,,Inhibition of hERG at 3 uM relative to control
CHEMBL5034211,3,3,IC50,2021.0,9,,Inhibition of human ERG
CHEMBL3118368,3,3,IC50,2014.0,9,,Inhibition of human ERG by dofetilide binding assay
CHEMBL3123230,3,3,IC50|Inhibition,2014.0,9,CHO,Inhibition of human ERG expressed in CHO cells
CHEMBL4810690,3,3,Inhibition,2021.0,9,,Inhibition of human ERG expressed in CHO cells at 10 uM by automated patch clamp electrophysiology assay relative to control
CHEMBL4810691,3,3,Inhibition,2021.0,9,,Inhibition of human ERG expressed in CHO cells at 100 uM by automated patch clamp electrophysiology assay relative to control
CHEMBL4808721,3,3,EC50|IC50,2021.0,9,,Inhibition of full length human ERG expressed in CHO cells by patch-clamp method
CHEMBL5609895,3,3,IC50,2024.0,9,,Inhibition of hERG
CHEMBL5611059,3,3,IC50,2024.0,9,,Inhibition of human ERG expressed in HEK293 cells by FLIPR TETRA
CHEMBL3226254,3,3,IC50,2012.0,9,,Inhibition of human ERG by automated patch-clamp assay
CHEMBL3868266,3,3,IC50,2016.0,9,,Inhibition of human ERG
CHEMBL3865122,3,3,IC50,2016.0,9,,Inhibition of human ERG
CHEMBL3865493,3,3,IC50,2016.0,9,,Inhibition of human ERG
CHEMBL1656347,3,3,Inhibition,2011.0,9,,Inhibition of human ERG at 10 uM
CHEMBL4810689,3,3,Inhibition,2021.0,9,,Inhibition of human ERG expressed in CHO cells at 1 uM by automated patch clamp electrophysiology assay relative to control
CHEMBL5589183,3,3,IC50,2024.0,9,,Inhibition of hERG stably expressed in HEK293 cells by automated patch-clamp system
CHEMBL5579616,3,3,Inhibition,2024.0,9,,Inhibition of hERG at 10 uM incubated for 2 hrs relative to control
CHEMBL3225271,3,3,INH,2013.0,9,,Inhibition of human ERG
CHEMBL5539762,3,3,IC50,2024.0,9,,Inhibition of hERG in HEK293 cells at -80 mV holding potential by automated patch clamp electrophysiology
CHEMBL5539808,3,3,IC50,2024.0,9,,Displacement of [3H]-dofetilide from human ERG
CHEMBL5531414,3,3,IC50,2024.0,9,,Inhibition of human ERG expressed in CHO cells by Q-patch automated patch clamp assay
CHEMBL3292514,3,3,IC50,2014.0,9,,Inhibition of human ERG
CHEMBL3293920,3,3,IC50,2014.0,9,,Inhibition of human ERG
CHEMBL4843252,3,3,IC50,2021.0,9,,Inhibition of human ERG by Qpatch method
CHEMBL3807652,3,3,Inhibition,2016.0,9,CHO-K1,Inhibition of human ERG expressed in CHOK1 cells assessed as inhibition of tail current at 0.1 uM after 5 mins by automated whole-cell patch clamp assay relative to control
CHEMBL4843604,3,3,IC50,2021.0,9,,Inhibition of human ERG
CHEMBL4818032,3,3,IC50,2021.0,9,,Binding affinity to human ERG
CHEMBL4822454,3,3,IC50,2021.0,9,,Inhibition of human ERG
CHEMBL1101904,3,3,IC50,2010.0,9,HEK293,Displacement of [3H]dofetilide from human ERG expressed in HEK293 cells
CHEMBL3240534,3,3,IC50,2014.0,9,,Binding affinity to human ERG
CHEMBL3241472,3,3,INH,2014.0,9,HEK293,Inhibition of human ERG channel transfected in HEK293 cells assessed as reduction in delayed rectifier current by patch clamp assay
CHEMBL3239511,3,3,IC50,2014.0,9,,Inhibition of human ERG
CHEMBL5546325,3,3,IC50,2024.0,9,,Inhibition of hERG transfected in HEK293 cells by patch clamp assay
CHEMBL4835111,3,3,IC50,2021.0,9,,Inhibition of human ERG
CHEMBL3803791,3,3,Inhibition,2016.0,9,,Inhibition of human ERG assessed as reduction in channel current at 100 uM by automated patch-clamp electrophysiology assay
CHEMBL4828532,3,3,IC50,2021.0,9,,Inhibition of human ERG expressed in HEK293 cells by manual-patch clamp assay
CHEMBL5585351,3,3,IC50,2024.0,9,,Inhibition of fluorescence tracer red binding to human ERG measured after 3 hrs by fluorescence polarization assay
CHEMBL5549260,3,3,IC50,2024.0,9,,Inhibition of hERG potassium channel expressed in CHO-K1 cells
CHEMBL4832310,3,3,IC50,2021.0,9,,Inhibition of human ERG incubated for 3 hrs by competitive fluorescence tracer binding based assay
CHEMBL3807653,3,3,Inhibition,2016.0,9,CHO-K1,Inhibition of human ERG expressed in CHOK1 cells assessed as inhibition of tail current at 1 uM after 5 mins by automated whole-cell patch clamp assay relative to control
CHEMBL3807654,3,3,Inhibition,2016.0,9,CHO-K1,Inhibition of human ERG expressed in CHOK1 cells assessed as inhibition of tail current at 10 uM after 5 mins by automated whole-cell patch clamp assay relative to control
CHEMBL3807655,3,3,IC50,2016.0,9,CHO-K1,Inhibition of human ERG expressed in CHOK1 cells assessed as inhibition of tail current after 5 mins by automated whole-cell patch clamp assay
CHEMBL4356659,3,3,Inhibition,2020.0,9,,Inhibition of human ERG expressed in CHOK1 cells assessed as reduction in channel current at 10 uM at -80 mV holding potential by whole cell patch clamp assay relative to control
CHEMBL972461,3,3,Inhibition,2009.0,9,,Inhibition of human ERG channel at 10 uM
CHEMBL950430,3,3,Activity|IC50,2008.0,9,,Inhibition of human ERG by electrophysiology assay
CHEMBL1918580,3,3,Inhibition,2011.0,9,,Inhibition of human ERG
CHEMBL1219105,3,2,IC50,2010.0,9,,Inhibition of human ERG by patch clamp electrophysiology assay
CHEMBL1227661,3,3,Inhibition,2010.0,9,,Inhibition of human ERG at 1 uM
CHEMBL1011672,3,3,IC50,2009.0,9,HEK293,Inhibition of wild-type human ERG expressed in HEK293 cells by whole cell patch clamp method
CHEMBL1011674,3,3,IC50,2009.0,9,HEK293,Inhibition of human ERG Y652A mutant expressed in HEK293 cells by whole cell patch clamp method
CHEMBL1011676,3,3,IC50,2009.0,9,HEK293,Inhibition of human ERG F656A mutant expressed in HEK293 cells by whole cell patch clamp method
CHEMBL979037,3,3,IC50,2008.0,9,,Inhibition of human ERG potassium channel
CHEMBL1837923,3,3,Inhibition,2011.0,9,HEK293,Inhibition of human ERG expressed in HEK293 cells assessed as inhibition of membrane K+ current IKr at 3 uM after 5 mins by patch clamp assay (Rvb = 15%)
CHEMBL4367399,3,3,IC50,2019.0,9,,Inhibition of human ERG (1159 residues) expressed in CHOK1 cells at -80 mV holding potential measured after 5 mins by QPatch electrophysiology method
CHEMBL4369880,3,3,IC50,2019.0,9,,Inhibition of human ERG by patch clamp assay
CHEMBL4341892,2,2,Activity,2019.0,9,,Activity at human ERG
CHEMBL4366133,2,2,IC50,2019.0,9,,Inhibition of human ERG
CHEMBL4365036,2,1,EC50|IC50,2019.0,9,,Displacement of [3H]dofetilide from recombinant human ERG after 60 mins by scintillation counting analysis
CHEMBL1837924,2,2,Inhibition,2011.0,9,HEK293,Inhibition of human ERG expressed in HEK293 cells assessed as inhibition of membrane K+ current IKr at 3 uM after 5 mins by patch clamp assay (Rvb = 16%)
CHEMBL975423,2,2,Activity,2008.0,9,,Binding affinity to human ERG potassium channel at <3 uM
CHEMBL968970,2,2,IC50,2008.0,9,,Binding affinity to human ERG
CHEMBL1003701,2,2,EC50,2009.0,9,,Activity at human ERG by patch clamp assay
CHEMBL5236676,2,2,IC50,2021.0,9,,Inhibition of hERG (unknown origin)
CHEMBL5234322,2,2,IC50,2020.0,9,,Inhibition of human ERG
CHEMBL5234321,2,2,Inhibition,2020.0,9,,Inhibition of human ERG expressed in human COS7 cells at 3 uM by electrophysiological whole cell assay
CHEMBL4351578,2,2,IC50,2019.0,9,,Inhibition of human ERG by electrophysiology method
CHEMBL4344576,2,2,Inhibition,2020.0,9,,Inhibition of human ERG stably expressed in CHOK1 cells assessed as tail current amplitude at 10 uM incubated for 5 mins measured after deploarization to +20 mV for 2s followed by 1s pulse to -40 mV with holding potential of -80 mV by Qpatch clamp assay relative to control
CHEMBL1918922,2,2,Activity,2011.0,9,,Binding affinity to human Erg at 10 uM
CHEMBL5225990,2,2,IC50,2023.0,9,,Inhibition of human ERG
CHEMBL5232746,2,2,IC50,2021.0,9,,Inhibition of hERG
CHEMBL5216639,2,2,Inhibition,2022.0,9,,Inhibition of hERG expressed in HEK293 cells at 10 uM incubated for 5 mins by QPatch automated patch-clamp technique relative to control
CHEMBL5260116,2,2,Inhibition,2023.0,9,,Inhibition of hERG at 10 uM by patch clamp assay relative to control
CHEMBL5261578,2,2,IC50,2017.0,9,,Inhibition of human ERG
CHEMBL5257221,2,2,Inhibition,2016.0,9,,Inhibition of hERG at 3 uM relative to control
CHEMBL5247186,2,2,IC50,2021.0,9,,Inhibition of hERG channel by patch clamp assay
CHEMBL5247187,2,2,IC5|IC50,2021.0,9,,Inhibition of hERG by thallium flux assay
CHEMBL5251044,2,2,IC50,2023.0,9,,Inhibition of hERG expressed in CHO cells at -80 mV holding potential by automated patch clamp method
CHEMBL1114387,2,2,Inhibition,2010.0,9,COS-7,Inhibition of human ERG expressed in COS7 cells at 3 uM by electrophysiology assay
CHEMBL1108729,2,2,Inhibition,2010.0,9,,Inhibition of [3H]astemizole binding to human ERG at 10 uM
CHEMBL1109288,2,2,IC50,2009.0,9,,Inhibition of human ERG
CHEMBL1110021,2,2,IC50,2010.0,9,,Inhibition of human ERG channel by patch clamp assay
CHEMBL1110022,2,2,Ratio,2010.0,9,,Ratio of IC50 for human ERG channel to Ki for human ERG channel
CHEMBL5251675,2,1,IC20|IC50,2023.0,9,,Inhibition of human ERG K+ currents by GLP assay
CHEMBL4370359,2,2,IC50,2019.0,9,,Inhibition of human ERG by plate based planar patch clamp assay
CHEMBL5537402,2,2,IC50,2023.0,9,,Inhibition of hERG
CHEMBL4829594,2,2,IC50,2021.0,9,,Inhibition of human ERG
CHEMBL3859779,2,2,Inhibition,2016.0,9,CHO,Inhibition of human ERG expressed in CHO cells assessed as suppression of peak tail currents incubated for 5 mins by patch clamp method
CHEMBL3861119,2,2,Inhibition,2016.0,9,,Inhibition of human ERG by whole cell voltage clamp assay
CHEMBL3824876,2,2,IC50|INH,2016.0,9,,Inhibition of human ERG
CHEMBL3853465,2,2,IC50,2016.0,9,,Inhibition of human ERG by patch clamp method
CHEMBL3853583,2,2,IC50,2016.0,9,,Inhibition of human ERG by patch clamp method
CHEMBL1772133,2,2,Ki,2011.0,9,,Binding affinity to human ERG
CHEMBL1103407,2,2,Inhibition,2010.0,9,,Inhibition of human ERG by astemizole binding assay
CHEMBL5585352,2,2,Ratio IC50,2024.0,9,,"Safety index, ratio of compound IC50 to E-4031 IC50 for inhibition of fluorescence tracer red binding to human ERG"
CHEMBL5554281,2,2,Inhibition,2024.0,9,,Inhibition of hERG1
CHEMBL5554826,2,2,IC50,2024.0,9,,Inhibition of hERG expressed in CHO cells by automated patch clamp (QPatch) assay
CHEMBL3807759,2,2,Activity,2016.0,9,HEK293,Binding affinity to human ERG channel expressed in HEK293 cells assessed as fluorescence signal at 1 uM incubated for 10 mins by fluorescence microscopic imaging analysis
CHEMBL3807761,2,2,Activity,2016.0,9,HEK293,Binding affinity to human ERG channel expressed in HEK293 cells assessed as fluorescence signal at 1 uM incubated for 10 mins by fluorescence microscopic imaging analysis in presence of astemizole
CHEMBL3807886,2,2,Activity,2016.0,9,HT-29,Binding affinity to ERG channel in human HT-29 cells assessed as fluorescence signal at 1 uM incubated for 10 mins by fluorescence microscopic imaging analysis
CHEMBL3807888,2,2,Activity,2016.0,9,HT-29,Binding affinity to ERG channel in human HT-29 cells assessed as fluorescence signal at 1 uM incubated for 10 mins by fluorescence microscopic imaging analysis in presence of astemizole
CHEMBL1074664,2,2,Activity,2010.0,8,,Binding affinity to potassium channel IKr at 10 uM
CHEMBL1787063,2,2,IC50,2011.0,9,,Inhibition of human ERG
CHEMBL1787185,2,2,IC50,2009.0,9,HEK293,"Displacement of [35S]N-[(4R)-10-[(2R)-6-cyano-1,2,3,4-tetrahydro-2-naphthalenyl]-3,4-dihydro-4-hydroxyspiro[2H-1-benzopyran-2,40-piperidin]-6-yl]methanesulfonamide from human ERG expressed in HEK293 cells"
CHEMBL1787497,2,2,Inhibition,2009.0,9,,Inhibition of human ERG
CHEMBL1769661,2,2,IC50,2011.0,9,,Displacement of labeled dofetilide human ERG
CHEMBL5577748,2,2,IC50,2024.0,9,,Inhibition of hERG expressed in HEK293 cells assessed as inhibition of thallium flux preincubated for 30 mins followed by incubation with thallium and measured every 3 secs for 3 mins by FLIPR assay
CHEMBL5577749,2,2,Inhibition,2024.0,9,,Inhibition of hERG expressed in HEK293 cells assessed as inhibition of thallium flux at 30 uM preincubated for 30 mins followed by incubation with thallium and measured every 3 secs for 3 mins by FLIPR assay
CHEMBL5578650,2,2,IC50,2024.0,9,,Inhibition of hERG incubated for 3 mins by automatic parallel patch clamp assay
CHEMBL5546400,2,2,IC50,2024.0,9,,Inhibition of hERG expressed in HEK293 cells by whole cell patch clamp assay
CHEMBL3268691,2,2,IC50,2014.0,9,,Inhibition of human ERG by whole-cell voltage clamp assay
CHEMBL3243209,2,2,Inhibition,2014.0,9,HEK293,Inhibition of human ERG expressed in HEK293 cells at 10 uM at 4 Hz by patch clamp assay relative to control
CHEMBL5547947,2,2,IC50,2024.0,9,,Inhibition of human ERG by whole-cell automated Syncro-patch assay
CHEMBL4845082,2,2,Inhibition,2021.0,9,,Inhibition of hERG (unknown origin) at 30 uM by patch clamp method
CHEMBL4840017,2,2,IC50,2021.0,9,,Inhibition of human ERG
CHEMBL4840588,2,2,IC50,2021.0,9,,Inhibition of human ERG
CHEMBL4842131,2,2,Inhibition,2021.0,9,,Inhibition of human ERG at 11 uM
CHEMBL4826701,2,2,IC50,2021.0,9,,Inhibition of human ERG channel expressed in CHO cells measured after 7 to 10 mins at -80 mV holding potential by whole cell patch clamp assay
CHEMBL4827100,2,2,Inhibition,2021.0,9,,Inhibition of human ERG at 10 uM
CHEMBL5531339,2,2,Inhibition,2024.0,9,,Inhibition of hERG expressed in HEK293 cells by whole-cell manual patch-clamp assay
CHEMBL5535166,2,2,IC50,2024.0,9,,Inhibition of hERG potassium channel current
CHEMBL3294274,2,2,IC50,2014.0,9,,Inhibition of human ERG
CHEMBL4845604,2,2,Inhibition,2021.0,9,,Inhibition of human ERG at < 30 uM
CHEMBL3794985,2,2,IC50,2016.0,9,,Inhibition of human ERG
CHEMBL3800751,2,2,IC50,2016.0,9,CHO,Inhibition of human ERG1 expressed in CHO cells by whole cell patch clamp electrophysiology method
CHEMBL4844934,2,2,Inhibition,2021.0,9,,Inhibition of human ERG expressed in CHO cells at 1 uM by manual patch-clamp electrophysiology
CHEMBL4844935,2,2,Inhibition,2021.0,9,,Inhibition of human ERG expressed in CHO cells at 10 uM by manual patch-clamp electrophysiology
CHEMBL4827376,2,2,IC50,2021.0,9,,Inhibition of human ERG expressed in HEK293 cells incubated for 5 mins by patch clamp assay
CHEMBL4820822,2,2,IC50,2021.0,9,,Inhibition of human ERG by patch-clamp assay
CHEMBL4822033,2,2,Inhibition,2021.0,9,,Inhibition of human ERG at 3 uM
CHEMBL4822034,2,2,Inhibition,2021.0,9,,Inhibition of human ERG at 10 uM
CHEMBL4822035,2,2,Inhibition,2021.0,9,,Inhibition of human ERG at 30 uM
CHEMBL5582341,2,2,IC50,2024.0,9,,Inhibition of human ERG by whole cell patch clamp method
CHEMBL5609492,2,2,IC50,2024.0,9,,Inhibition of hERG expressed in CHO cells
CHEMBL5617227,2,2,IC50,2024.0,9,,Inhibition of human ERG
CHEMBL3225974,2,2,IC20,2011.0,9,,Inhibition of human ERG
CHEMBL3129033,2,2,Inhibition,2013.0,9,,Inhibition of human ERG at 11 uM by patch clamp electrophysiology
CHEMBL3130759,2,2,IC50,2014.0,9,,Inhibition of human ERG expressed in CHO-ZG cells after 20 mins by FluxOR thallium assay
CHEMBL3130896,2,2,IC50,2014.0,9,,Binding affinity to human ERG
CHEMBL3855824,2,2,Inhibition,2016.0,9,,Inhibition of human ERG at 10 uM relative to control
CHEMBL3858672,2,2,Inhibition,2016.0,9,,Inhibition of human ERG at 1 uM by patch clamp assay
CHEMBL5586995,2,2,IC50,2024.0,9,,Inhibition of hERG
CHEMBL5588430,2,2,Inhibition,2024.0,9,,Inhibition of human ERG expressed in HEK293 cells at 1 uM by automated patch clamp assay
CHEMBL5588431,2,2,Inhibition,2024.0,9,,Inhibition of human ERG expressed in HEK293 cells at 10 uM by automated patch clamp assay
CHEMBL5609108,2,2,Inhibition,2024.0,9,,Inhibition of human ERG at 10 uM by fluorescence polarization assay relative to control
CHEMBL5581977,2,2,IC50,2024.0,9,,Inhibition of hERG
CHEMBL3241723,2,2,IC50,2014.0,9,,Inhibition of human ERG (unknown origin)
CHEMBL3224183,2,2,IC50,2011.0,9,,Inhibition of human ERG
CHEMBL3224857,2,2,IC50,2012.0,9,CHO,Inhibition of human ERG channel expressed in CHO cells by IonWorks assay
CHEMBL5030399,2,2,IC50,2021.0,9,,Inhibition of human ERG
CHEMBL5032808,2,2,IC50,2021.0,9,,Inhibition of human ERG by patch-clamp method
CHEMBL4775122,2,2,IC50,2020.0,9,,Inhibition of human ERG
CHEMBL5626861,2,2,IC50,2023.0,9,,Inhibition of hERG
CHEMBL5628631,2,2,IC50,2023.0,9,,Inhibition of hERG in HEK293 cells by whole-cell patch clamp electrophysiological recording
CHEMBL5628689,2,2,IC50,2023.0,9,,Inhibition of hERG by PatchXpress electrophysiology analysis
CHEMBL5628735,2,2,IC50,2023.0,9,,Inhibition of hERG
CHEMBL3123331,2,2,IC50,2014.0,9,,Inhibition of human ERG channel by patch clamp technique
CHEMBL3123626,2,2,IC50,2014.0,9,,Inhibition of human ERG by whole cell patch clamp assay
CHEMBL3128589,2,2,EC50,2014.0,9,,Binding affinity to human ERG by fluorescence polarization assay
CHEMBL4807666,2,2,Inhibition,2020.0,9,,Inhibition of human ERG expressed in HEK cells at 30 uM by automated electrophysiology assay
CHEMBL4807667,2,2,IC50,2020.0,9,,Inhibition of human ERG expressed in HEK cells by automated electrophysiology assay
CHEMBL4808269,2,2,IC50,2021.0,9,,Inhibition of human ERG
CHEMBL4809366,2,2,IC50,2021.0,9,,Inhibition of human ERG expressed in CHO-K1 cells by long incubation protocol based Qpatch clamp method
CHEMBL4809422,2,2,Inhibition,2021.0,9,,Inhibition of human ERG expressed in CHO-K1 cells at 300 uM by Qpatch clamp method relative to control
CHEMBL4810166,2,2,Inhibition,2021.0,9,,Inhibition of human ERG at 5 uM by patch clamp method relative to control
CHEMBL5697033,2,2,IC50,2011.0,9,,Inhibition of human hERG by PatchXpress automated voltage clamp electrophysiology technique
CHEMBL3117598,2,2,Inhibition,2014.0,9,,Inhibition of human ERG channel at 25 uM
CHEMBL3872763,2,2,IC50,2016.0,9,CHO-K1,Inhibition of recombinant human ERG expressed in CHOK1 cells at -80 mV holding potential after 2 mins by patch clamp assay
CHEMBL3878944,2,2,IC50,2016.0,9,,Inhibition of human ERG by patch clamp assay
CHEMBL4774139,2,2,IC50,2020.0,9,,Inhibition of human ERG
CHEMBL4774973,2,2,IC50,2020.0,9,,Inhibition of human ERG incubated for 4 hrs by competitive fluorescence tracer binding based assay
CHEMBL4845081,2,2,Inhibition,2021.0,9,,Inhibition of hERG (unknown origin) at 10 uM by patch clamp method
CHEMBL3268527,2,2,Inhibition,2014.0,9,HEK293,Inhibition of human ERG expressed in HEK293 cells at 10 uM after 5 mins by automated patch clamp assay
CHEMBL5522442,2,2,IC50,2024.0,9,,Inhibition of human ERG by automated electrophysiology recording
CHEMBL5522522,2,2,IC50,2024.0,9,,Inhibition of hERG by automated electrophysiology
CHEMBL5528606,2,2,IC50,2024.0,9,,Inhibition of human ERG incubated for 2 hrs by fluorescence polarization assay
CHEMBL5530782,2,2,IC50,2024.0,9,,Inhibition of hERG (unknown origin)
CHEMBL3295453,2,2,IC50,2014.0,9,,Inhibition of human ERG
CHEMBL3296755,2,2,IC50,2014.0,9,,Inhibition of human ERG
CHEMBL5035159,2,2,IC50,2021.0,9,,Inhibition of human ERG
CHEMBL5035505,2,2,Inhibition,2021.0,9,,Inhibition of human ERG at 10 uM by fluorescence polarization assay
CHEMBL1070712,2,2,IC50,2010.0,9,,Inhibition of human ERG
CHEMBL1070850,2,2,Inhibition,2010.0,9,,Inhibition of human ERG at 10 uM
CHEMBL5697034,2,2,IC50,2011.0,9,,Inhibition of His6-tagged human hERG at pH 7.4 incubated for 60 mins by Alexa Fluor 488 staining based fluorescence anisotropy analysis
CHEMBL5710523,2,2,IC50,2015.0,9,,Inhibition of hERG (unknown origin)
CHEMBL4775409,2,2,IC50,2021.0,9,,Inhibition of human ERG by patch clamp assay
CHEMBL4737759,2,2,IC50,2021.0,9,,Inhibition of human ERG expressed in CHO cells
CHEMBL4739122,2,2,Inhibition,2021.0,9,,Inhibition of human ERG at 10 uM relative to control
CHEMBL4742499,2,2,IC50,2019.0,9,,Inhibition of human ERG
CHEMBL4766000,2,2,IC50,2016.0,9,,Inhibition of human ERG expressed stably in CHO cells by manual patch clamp technique
CHEMBL4734893,2,2,Ratio IC50,2021.0,9,,Displacement of [3H]dofetilide from human ERG stably expressed in HEK293 cell membranes assessed as unlabelled dofetilide IC50 at 1 uM measured after 60 mins by microbeta liquid scintillation counting method relative to dofetilide IC50 alone
CHEMBL3888739,2,2,IC50,2016.0,8,,"Inhibition Assay: Briefly, the experiments were performed on an IonWorks™ HT instrument (Molecular Devices Corporation), which automatically performs electrophysiology measurements in 48 single cells simultaneously in a specialised 384-well plate (PatchPlate™). The cells used were Chinese hamster ovary (CHO) cells stably transfected with hERG. A single-cell suspension is prepared in extracellular solution (Dulbecco's phosphate buffered saline with calcium and magnesium pH 7-7.2) and aliquots added automatically to each well of a PatchPlate™. The cells were then positioned over a small hole at the bottom of each well by applying a vacuum beneath the plate to form an electrical seal. The vacuum was applied through a single compartment common to all wells which is filled with intracellular solution (buffered to pH 7.2 with HEPES). The resistance of each seal was measured via a common ground-electrode in the intracellular compartment and individual electrodes placed into each of the upper wells. Electrical access to the cell was achieved by circulating a perforating agent, amphotericin, underneath the PatchPlate™ and then measuring the pre-compound hERG current. An electrode was positioned in the extracellular compartment and a holding potential of −80 mV applied for 15 sec. The hERG channels were then activated by applying a depolarising step to +40 mV for 5 sec and then clamped at −50 mV for 4 sec to elicit the hERG tail current, before returning to −80 mV for 0.3 s. The test compound was then added at various concentrations (0.008, 0.04, 0.2, 1, 5 and 25 μM) to the upper wells of the PatchPlate™. The test compound was left in contact with the cells for 300 sec before recording currents using the same voltage-step protocol as in the pre-compound scan. Quinidine, an established hERG inhibitor, was included as a positive control."
CHEMBL5635916,2,2,Ki,2023.0,9,,Binding affinity to hERG
CHEMBL5636427,2,2,IC50,2023.0,9,,Inhibition of human ERG
CHEMBL5637591,2,2,IC50,2023.0,9,,Inhibition of hERG incubated for 4 hrs by fluorescence polarization assay
CHEMBL5682675,2,2,XC50,2012.0,9,,Binding affinity to human ERG by FP binding assay
CHEMBL5682676,2,2,XC50,2012.0,9,,Blockade of human KCNH2 by electrophysiology assay
CHEMBL3992708,2,2,IC50,2016.0,9,HEK293,Inhibition of recombinant human ERG expressed in HEK293 cells at holding potential of -120 mV by PatchXpress automated electrophysiology method
CHEMBL3997250,2,2,IC50,2017.0,9,,Inhibition of human ERG by patch clamp electrophysiology assay
CHEMBL3997335,2,2,IC50,2017.0,9,,Inhibition of human ERG by PatchXpress method
CHEMBL1069062,2,2,IC50,2010.0,9,,Inhibition of human ERG
CHEMBL4845470,2,2,IC50,2021.0,9,,Inhibition of human ERG
CHEMBL3783770,2,2,IC20,2016.0,9,,Inhibition of human ERG
CHEMBL3789028,2,2,IC50,2016.0,9,,Inhibition of human ERG by patch clamp method
CHEMBL3362989,2,2,Inhibition,2014.0,9,,Inhibition of human ERG at 1 uM by patch clamp assay
CHEMBL3363907,2,2,IC50,2014.0,9,CHO-K1,Inhibition of human ERG expressed in CHO-K1 cells by patch-clamp electrophysiology method
CHEMBL3364596,2,2,IC50,2015.0,9,,Inhibition of human ERG
CHEMBL3366617,2,2,Inhibition|Ki,2014.0,9,,Inhibition of human ERG
CHEMBL5531210,2,2,IC50,2024.0,9,,Inhibition of human ERG
CHEMBL5036685,2,2,Inhibition,2021.0,9,,Inhibition of human ERG channel transfected in CHO cells at 10 uM incubated for 30 mins by fluorescent assay relative to control
CHEMBL5037161,2,2,Inhibition,2021.0,9,,Inhibition of hERG expressed in HEK293 cells at 3 uM relative to control
CHEMBL5037926,2,2,Inhibition,2021.0,9,,Inhibition of human ERG at 10 uM relative to control
CHEMBL3096370,2,2,IC50,2013.0,9,,Displacement of [35S]MK-499 from human ERG
CHEMBL4004504,2,2,IC50,2017.0,9,,Inhibition of human ERG expressed in CHOK1 cells assessed as reduction in rapidly activating delayed rectifier cardiac potassium current by whole-cell voltage-patch clamp assay
CHEMBL4005299,2,2,IC50,2017.0,9,,Inhibition of human ERG by patch clamp assay
CHEMBL4729806,2,2,IC50,2020.0,9,,Inhibition of human ERG by patch-clamp method
CHEMBL4730753,2,2,IC50,2020.0,9,,Inhibition of human ERG expressed in CHO cells at holding potential of -80 mV by patch clamp method
CHEMBL3880658,2,2,Inhibition,2014.0,9,HEK293,Inhibition of human ERG expressed in HEK293 cells at 0.1 to 10 uM after 5 mins at -80 mV holding potential by patch clamp assay
CHEMBL3883131,2,2,IC50,2013.0,9,CHO,Inhibition of human ERG expressed in CHO cells using voltage step to -50 mV for 300 ms from -80 mV holding potential by automated patch clamp assay
CHEMBL3999755,2,2,IC50,2017.0,9,,Inhibition of human ERG
CHEMBL4001912,2,2,Inhibition,2017.0,9,,Inhibition of human ERG at 10 uM relative to control
CHEMBL4003818,2,2,Inhibition,2017.0,9,,Inhibition of [3H]-astemizole binding to human ERG at 3 uM after 2 hrs by liquid scintillation counting method relative to control
CHEMBL3889096,2,2,IC50,2016.0,8,CHO,"Inhibition Assay: hERG study was conducted with an automated patch clamp machine, Qpatch-48HT (Sophion Biosciences, Denmark). Cultured CHO cells stably expressing hERG channels (provided by Sophion Biosciences, Denmark) were harvested from culture flasks of 70-90% cell confluence rate and prepared as cell suspension with a cell density of 3-8&timse;10^6 cells/mL in serum-free media (CHO-S-SFM II, cat#12052 Invitrogen; 25 mM HEPES). Cells in such condition were placed into a Qpatch cell stir chamber and used within 4 hours. For each run, cells were first spun down by the built-in Qpatch centrifuge and re-suspended in an extracellular solution (in mM, 2 CaCl2, 1 MgCl2, 4 KCl, 145 NaCl, 10 Glucose, 10 HEPES, pH 7.4, osmolarity ~305 mOsm). Qplate-48 that holds one cell in each of its 48 channels for the later voltage-clamped assay were primed with the extracellular solution and intracellular solution (in mM, 5.4 CaCl2, 1.75 MgCl2, 120 KCl, 10 HEPES, 5 EGTA, 4 NaATP, pH 7.25, Osmolarity ~280-295 mOsm). Cells were dispatched by Qpatch robotic dispensing guns into each Qplate channel and went through the process of giga-ohm sealing and whole cell configuration. Whole-cell recordings were performed in voltage-clamp mode at a holding potential of −80 mV. The hERG current was activated by depolarizing at +20 mV for 5 sec, after which the current was taken back to −50 mV for 5 sec to remove the inactivation and observe the deactivating tail current. The maximum amount of tail current size was used to determine the hERG current amplitude. The above voltage protocol was applied to the cells every 15 sec throughout the whole procedure. External solution containing 0.1% DMSO (vehicle) was applied to the cells to establish the baseline. Compound solution was added, and the cells were kept in the test solution until the compound's effect reached a steady state or for a maximum of 4 min. For dose response assays (0.1, 0.3, 1, 3, 10 and 30 μM), the compound was applied to the cells accumulatively from low to high concentrations. Washout with extracellular solution was performed after compound testing. Positive control cisapride 0.1 μM was used on each cell after compound testing to ensure the normal response and the good quality of the cell."
CHEMBL3889165,2,2,IC50,2016.0,8,,"Binding Assay: Predictor hERG Assay test kits were obtained from Invitrogen (Carlsbad, Calif.). The binding assay was carried out according to the kit instructions. Fluorescence polarization measurements were made using EnVision Microplate Reader from Perkin-Elmer Instruments."
CHEMBL1072032,2,2,Inhibition,2010.0,9,,Inhibition of human ERG relative to control
CHEMBL1063193,2,2,IC50,2009.0,9,CHO,Inhibition of human ERG activation expressed in CHO cells by rubidium efflux assay
CHEMBL1065722,2,2,IC50,2010.0,9,,Inhibition of human ERG
CHEMBL2445978,2,2,IC50,2013.0,9,HEK293,Inhibition of human ERG channel expressed in HEK293 cells by whole-cell patch clamp technique
CHEMBL1647083,2,2,Activity,2011.0,9,,Binding affinity to human ERG
CHEMBL4724824,2,2,IC50,2021.0,9,,Inhibition of human ERG
CHEMBL4013300,2,2,IC50,2017.0,9,,Inhibition of dofetilide binding to human ERG
CHEMBL1060824,2,2,Inhibition,2009.0,9,HEK293,Displacement of [3H]dofetilide from human ERG expressed in HEK293 cells at 10 uM
CHEMBL2429415,2,2,IC50,2013.0,9,,Inhibition of human ERG channel
CHEMBL2433139,2,2,IC50,2013.0,9,,Binding affinity to human ERG channel
CHEMBL4734909,2,2,IC50,2021.0,9,,Displacement of [3H]dofetilide from human ERG stably expressed in HEK293 cell membranes assessed as unlabelled dofetilide IC50 at 1 uM measured after 60 mins by microbeta liquid scintillation counting method (Rvb = 9.1 to 11.7 nM)
CHEMBL5034487,2,2,IC50,2021.0,9,,Inhibition of human ERG by Ionworks electrophysiology assay
CHEMBL3774209,2,1,IC50|Inhibition,2016.0,9,,Inhibition of human ERG channel
CHEMBL3776122,2,2,IC50,2016.0,9,,Binding affinity to human ERG by patchXpress functional assay
CHEMBL3761658,2,2,Inhibition,2016.0,9,CHO,Inhibition of human ERG expressed in CHO cells at 5 uM by patch plate method
CHEMBL5512769,2,2,IC50,2023.0,9,,Inhibition of hERG (unknown origin)
CHEMBL5515077,2,2,IC50,2024.0,9,,Inhibition of human ERG expressed in HEK293 cells assessed as voltage-gated channel current by whole cell manual patch clamp system
CHEMBL5515560,2,2,IC50,2024.0,9,,Inhibition of human ERG stably expressed in HEK293 cells by manual patch clamp method
CHEMBL5516220,2,2,IC50,2024.0,9,,Inhibition of human ERG expressed in CHO cells by whole cell patch clamp assay
CHEMBL5516756,2,2,Inhibition,2024.0,9,,Inhibition of hERG expressed in HEK293 cells at 10 uM by whole-cell patch clamp electrophysiology method relative to control
CHEMBL3755245,2,2,Inhibition,2016.0,9,,Inhibition of human ERG at 1 uM by scintillation counting method
CHEMBL2415345,2,2,Ki,2013.0,9,,Inhibition of dofetilide binding to human ERG
CHEMBL2422131,2,2,IC50,2013.0,9,,Inhibition of human ERG channel by patch express-based electrophysiology assay
CHEMBL1781362,2,2,IC50,2011.0,9,,Inhibition of human ERG by patch clamp method
CHEMBL1781363,2,2,Inhibition,2011.0,9,,Inhibition of human ERG at 11 uM by patch clamp method
CHEMBL6074251,2,2,Inhibition,2024.0,9,,Inhibition of human ERG expressed in CHO cells by patch clamp method
CHEMBL3755246,2,2,Inhibition,2016.0,9,,Inhibition of human ERG at 10 uM by scintillation counting method
CHEMBL3755587,2,2,IC50,2015.0,9,HEK293,Inhibition of human ERG transfected in HEK293 cells
CHEMBL3755636,2,2,IC50,2015.0,9,CHO,Inhibition of human ERG expressed in CHO cells by patch express assay
CHEMBL3761681,2,1,IC50|Ki,2016.0,9,,Inhibition of human ERG
CHEMBL3744480,2,2,Inhibition,2016.0,9,,Inhibition of human ERG at 10 uM by patch-clamp method
CHEMBL3744481,2,2,Inhibition,2016.0,9,,Inhibition of human ERG at 1 uM by patch-clamp method
CHEMBL3744482,2,2,Inhibition,2016.0,9,,Inhibition of human ERG at 0.1 uM by patch-clamp method
CHEMBL5039207,2,2,IC50,2021.0,9,,Inhibition of human ERG
CHEMBL5039672,2,2,IC50,2021.0,9,,Inhibition of hERG
CHEMBL5041052,2,2,IC50,2022.0,9,,Inhibition of human ERG
CHEMBL4732703,2,2,EC50,2021.0,9,,Inhibition of fluorescently labelled tracer binding to human ERG by competitive binding assay
CHEMBL4016569,2,2,IC50|Inhibition,2017.0,9,,Inhibition of human ERG by patch clamp assay
CHEMBL4017747,2,2,IC50,2017.0,9,,Inhibition of human ERG expressed in CHOK1 cells by Qpatch clamp method
CHEMBL4725052,2,2,IC50,2021.0,9,,Inhibition of human ERG by fluorescence polarization assay
CHEMBL4726747,2,2,IC50,2020.0,9,,Inhibition of human ERG expressed in HEK293 cells by whole cell manual patch clamp method
CHEMBL1118846,2,2,IC50,2010.0,9,,Inhibition of human ERG
CHEMBL1118858,2,2,Inhibition,2010.0,9,,Inhibition of human ERG expressed in HEK297 cells at 3 uM after 3 to 8 mins by voltage clamp assay
CHEMBL1119785,2,2,IC20,2010.0,9,,Inhibition of human ERG by patch clamp technique
CHEMBL4015602,2,2,Inhibition,2017.0,9,,Inhibition of human ERG at 10 uM by patch clamp assay
CHEMBL4015657,2,2,Inhibition,2017.0,9,,Inhibition of human ERG up to 30 uM by whole cell patch clamp assay
CHEMBL2400453,2,2,IC50,2013.0,9,HEK293,Binding affinity to human ERG S624A tetrameric mutant expressed in HEK293 cells assessed as inhibition of tail current measured upon repolarization to -40 mV by patch clamp method
CHEMBL2400454,2,2,IC50,2013.0,9,HEK293,Binding affinity to human ERG Y652A tetrameric mutant expressed in HEK293 cells assessed as inhibition of tail current measured upon repolarization to -40 mV by patch clamp method
CHEMBL2400455,2,2,IC50,2013.0,9,HEK293,Binding affinity to human ERG Y652A tandem dimeric mutant expressed in HEK293 cells assessed as inhibition of tail current measured upon repolarization to -40 mV by patch clamp method
CHEMBL2400456,2,2,IC50,2013.0,9,HEK293,Binding affinity to wild type human ERG expressed in HEK293 cells assessed as inhibition of tail current measured upon repolarization to -40 mV by patch clamp method
CHEMBL1781403,2,2,IC50,2011.0,9,,Inhibition of human ERG
CHEMBL1785980,2,2,Inhibition,2009.0,9,,Inhibition of human ERG at 10 uM by whole cell voltage clamp technique
CHEMBL2406353,2,2,IC50,2013.0,9,,Inhibition of human ERG by patch-clamp technique
CHEMBL4028581,2,2,Inhibition,2018.0,9,,Displacement of red fluorescent channel ligand tracer from human ERG expressed in CHO cell membranes
CHEMBL4020625,2,2,IC50,2017.0,9,,Inhibition of human ERG expressed in CHO cells at -80 mV holding potential by patch clamp assay
CHEMBL2395207,2,2,IC50,2013.0,9,HEK293,Displacement of [3H]astemizole from human ERG channel transfected in HEK293 cells after 60 mins by liquid scintillation counting analysis
CHEMBL6087265,2,2,IC50,2024.0,9,,Inhibition of hERG at -80 mV holding potential measured for 2.5 mins
CHEMBL6084728,2,2,IC50,2024.0,9,,Inhibition of hERG
CHEMBL6076255,2,2,Ki,2024.0,9,,Binding affinity to hERG by radioligand displacement assay
CHEMBL6079947,2,2,IC50,2024.0,9,,Inhibition of hERG potassium channel stably expressed in CHO cells at -80 mV holding potential by whole-cell patch-clamp analysis
CHEMBL2406780,2,2,Inhibition,2013.0,9,,Inhibition of human ERG
CHEMBL2410296,2,2,IC50,2013.0,9,,Inhibition of human ERG channel by electrophysiological assay
CHEMBL2400451,2,2,IC50,2013.0,9,HEK293,Binding affinity to human ERG F656A tetrameric mutant expressed in HEK293 cells assessed as inhibition of tail current measured upon repolarization to -120 mV by patch clamp method
CHEMBL2400452,2,2,IC50,2013.0,9,HEK293,Binding affinity to human ERG F656A tandem dimeric mutant expressed in HEK293 cells assessed as inhibition of tail current measured upon repolarization to -120 mV by patch clamp method
CHEMBL4015832,2,1,IC50|Inhibition,2017.0,9,,Inhibition of human ERG expressed in CHO cells assessed as reduction in tail current at -40 holding potential by automated patch-clamp assay
CHEMBL4016137,2,2,Inhibition,2017.0,9,,Inhibition of human ERG at 11 uM relative to control
CHEMBL4728563,2,2,Inhibition,2020.0,9,,Inhibition of human ERG at 10 uM
CHEMBL4714257,2,2,Inhibition,2021.0,9,,Inhibition of human ERG at 10 uM by automated patch method relative to control
CHEMBL4016565,2,2,Inhibition,2017.0,9,,Inhibition of human ERG at 10 uM by patch clamp assay relative to control
CHEMBL2395084,2,1,IC50|Ki,2013.0,9,HEK293,Displacement of [3H]Astemizole from human recombinant ERG expressed in HEK293 cells at after 60 mins
CHEMBL2395206,2,2,Inhibition,2013.0,9,,Inhibition of human ERG channel
CHEMBL4017761,2,2,IC50,2017.0,9,,Inhibition of human ERG
CHEMBL4015501,2,2,Inhibition,2017.0,9,HEK293,Inhibition of human ERG expressed in HEK293 cells at 1 uM by patch clamp method relative to control
CHEMBL5042359,2,2,IC50,2022.0,9,,Inhibition of human ERG
CHEMBL3370429,2,2,IC50,2014.0,9,CHO,Inhibition of human ERG expressed in CHO cells after 20 mins by patch clamp assay
CHEMBL3370430,2,2,IC50,2014.0,9,CHO,Inhibition of human ERG expressed in CHO cells after 20 mins by thallium assay
CHEMBL5510148,2,2,IC50,2024.0,9,,Inhibition of human ERG
CHEMBL5501763,2,2,IC50,2024.0,9,,Inhibition of hERG expressed in CHO cells at -80 mV holding potential by manual patch clamp method
CHEMBL5503990,2,2,IC50,2024.0,9,,Inhibition of human ERG by patch clamp assay
CHEMBL3382404,2,2,IC50,2014.0,9,,Inhibition of human ERG
CHEMBL3382553,2,2,Inhibition,2014.0,9,,Inhibition of human ERG
CHEMBL3374871,2,2,Inhibition,2015.0,9,,Inhibition of human ERG channel at 1 uM
CHEMBL4719894,2,2,Inhibition,2016.0,9,,Inhibition of human ERG expressed in HEK293 cells assessed as inhibition of peak tail current at 0.3 uM by patch clamp analysis
CHEMBL4720165,2,1,IC50|Inhibition,2018.0,9,,Inhibition of human ERG expressed in CHO cells by automated Q-patch clamp assay
CHEMBL4709270,2,2,IC50,2020.0,9,,Inhibition of human ERG current
CHEMBL4027273,2,2,Inhibition,2017.0,9,,Inhibition of human ERG at 1 uM
CHEMBL4700775,2,2,IC50,2019.0,9,,Inhibition of human ERG by patch clamp method
CHEMBL4701061,2,2,IC50,2020.0,9,,Inhibition of human ERG
CHEMBL4701231,2,2,Inhibition,2020.0,9,,Inhibition of human ERG at 10 uM relative to control
CHEMBL4041069,2,2,Inhibition,2017.0,9,,Inhibition of human ERG at 10 uM
CHEMBL4030056,2,1,IC20|IC50,2017.0,9,,Inhibition of human ERG by PatchXpress method
CHEMBL4020626,2,2,Inhibition,2017.0,9,,Inhibition of human ERG expressed in CHO cells at 200 uM at -80 mV holding potential by patch clamp assay relative to control
CHEMBL4022418,2,2,IC50,2017.0,9,,Inhibition of human ERG by patch clamp assay
CHEMBL4712828,2,2,IC50,2021.0,9,,Inhibition of human ERG
CHEMBL4703601,2,2,IC50|Inhibition,2020.0,9,,Inhibition of human ERG by automatic Q-patch assay
CHEMBL4033454,2,2,IC50,2018.0,9,,Inhibition of human ERG channel expressed in CHO cells at holding potential of -80 mV after 5 mins by automated patch clamp assay
CHEMBL6091329,2,2,Inhibition,2025.0,9,,Inhibition of hERG at 30 uM relative to control
CHEMBL6092828,2,2,IC50,2024.0,9,,Inhibition of HERG expressed in HEK293 cells at -80mV holding potential incubated for 24 to 48 hrs by whole-cell patch clamp method
CHEMBL6086381,2,2,IC50,2024.0,9,,Inhibition of hERG in HEK293 cells
CHEMBL1047209,2,1,IC50,2009.0,9,,Inhibition of human ERG
CHEMBL2394849,2,2,IC50,2013.0,9,,Inhibition of human ERG channel
CHEMBL6093781,2,2,IC50,2024.0,9,,Inhibition of hERG by fluorescence polarization assay
CHEMBL6094453,2,2,IC50,2024.0,9,,Inhibition of human ERG expressed in CHO cells by QPatch assay
CHEMBL2384079,2,2,IC50,2013.0,9,,Inhibition of human ERG by patch clamp assay
CHEMBL2384851,2,2,IC50,2013.0,9,,Inhibition of human ERG by patch clamp assay
CHEMBL2388202,2,2,Inhibition,2013.0,9,HEK293,Inhibition of human ERG in HEK293 cells at 10 uM by patch clamp assay relative to control
CHEMBL6096474,2,2,IC50,2024.0,9,,Inhibition of hERG expressed in mammalian cells at 10 uM by automated patch-clamp method
CHEMBL6088803,2,2,IC50,2025.0,9,,Inhibition of hERG in CHO-K1 cells
CHEMBL5049098,2,2,Inhibition,2022.0,9,,Inhibition of hERG expressed in CHO-K1 cells at 30 uM by automated whole cell patch clamp assay
CHEMBL5050156,2,2,IC50,2022.0,9,,Inhibition of human ERG by patch-clamp assay
CHEMBL5045627,2,2,IC50,2022.0,9,,Inhibition of hERG channel by patch clamp assay
CHEMBL5393065,2,2,Inhibition,2023.0,9,,Inhibition of human ERG at 500 uM relative to control
CHEMBL5384192,2,2,IC50,2023.0,9,,Inhibition of hERG expressed in CHO cells by Qpatch assay
CHEMBL5386813,2,2,Inhibition,2023.0,9,,Inhibition of hERG at 10 uM relative to control
CHEMBL5388466,2,2,Inhibition,2023.0,9,,Inhibition of hERG at 40 uM by patch clamp assay relative to control
CHEMBL5391052,2,2,IC50,2023.0,9,,Inhibition of hERG by manual patch clamp method
CHEMBL6089256,2,2,IC50,2025.0,9,,Inhibition of human ERG
CHEMBL2344471,2,2,IC50,2013.0,9,,Inhibition of human ERG by patch clamp assay
CHEMBL4681980,2,2,IC50,2018.0,9,,Inhibition of human ERG expressed in HEK293 cells
CHEMBL3635627,2,2,IC50,2015.0,9,,Binding affinity to human ERG
CHEMBL5054318,2,2,IC50,2021.0,9,,Inhibition of human ERG by flux assay
CHEMBL5054319,2,2,IC50,2021.0,9,,Inhibition of human ERG by patch-clamp assay
CHEMBL5058034,2,2,IC50,2021.0,9,,Inhibition of human ERG
CHEMBL3378638,2,2,IC50,2014.0,9,,Inhibition of human ERG by functional patch clamp assay
CHEMBL3378646,2,2,Inhibition,2014.0,9,,Inhibition of human ERG at 30 uM by functional patch clamp assay
CHEMBL3380165,2,2,Activity,2014.0,9,,Binding affinity to human ERG
CHEMBL1776942,2,2,Ki,2011.0,9,HEK293,Displacement of [3H]dofetilide from human ERG expressed in HEK293 cells
CHEMBL1764592,2,2,INH,2011.0,9,,Inhibition of human ERG
CHEMBL5097460,2,2,IC50,2021.0,9,,Inhibition of hERG expressed in CHO cells at -80 mV holding potential by Whole-cell patch clamp analysis
CHEMBL5098619,2,2,IC50,2021.0,9,,Inhibition of hERG ion channel by manual patch clamp assay
CHEMBL5100478,2,2,IC50,2022.0,9,,Inhibition of human ERG stably transfected in HEK293 cells incubated for 2 hrs by TAMRA fluorescence polarization assay
CHEMBL4689504,2,2,IC50,2021.0,9,,Inhibition of human ERG
CHEMBL6101251,2,2,IC50,2025.0,9,,Inhibition of hERG
CHEMBL6112697,2,2,IC50,2025.0,9,,Inhibition of human ERG by QPatch clamp method
CHEMBL6112698,2,2,IC50,2025.0,9,,Inhibition of human ERG by binding assay
CHEMBL6113310,2,2,IC50|Inhibition,2025.0,9,,Inhibition of hERG expressed in CHO cells
CHEMBL6106951,2,2,IC50,2025.0,9,,Inhibition of hERG
CHEMBL2340694,2,2,IC50,2013.0,9,,Inhibition of human ERG by dofetilide binding assay
CHEMBL2343703,2,2,Inhibition,2013.0,9,,Inhibition of human ERG
CHEMBL4679845,2,2,INH,2021.0,9,,Inhibition of human ERG expressed in CHO-K1 cells at -90 mV holding potential by automated patch-clamp method
CHEMBL4680539,2,2,Inhibition,2020.0,9,,Inhibition of human ERG at 10 uM
CHEMBL4676196,2,2,IC50,2020.0,9,,Inhibition of human ERG expressed in HEK293 cells assessed as reduction in channel inward tail current by whole cell voltage clamp assay
CHEMBL4047420,2,2,Inhibition,2017.0,9,HEK293,Inhibition of human ERG expressed in HEK293 cells at 30 uM by whole-cell patch clamp method relative to control
CHEMBL4047451,2,2,IC50,2017.0,9,,Inhibition of human ERG expressed in CHO cells by Ionworks electrophysiology method
CHEMBL4048343,2,2,IC50,2018.0,9,HEK293,Inhibition of [3H]-astemizole binding to human ERG expressed in HEK293 cell membranes by scintillation counting method
CHEMBL2330319,2,2,IC50,2013.0,9,,Inhibition of human ERG
CHEMBL2330323,2,2,Inhibition,2013.0,9,,Inhibition of human ERG at 10 uM by radioligand binding assay
CHEMBL6108663,2,2,IC50,2025.0,9,,Inhibition of human ERG
CHEMBL6109284,2,2,Inhibition,2025.0,9,,Inhibition of hERG at 10 uM relative to control
CHEMBL5119715,2,2,IC50,2022.0,9,,Inhibition of hERG potassium channel at -80 mV holding potential incubated for 3 mins by automated patch clamp method
CHEMBL4670699,2,2,INH,2020.0,9,,Inhibition of human ERG by patch clamp method
CHEMBL4671126,2,2,Inhibition,2020.0,9,,Displacement of [3H]-Astemizole from human recombinant full length ERG channel at 10 uM incubated for 60 mins by scintillation counting analysis relative to control
CHEMBL4051903,2,2,IC50,2017.0,9,,Inhibition of human ERG by manual patch clamp assay
CHEMBL2318069,2,2,Inhibition,2013.0,9,,Inhibition of human ERG by patch clamp assay
CHEMBL2318297,2,2,Inhibition,2013.0,9,,Displacement of [3H]astemizole from human ERG channel at 10 uM
CHEMBL6123110,2,2,IC50,2024.0,9,,Inhibition of human ERG expressed in CHO cells at holding potential of -80 mV by automated patch clamp electrophysiological method
CHEMBL6115079,2,2,IC50,2025.0,9,,Inhibition of hERG by binding assay
CHEMBL1787952,2,2,IC50,2009.0,9,,Inhibition of human ERG by cell based by patch clamp assay
CHEMBL1799749,2,2,IC50,2011.0,9,,Inhibition of human ERG
CHEMBL1803665,2,2,IC50,2011.0,9,,Inhibition of human ERG
CHEMBL1292027,2,2,IC50,2010.0,8,,Inhibition of human ERG
CHEMBL4047410,2,2,Inhibition,2017.0,9,,Inhibition of human ERG expressed in CHO cells at 14 uM at -70mV holding potential measured after 300 secs by IonWorks electrophysiology method relative to control
CHEMBL6110878,2,2,IC20,2025.0,9,,Inhibition of human ERG
CHEMBL2330715,2,2,Inhibition,2013.0,9,,Inhibition of human ERG at 5 uM relative to control
CHEMBL6111434,2,2,IC50,2025.0,9,,Inhibition of hERG
CHEMBL4053853,2,2,IC50,2017.0,9,HEK293,Inhibition of human ERG expressed in HEK293 cells by lonWorks Quattro analysis
CHEMBL4054843,2,2,IC50,2017.0,9,,Inhibition of human ERG by patch clamp method
CHEMBL4678244,2,2,IC50,2020.0,9,,Inhibition of human ERG
CHEMBL4679077,2,2,Inhibition,2021.0,9,,Inhibition of human ERG at 10 uM relative to control
CHEMBL3742791,2,2,EC50,2015.0,9,HEK293,Induction of dissociation of [3H]-dofetilide from Kv11.1 channel (unknown origin) assessed as dissociation rate expressed in HEK293 cells after 1 hr
CHEMBL3625655,2,2,Inhibition,2015.0,9,,Inhibition of human ERG channel at 30 uM
CHEMBL3626606,2,2,IC50,2015.0,9,,Inhibition of human ERG by automated patch clamp assay
CHEMBL5379386,2,2,IC50,2023.0,9,,Inhibition of hERG expressed in CHO cells assessed as K+ currents by automated patch clamp assay
CHEMBL5381145,2,2,Inhibition,2023.0,9,,Inhibition of human ERG stably expressed in CHO cells at 0.3 uM by whole-cell patch clamp method relative to control
CHEMBL3387701,2,2,IC50,2014.0,9,,Inhibition of human ERG
CHEMBL3382692,2,2,IC50,2014.0,9,,Binding affinity to human ERG
CHEMBL3382693,2,2,Inhibition,2014.0,9,,Inhibition of human ERG assessed as reduction in IKr current at 3 uM
CHEMBL5375455,2,2,IC50,2023.0,9,,Inhibition of human ERG by Q-patch analysis
CHEMBL3615013,2,2,Inhibition,2015.0,9,,Inhibition of human ERG assessed as reduction of tail current at 0.1 umol/L
CHEMBL3615014,2,2,Inhibition,2015.0,9,,Inhibition of human ERG assessed as reduction of tail current at 1 umol/L
CHEMBL3615015,2,2,Inhibition,2015.0,9,,Inhibition of human ERG assessed as reduction of tail current at 10 umol/L
CHEMBL4629912,2,2,IC50,2020.0,9,,Inhibition of human ERG by Ionworks electrophysiology assay
CHEMBL4630255,2,2,Inhibition,2020.0,9,,Inhibition of human Kv11.1 at 100 uM
CHEMBL4119872,2,2,Inhibition,2017.0,9,,Inhibition of human ERG at 1 uM by patch clamp assay relative to control
CHEMBL4119873,2,2,Inhibition,2017.0,9,,Inhibition of human ERG at 10 uM by patch clamp assay relative to control
CHEMBL4120225,2,2,Activity,2017.0,9,,Binding affinity to recombinant full length human ERG at 10 uM relative to control
CHEMBL6137851,2,2,IC50,2025.0,9,,Inhibition of hERG expressed in HEK293 cells by manual patch clamp assay
CHEMBL6125583,2,2,IC50,2025.0,9,,Inhibition of hERG
CHEMBL6126854,2,2,IC50,2025.0,9,,Inhibition of human ERG expressed in HEK293 cells by manual-patch clamp assay
CHEMBL6128634,2,2,IC50,2024.0,9,,Inhibition of hERG
CHEMBL6121190,2,2,IC50,2024.0,9,,Inhibition of human ERG expressing HEK cells by whole-cell patch clamp assay
CHEMBL6121382,2,2,IC50,2024.0,9,,Inhibition of hERG by QPatch analysis
CHEMBL2329731,2,2,Inhibition,2013.0,9,,Inhibition of human ERG at 30 uM relative to control
CHEMBL1291240,2,2,IC50,2010.0,9,HEK293,Binding affinity to human ERG expressed in HEK cells by radioligand displacement assay
CHEMBL4673098,2,2,IC50,2020.0,9,,Inhibition of human ERG
CHEMBL1120660,2,2,Inhibition,2010.0,9,,Inhibition of human ERG at 30 uM
CHEMBL1120664,2,2,IC50,2010.0,9,,Inhibition of human ERG
CHEMBL6135860,2,2,Activity,2024.0,9,,Inhibition of human ERG stably overexpressed in HEK293 cells assessed as remaining activity at 25 uM incubated for 30 mins by FLIPR assay
CHEMBL6135861,2,2,Inhibition,2024.0,9,,Inhibition of human ERG stably overexpressed in HEK293 cells at 100 uM incubated for 30 mins by FLIPR assay
CHEMBL4049284,2,2,Inhibition,2018.0,9,,Inhibition of human ERG at 11.1 uM relative to control
CHEMBL4049326,2,2,IC50,2018.0,9,HEK293,Inhibition of human ERG expressed in HEK293 cells by patch clamp method
CHEMBL5104970,2,2,Inhibition,2022.0,9,,Inhibition of hERG
CHEMBL5111957,2,2,INH,2022.0,9,,Inhibition of hERG by patch-clamp method
CHEMBL3635628,2,2,IC50,2015.0,9,,Inhibition of human ERG by QPatch assay
CHEMBL5375739,2,2,IC50,2023.0,9,,Inhibition of hERG stably expressed in HEK293 cells by patch clamp assay
CHEMBL5375740,2,2,Inhibition,2023.0,9,,Inhibition of hERG stably expressed in HEK293 cells at 1 uM by patch clamp assay relative to control
CHEMBL5375741,2,2,Inhibition,2023.0,9,,Inhibition of hERG stably expressed in HEK293 cells at 10 uM by patch clamp assay relative to control
CHEMBL5376724,2,2,INH,2023.0,9,,Inhibition of hERG measured for 120 secs by electrophysiological method
CHEMBL5377244,2,2,IC50,2023.0,9,,Inhibition of human ERG
CHEMBL5366637,2,2,IC50,2023.0,9,,Inhibition of hERG
CHEMBL3396351,2,2,IC50,2015.0,9,,Inhibition of human ERG by patch clamp assay
CHEMBL3396520,2,2,IC50,2015.0,9,,Inhibition of human ERG by Q-patch assay
CHEMBL3607822,2,2,IC50,2015.0,9,,Inhibition of human ERG
CHEMBL4123926,2,2,IC50,2018.0,9,,Displacement of [3H]dofetilide from human ERG expressed in HEK293 cells after 45 mins by scintillation counting method
CHEMBL4052442,2,2,IC50,2017.0,9,HEK293,Inhibition of human ERG expressed in HEK293 cells by patch clamp method
CHEMBL5129510,2,2,Inhibition,2022.0,9,,Inhibition of hERG at 10 uM incubated for 2 hrs by fluorescence polarization based assay relative to control
CHEMBL5116012,2,2,IC50,2022.0,9,,Inhibition of hERG by patch clamp assay
CHEMBL3611375,2,2,IC50,2015.0,9,HEK293,Inhibition of human ERG expressed in HEK cells by patch clamp assay
CHEMBL3591008,2,2,IC50,2015.0,9,CHO,Inhibition of human ERG expressed in CHO cells by automated whole-cell patch clamp electrophysiology system
CHEMBL3591518,2,2,IC50,2015.0,9,HEK293,Inhibition of human Kv11.1 expressed in HEK293 cells assessed as inhibition of channel tail current at holding potential -80 mV by whole cell voltage clamp assay
CHEMBL3591519,2,2,TIME,2015.0,9,HEK293,Inhibition of human Kv11.1 expressed in HEK293 cells assessed as time needed for complete inhibition of channel tail current at 1 uM at holding potential -80 mV by whole cell voltage clamp assay
CHEMBL5133221,2,2,Inhibition,2022.0,9,,Inhibition of hERG at 10 uM by patch clamp method relative to control
CHEMBL5123730,2,2,IC50,2022.0,9,,Cardiotoxicity against human ERG expressed in HEK293 cells by patch clamp assay
CHEMBL3603131,2,2,Activity,2015.0,9,,Binding affinity to human ERG
CHEMBL4626005,2,2,IC50,2020.0,9,,Inhibition of human ERG
CHEMBL6139416,2,2,IC50,2025.0,9,,Inhibition of hERG
CHEMBL2217327,2,1,IC50|Inhibition,2012.0,9,HEK293,Inhibition of human ERG stepped current expressed in HEK293 cells at + 20 mV holding potential by patch clamp assay
CHEMBL2217332,2,1,IC50|Inhibition,2012.0,9,HEK293,Inhibition of human ERG tail current expressed in HEK293 cells at + 60 mV holding potential by patch clamp assay
CHEMBL6132234,2,2,IC50,2024.0,9,,Inhibition of hERG expressed in CHO cells by automated patch clamp method
CHEMBL2184669,2,2,Inhibition,2012.0,9,,Inhibition of human ERG at 10 uM
CHEMBL6182728,2,1,IC20|IC50,2025.0,9,,Inhibition of hERG expressed in CHO cells by Whole cell patch clamp assay
CHEMBL6158836,2,2,IC50,2025.0,9,,Inhibition of hERG transfected in CHO cells
CHEMBL6179992,2,2,IC50,2025.0,9,,Inhibition of human ERG
CHEMBL6180391,2,2,IC50,2025.0,9,,Inhibition of hERG expressed in HEK cells by electrophysiology
CHEMBL6182348,2,2,IC50,2025.0,9,,Inhibition of hERG expressed in HEK293 cells
CHEMBL2188237,2,2,Inhibition,2012.0,9,,Inhibition of human ERG at 10 uM
CHEMBL4132515,2,1,IC20|IC50,2017.0,9,,Inhibition of human ERG
CHEMBL4058067,2,2,IC50,2017.0,9,,Inhibition of human ERG expressed in CHOK1 cells by patch clamp method
CHEMBL4628001,2,2,Inhibition,2020.0,9,,Inhibition of human ERG at 10 uM
CHEMBL1819701,2,2,IC50,2011.0,9,,Inhibition of human ERG by manual patch clamp assay
CHEMBL6182534,2,2,IC50,2025.0,9,,Inhibition of hERG
CHEMBL6137961,2,2,IC50,2025.0,9,,Inhibition of human ERG by manual patch clamp method
CHEMBL2216273,2,2,Inhibition,2012.0,9,HEK293,Inhibition of human ERG overexpressed in HEK cells at 11 uM
CHEMBL2208705,2,2,IC50,2011.0,9,,Inhibition of human ERG
CHEMBL6138946,2,2,Inhibition,2025.0,9,,Inhibition of human ERG expressed in CHO cells at 30 uM by manual patch clamp assay relative to control
CHEMBL5129991,2,2,IC50,2022.0,9,,Inhibition of hERG by manual patch clamp method
CHEMBL5130010,2,2,Inhibition,2022.0,9,,Inhibition of hERG expressed in CHO cells 3 uM at by Q patch-clamp method relative to control
CHEMBL5130108,2,2,IC50,2022.0,9,,Inhibition of hERG by Qpatch-clamp method
CHEMBL4619252,2,2,Inhibition,2020.0,9,,Inhibition of human ERG at 10 uM
CHEMBL4611400,2,2,IC50,2020.0,9,HEK293,Inhibition of human ERG expressed in HEK293 cells by semi-automatic patch clamp assay
CHEMBL4612554,2,2,IC50,2020.0,9,HEK293,Inhibition of human ERG stably expressed in HEK293 cells
CHEMBL4612722,2,2,IC50,2020.0,9,HEK293,Inhibition of recombinant human ERG stably expressed in HEK293 cells at -80 mV by whole cell voltage clamp method
CHEMBL4189945,2,2,IC50,2018.0,9,,Inhibition of human ERG expressed in HEK293 cells by patch clamp method
CHEMBL4621386,2,2,IC50,2020.0,9,,Inhibition of human ERG by Qpatch assay
CHEMBL4622343,2,2,IC50,2020.0,9,,Inhibition of human ERG
CHEMBL4617553,2,2,IC50,2020.0,9,,Inhibition of human ERG
CHEMBL4619087,2,2,IC50,2020.0,9,,Inhibition of human ERG
CHEMBL4146889,2,2,IC50,2018.0,9,,Inhibition of human ERG expressed in CHO cells at holding potential of -80 mV by whole cell Qpatch assay
CHEMBL2176468,2,2,IC50,2012.0,9,,Inhibition of human recombinant ERG channel expressed in HEK297 cells after 3 to 8 mins by voltage clamp assay
CHEMBL6194381,2,1,% Ctrl,2025.0,9,,Inhibiton of HERG_DOFETILIDE at compound concentration of 30.0 uM using a biochemical assay of the Eurofins SafetyScreen44 (BI) by Scintillation counting
CHEMBL6194472,2,1,% Ctrl,2025.0,9,,Inhibiton of HERG_DOFETILIDE at compound concentration of 10.0 uM using a biochemical assay of the Eurofins SafetyScreen44 (BI) by Scintillation counting
CHEMBL768688,2,2,Inhibition,2003.0,9,Oocyte,Inhibition of human Potassium channel HERG expressed in Xenopus oocytes at 10 uM
CHEMBL1043534,2,2,IC50,2009.0,9,,Inhibition of human ERG potassium channel 1
CHEMBL2186404,2,1,IC50|Inhibition,2012.0,9,,Inhibition of human ERG expressed in rat after 2 to 3 days by patch clamp assay
CHEMBL2173968,2,2,IC50,2012.0,9,CHO,Inhibition of human ERG expressed in CHO cells by IonworksHT assay
CHEMBL4157557,2,2,IC50,2018.0,9,,Inhibition of human ERG expressed in CHOK1 cells incubated for 600 secs at -80 mV holding potential by automated patch clamp assay
CHEMBL4158421,2,2,Inhibition,2018.0,9,,Inhibition of human ERG expressed in mammalian cells at 10 uM after 3 mins by QPatch clamp assay
CHEMBL5370114,2,2,IC50,2023.0,9,,Inhibition of human ERG expressed in HEK293 cells by manual-patch clamp assay
CHEMBL5362172,2,2,IC50,2023.0,9,,Inhibition of hERG
CHEMBL5363761,2,2,IC50,2023.0,9,,Displacement of [3H]-Dofetilide from human ERG by PatchXpress assay
CHEMBL3411134,2,2,Inhibition,2015.0,9,,Inhibition of human ERG channel at 10 uM
CHEMBL3412836,2,2,IC50,2015.0,9,,Inhibition of human ERG channel
CHEMBL3413194,2,2,IC50,2015.0,9,,Inhibition of human ERG
CHEMBL3413549,2,2,IC50,2015.0,9,CHO,Inhibition of human ERG expressed in CHO cells assessed as reduction in channel current at holding potential of 0 mV by electrophysiological method
CHEMBL3414401,2,2,Inhibition,2014.0,9,,Inhibition of human ERG at 10 uM by PDSP screening
CHEMBL1114086,2,1,IC20|IC50,2009.0,9,,Inhibition of human ERG
CHEMBL5136077,2,2,IC50,2022.0,9,,Inhibition of human ERG potassium channel transfected in CHO cells by automated patch clamp assay
CHEMBL4184689,2,2,IC50,2018.0,9,,Inhibition of human ERG expressed in HEK293 cells at holding potential of -80 mV by whole cell patch clamp assay
CHEMBL2161976,2,2,IC50,2011.0,9,,Inhibition of human ERG
CHEMBL2114010,2,2,IC50,,9,,"OSM: hERG, IC50 uM (Essen Bioscience): IonWorks patch clamp electrophysiology. 8 point concentration-response curves were generated using 3-fold serial dilutions from the maximum final assay concentration of 33 uM."
CHEMBL4186149,2,2,IC50,2018.0,9,,Inhibition of human ERG expressed in CHO-K1 cells assessed as reduction in tail current amplitude by patch clamp assay
CHEMBL3602727,2,2,Inhibition,2015.0,9,,Inhibition of human ERG at 10 uM by patch clamp assay
CHEMBL1106923,2,2,IC50,2010.0,9,,Displacement of [3H]dofetilide from human ERG by scintillation proximity assay
CHEMBL3419081,2,2,IC50,2015.0,9,,Inhibition of human ERG channel by patch clamp technique
CHEMBL3419127,2,2,Inhibition,2015.0,9,,Inhibition of human ERG at 30 uM by manual patch clamp assay relative to control
CHEMBL3420425,2,2,IC50,2015.0,9,,Displacement of radio-labeled MK-499 from ERG channel in human embryonic kidney cells
CHEMBL3594777,2,2,IC50,2015.0,9,CHO,Inhibition of human ERG expressed in CHO cells after 10 mins by Rb efflux assay
CHEMBL3582736,2,2,IC50,2015.0,9,CHO,Inhibition of human ERG expressed in CHO cells assessed as whole cell current by patch clamp assay
CHEMBL1686265,2,2,IC50,2011.0,9,,Inhibition of human ERG
CHEMBL1113809,2,2,IC50,2010.0,9,,Inhibition of human ERG by single cell patch-clamp assay
CHEMBL827855,2,2,IC50,2005.0,9,,Inhibitory activity against human Potassium channel HERG
CHEMBL828008,2,2,IC50,2005.0,8,,Mean inhibitory concentration against potassium channel HERG
CHEMBL691013,2,2,IC50,2002.0,9,,K+ channel blocking activity in human embryonic kidney cells expressing HERG Kv11.1
CHEMBL2150356,2,2,EC50,2011.0,9,,Inhibition of human ERG by patch clamp assay
CHEMBL4481700,2,2,Inhibition,2019.0,9,,Inhibition of human ERG at 1 uM by manual patch clamp electrophysiology assay
CHEMBL4605420,2,2,EC50,2020.0,9,,Inhibition of human ERG by IonWorks patch clamp electrophysiology assay
CHEMBL4434339,2,2,Inhibition,2019.0,9,,Inhibition of human ERG at 10 uM
CHEMBL1227789,2,2,IC50|Ki,2010.0,9,,Inhibition of human ERG
CHEMBL4196965,2,2,Inhibition,2018.0,9,,Inhibition of human ERG assessed as reduction in peak tail current at 3 uM at holding potential of -80 mV by patch clamp method relative to control
CHEMBL4196966,2,2,Inhibition,2018.0,9,,Inhibition of human ERG assessed as reduction in peak tail current at 10 uM at holding potential of -80 mV by patch clamp method relative to control
CHEMBL1038976,2,2,Ki,2009.0,9,,Inhibition of human ERG
CHEMBL1039278,2,2,Inhibition,2009.0,9,,Inhibition of human ERG at 10 uM
CHEMBL854895,2,2,Inhibition,2007.0,9,,Percent inhibition of binding to hERG at10uM
CHEMBL4606240,2,2,IC50,2020.0,9,,Inhibition of human ERG
CHEMBL4478769,2,2,IC50,2016.0,9,,Binding affinity to human ERG
CHEMBL4190054,2,2,IC50,2018.0,9,,Inhibition of human ERG
CHEMBL4194218,2,2,IC50,2017.0,9,,Inhibition of human ERG at holding potential of -80 mV by cell based automated Qpatch method
CHEMBL4194788,2,2,Inhibition,2018.0,9,,Inhibition of human ERG at 300 nM relative to control
CHEMBL4195231,2,2,IC50,2018.0,9,,Inhibition of human ERG expressed in HEK293 cells by manual patch clamp assay
CHEMBL3424160,2,2,Ki,2015.0,9,,Inhibition of human ERG channel
CHEMBL5141625,2,2,IC50,2022.0,9,,Inhibition of human ERG by patch-clamp assay
CHEMBL5141991,2,2,IC50,2022.0,9,,Inhibition of human ERK potassium channel by automated patch clamp electrophysiology
CHEMBL5133272,2,2,Inhibition,2022.0,9,,Inhibition of human ERG expressed in HEK cells at 60 uM by voltage clamp assay
CHEMBL5134245,2,2,IC50,2022.0,9,,Inhibition of human ERG
CHEMBL4220823,2,2,IC50,2018.0,9,,Inhibition of human ERG expressed in HEK293 cells by automated patch clamp method
CHEMBL854887,2,2,QT interval,2007.0,8,,Prolonged QTc interval in anaesthetized dogs after 15 min infusion at 10mg/kg compared to vehicle
CHEMBL854888,2,2,QT interval,2007.0,8,,Prolonged QTc interval in anaesthetized dogs after 15min infusion at 30 mg/kg compared to vehicle
CHEMBL2089540,2,2,Inhibition,2012.0,9,,inhibition of human ERG
CHEMBL1825563,2,2,Inhibition,2011.0,9,,Inhibition of human ERG up to 10 uM by patch clamp method
CHEMBL1816996,2,2,Inhibition,2011.0,9,HEK293,Inhibition of human ERG expressed in HEK293 cells assessed as inhibition of potassium channel current at 30 uM after 5 mins by patch clamp assay
CHEMBL1817370,2,2,Inhibition,2011.0,9,HEK293,Inhibition of human ERG expressed in HEK293 cells assessed as inhibition of tail current at holding potential of -70 mV at 1 uM after 10 mins by whole-cell patch clamp method
CHEMBL1817371,2,2,Inhibition,2011.0,9,HEK293,Inhibition of human ERG expressed in HEK293 cells assessed as inhibition of tail current at holding potential of -70 mV at 3.16 uM after 10 mins by whole-cell patch clamp method
CHEMBL1817372,2,2,Inhibition,2011.0,9,HEK293,Inhibition of human ERG expressed in HEK293 cells assessed as inhibition of tail current at holding potential of -70 mV at 10 uM after 10 mins by whole-cell patch clamp method
CHEMBL1817373,2,2,Inhibition,2011.0,9,HEK293,Inhibition of human ERG expressed in HEK293 cells assessed as inhibition of tail current at holding potential of -70 mV at 31.6 uM after 10 mins by whole-cell patch clamp method
CHEMBL1817374,2,2,Inhibition,2011.0,9,HEK293,Inhibition of human ERG expressed in HEK293 cells assessed as inhibition of tail current at holding potential of -70 mV at 100 uM after 10 mins by whole-cell patch clamp method
CHEMBL4478742,2,2,INH|Inhibition,2016.0,9,,Inhibition of human ERG by patch clamp assay
CHEMBL4229875,2,2,Inhibition,2018.0,9,,Inhibition of human ERG expressed in CHOK1 cells at 10 to 50 uM by whole-cell patch clamp method
CHEMBL862268,2,2,Ki,2006.0,8,,Binding affinity to potassium channel by radioligand binding assay
CHEMBL4189946,2,2,Imax,2018.0,9,,Inhibition of human ERG expressed in HEK293 cells at 10 uM by patch clamp method relative to control
CHEMBL4200504,2,2,IC50,2018.0,9,,Inhibition of recombinant human ERG expressed in CHOK1 cells at -70 mV holding potential by patch clamp electrophysiology method
CHEMBL4200761,2,2,IC50,2018.0,9,,Inhibition of human ERG by manual patch clamp assay
CHEMBL4200763,2,2,Inhibition,2018.0,9,,Inhibition of human ERG at 30 uM by manual patch clamp assay
CHEMBL3420642,2,2,Inhibition,2015.0,9,CHO,Inhibition of human ERG channel expressed in CHO cells at 0.37 uM by patch clamp method
CHEMBL3420643,2,2,Inhibition,2015.0,9,CHO,Inhibition of human ERG channel expressed in CHO cells at 1.1 uM by patch clamp method
CHEMBL3420644,2,2,Inhibition,2015.0,9,CHO,Inhibition of human ERG channel expressed in CHO cells at 3.3 uM by patch clamp method
CHEMBL3420645,2,2,Inhibition,2015.0,9,CHO,Inhibition of human ERG channel expressed in CHO cells at 10 uM by patch clamp method
CHEMBL5365873,2,2,IC50,2023.0,9,,Inhibition of hERG by patch clamp assay
CHEMBL5356383,2,2,IC50,2023.0,9,,Inhibition of hERG expressed in CHO cells by automated patch clamp assay
CHEMBL3420646,2,2,Inhibition,2015.0,9,CHO,Inhibition of human ERG channel expressed in CHO cells at 30 uM by patch clamp method
CHEMBL3421062,2,2,IC50,2015.0,9,,Inhibition of human ERG by patch clamp technique
CHEMBL3424107,2,2,Inhibition,2015.0,9,,Inhibition of human ERG
CHEMBL1817376,2,2,IC50,2011.0,9,HEK293,Inhibition of human ERG expressed in HEK293 cells assessed as inhibition of tail current at holding potential of -70 mV after 10 mins by whole-cell patch clamp method
CHEMBL2091208,2,2,IC50,2012.0,9,HEK293,Inhibition of human ERG expressed in HEK293 cells after 240 secs by patch clamp assay
CHEMBL1118606,2,2,Inhibition,2010.0,9,,Inhibition of human ERG at 10 uM
CHEMBL1111587,2,2,Inhibition,2010.0,9,,Inhibition of human ERG at 10 uM
CHEMBL1111712,2,2,Inhibition,2010.0,9,HEK293,Inhibition of human ERG expressed in HEK293 cells at 30 uM by mutual patch clamp electrophysiology assay
CHEMBL1112218,2,2,Ki,2009.0,9,HEK293,Displacement of [3H]dofetilide from human ERG expressed in HEK293 cells
CHEMBL5357935,2,2,IC50,2023.0,9,,Inhibition of human ERG
CHEMBL5358237,2,2,IC50|Inhibition,2023.0,9,,Inhibition of hERG
CHEMBL5347868,2,2,Inhibition,2023.0,9,,Inhibition of human ERG at 10 uM relative to control
CHEMBL5350354,2,2,IC50,2023.0,9,,Inhibition of hERG potassium channel in human HEK293 cells by manual patch clamp assay
CHEMBL5351415,2,2,Inhibition,2023.0,9,,Inhibition of human ERG at 10 uM
CHEMBL5352788,2,2,IC50,2022.0,9,,Inhibition of human ERG stably expressed in CHO cells by patch clamp assay
CHEMBL5354037,2,2,IC50,2022.0,9,,Inhibition of human ERG
CHEMBL5142532,2,2,IC50,2022.0,9,,Inhibition of human ERG by patch-clamp assay
CHEMBL5142760,2,2,IC50,2022.0,9,,Inhibition of hERG potassium channel expressed in HEK293 cells
CHEMBL5145948,2,2,Inhibition,2022.0,9,,Displacement of [3H]astemizole from human ERG expressed in HEK293 cell membrane at 10 uM for 2 hrs by Radiometric displacement assay
CHEMBL2034769,2,2,Inhibition,2012.0,9,,Inhibition of human ERG at 10 uM
CHEMBL1040540,2,2,IC50,2009.0,9,,Displacement of dofetilide from human ERG
CHEMBL1034068,2,2,Activity,2009.0,9,HEK293,Displacement of [3H]dofetilide from human ERG expressed in HEK293 cells at 300 nM
CHEMBL868467,2,2,Ki,2006.0,9,,Binding affinity to hERG
CHEMBL869841,2,2,IC50,2006.0,9,,Inhibition of hERG channel by voltage clamp assay
CHEMBL869869,2,2,IC50,2006.0,9,HEK293,Inhibition of HERG potassium channel expressed in HEK cells by whole cell patch clamp method
CHEMBL870149,2,2,IC50,2006.0,9,HEK293,Inhibition of hERG expressed in HEK cells by radioligand binding assay
CHEMBL864204,2,2,Inhibition,2006.0,9,,Inhibition of hERG at 10 uM
CHEMBL2065232,2,2,Inhibition,2012.0,9,,Inhibition of human ERG up to 100 uM by Q-patch assay
CHEMBL4431079,2,2,Inhibition,2016.0,9,HEK293,Inhibition of human ERG expressed in HEK293 cells at 1 uM by thallium flux assay
CHEMBL4426368,2,2,Inhibition,2016.0,9,HEK293,Displacement of [3H]Dofetilide from human recombinant ERG expressed in HEK293 cells at 10 to 50 uM after 60 mins by scintillation counting
CHEMBL4413880,2,2,IC50,2019.0,9,,Inhibition of human ERG assessed as reduction in channel current by cell based assay
CHEMBL4235078,2,2,Inhibition,2018.0,9,,Inhibition of human ERG expressed in HEK293 cells at 30 uM
CHEMBL2043698,2,2,IC50,2012.0,9,CHO,Inhibition of human ERG expressed in CHO cells by IonWorks assay
CHEMBL866526,2,2,Inhibition,2006.0,9,,Displacement of [35S]-labeled MK499 from hERG at 1 uM
CHEMBL866681,2,2,IC50,2006.0,9,,Displacement of [3H]dofetilide from hERG
CHEMBL4236263,2,2,Ki,2018.0,9,,Binding affinity to human ERG
CHEMBL5146707,2,2,IC50,2022.0,9,,Inhibition of hERG
CHEMBL5147244,2,2,IC50,2022.0,9,,Inhibition of hERG channel expressed in HEK293 cells at -80 mV holding potential by automated patch clamp method
CHEMBL5136558,2,2,Inhibition,2022.0,9,,Inhibition of hERG cardiac ion channel at 200 uM relative to control
CHEMBL5338534,2,2,FC,2024.0,9,,"Inhibition of human ERG expressed in CHO-K1 cells assessed as ratio of compound to N-(1-(4-(3-(trifluoromethyl)-1,2,4-oxadiazol-5-yl)phenethyl)piperidin-4-yl)-1H-benzo[d]imidazol-2-amine measured after 4 min by QPatch assay"
CHEMBL5341349,2,2,IC50,2023.0,9,,Inhibition of hERG by fluorescence polarization assay
CHEMBL5334006,2,2,IC50,2023.0,9,,Inhibition of hERG expressed in CHO cells at -80 mV holding potential by manual patch-clamp electrophysiology method
CHEMBL5335061,2,2,IC50,2023.0,9,,Displacement of [3H]Dofetilide from human ERG
CHEMBL5337078,2,2,IC50,2024.0,9,,Inhibition of hERG expressed in CHO cells at -90 mV holding potential by QPatch automated patch clamp assay
CHEMBL5337264,2,2,IC50,2024.0,9,,Inhibition of human ERG expressed in CHO cells by whole-cell patch clamp assay
CHEMBL5326843,2,2,Ratio,2023.0,9,,Inhibition of hERG assessed as ratio of peak current magnitude after compound addition to control at -80 mV holding potential incubated for 5 mins by automated Qpatch method
CHEMBL5327984,2,2,IC50,2023.0,9,,Inhibition of hERG by patch clamp assay
CHEMBL5328504,2,2,IC50,2023.0,9,,Inhibition of human ERG expressed in CHO-K1 cells
CHEMBL4223976,2,2,IC50,2018.0,9,,Inhibition of human ERG
CHEMBL4258485,2,2,IC50,2018.0,9,,Inhibition of human ERG expressed in HEK293 cells after 5 mins by automated planar patch clamp method
CHEMBL4260509,2,2,IC50,2018.0,9,,Inhibition of human ERG
CHEMBL2025328,2,2,IC50,2012.0,9,,Inhibition of human ERG by electrophysiology assay
CHEMBL2026445,2,2,IC50,2012.0,9,,Inhibition of human ERG
CHEMBL4414860,2,2,IC50,2019.0,9,,Inhibition of human ERG by patch clamp assay
CHEMBL3579943,2,2,IC50,2015.0,9,HEK293,Inhibition of human ERG expressed in HEK293 cells assessed as reduction in peak tail current at holding potential of 80 mV to +20 mV by whole cell patch clamp assay
CHEMBL5148609,2,2,Inhibition,2022.0,9,,Inhibition of hERG at 10 uM by patch clamp method relative to control
CHEMBL5142020,2,2,IC50,2022.0,9,,Inhibition of hERG expressed in HEK293 cells by radioligand binding assay
CHEMBL5217822,2,2,Inhibition,2022.0,9,,Inhibition of hERG at 1 uM relative to control
CHEMBL5217823,2,2,Inhibition,2022.0,9,,Inhibition of hERG at 10 uM relative to control
CHEMBL5218154,2,2,IC50,2022.0,9,,Inhibition of hERG
CHEMBL5223507,2,2,IC50,2020.0,9,,Inhibition of hERG
CHEMBL4264667,2,2,IC50,2018.0,9,,Inhibition of human ERG
CHEMBL4265668,2,2,IC50,2018.0,9,,Inhibition of human ERG
CHEMBL2026806,2,2,Inhibition,2011.0,9,HEK293,Displacement of [3H]astemizole from human ERG expressed in HEK293 cells at 10 uM for 60 mins by liquid scintillation counting
CHEMBL2032908,2,2,Ki,2012.0,9,,Binding affinity to human Erg
CHEMBL4235081,2,2,Inhibition,2018.0,9,,Inhibition of human ERG expressed in HEK293 cells at 100 uM
CHEMBL4235947,2,2,IC50,2018.0,9,,Inhibition of human ERG
CHEMBL1959635,2,2,IC50,2012.0,9,HEK293,Inhibition of human Erg expressed in HEK293 cells by patch clamp assay
CHEMBL1960000,2,2,IC50,2012.0,9,CHO-K1,Displacement of [3H]-astemizole from human ERG expressed in CHO-K1 cells membrane
CHEMBL1960174,2,2,Inhibition,2012.0,9,,Inhibition of human ERG at 10 uM
CHEMBL2013364,2,2,IC50,2012.0,9,,Inhibition of human ERG by PatchXpress voltage patch clamp assay
CHEMBL4395863,2,2,Inhibition,2019.0,9,,Inhibition of tracer Red binding to human ERG expressed in membranes at 10 uM after 4 hrs by fluorescence polarization assay relative to control
CHEMBL4396291,2,2,IC50,2019.0,9,CHO,Inhibition of human ERG expressed in CHO cells at -80 mV holding potential by automated patch clamp electrophysiology assay
CHEMBL4396793,2,2,IC50|Inhibition,2019.0,9,HEK293,Inhibition of human ERG in HEK293 cells assessed as effect on QT interval
CHEMBL4397934,2,2,IC50,2019.0,9,CHO,Inhibition of human ERG expressed in CHO cells at -80 mV holding potential measured after 3 mins by QPatch automated patch-clamp assay
CHEMBL4270430,2,2,Inhibition,2018.0,9,,Inhibition of human ERG at 3 uM by patch clamp assay
CHEMBL4270431,2,2,Inhibition,2018.0,9,,Inhibition of human ERG at 10 uM by patch clamp assay
CHEMBL2013640,2,2,IC50,2012.0,9,,Inhibition of human ERG by patchXpress assay
CHEMBL1026571,2,2,IC50,2009.0,9,,Displacement of [3H]dofetilide form human ERG expressed in HEK239 cells
CHEMBL1027669,2,2,Inhibition,2009.0,9,,Inhibition of human ERG channel at 3 uM
CHEMBL890046,2,2,IC50,2007.0,9,,Inhibition of hERG
CHEMBL2019965,2,2,Activity,2011.0,9,CHO,Displacement of [3H]-dofetilide from human ERG expressed in CHO cells by fluorescent polarization assay
CHEMBL895925,2,2,IC50,2007.0,9,,Inhibition of hERG by patch clamp assay
CHEMBL5225845,2,2,Inhibition,2023.0,9,,Inhibition of hERG at 5 uM incubated for 24 hrs by scintillation counter analysis relative to control
CHEMBL4386458,2,2,IC50,2019.0,9,,Inhibition of human ERG expressed in CHOK1 cells assessed as reduction in tail current amplitude by automated patch-clamp method
CHEMBL4329549,2,2,IC50,2019.0,9,CHO,Inhibition of human ERG expressed in CHO cells by patch clamp assay
CHEMBL4329550,2,2,Inhibition,2019.0,9,CHO,Inhibition of human ERG expressed in CHO cells at 1.25 uM by patch clamp assay relative to control
CHEMBL922329,2,2,IC50,2008.0,9,,Inhibition of human ERG channel
CHEMBL907684,2,2,IC50,2006.0,9,HEK293,Inhibition of hERG expressed in HEK cells by whole cell patch clamp assay
CHEMBL912233,2,2,Inhibition,2006.0,9,HEK293,Blockade of current at hERG expressed in HEK293 cells at 3 ug/mL
CHEMBL902576,2,2,IC50,2007.0,9,,Inhibition of hERG channel
CHEMBL903467,2,2,IC50,2007.0,9,,Inhibition of hERG
CHEMBL1954560,2,2,IC50,2012.0,9,,Inhibition of human ERG by electrophysiological assay
CHEMBL4388920,2,2,IC50,2019.0,9,,Inhibition of human ERG by receptor binding assay
CHEMBL4388921,2,2,Inhibition,2019.0,9,,Inhibition of human ERG assessed as inhibition of IKr current at 3 uM by patch express assay
CHEMBL4390915,2,2,IC50,2019.0,9,,Inhibition of human ERG by patch clamp electrophysiology method
CHEMBL4305297,2,2,IC50,2019.0,9,HEK293,Inhibition of human ERG expressed in HEK293 cells at -80 mV holding potential by PatchXpress automated electrophysiology method
CHEMBL1952450,2,2,Ki,2012.0,9,HEK293,Displacement of [3H]dofetilide from human ERG expressed in HEK293 cells
CHEMBL2021018,2,2,IC50,2012.0,9,,Inhibition of human ERG
CHEMBL925077,2,2,IC50,2007.0,9,,Inhibition of hERG
CHEMBL927770,2,2,IC50,2008.0,8,HEK293,Displacement of [35S]MK-499 from ERG expressed in HEK293 cells
CHEMBL928680,2,2,IC50,2008.0,9,,Inhibition of human ERG by automated whole cell electrophysiology
CHEMBL1942962,2,2,IC50,2012.0,9,,Inhibition of human ERG
CHEMBL4312345,2,2,IC50,2019.0,9,CHO,Inhibition of human ERG stably expressed in CHO cells by whole cell patch clamp method
CHEMBL5168419,2,2,IC50,2022.0,9,,Inhibition of human ERG potassium channel transfected in HEK293 cells by whole-cell patch clamp assay
CHEMBL5161214,2,2,IC50,2022.0,9,,Inhibition of human ERG by patch clamp assay
CHEMBL5161391,2,2,Inhibition,2022.0,9,,Displacement of [3H]astemizole from human ERG expressed in HEK293 cell membrane at 10 uM by Radiometric displacement assay relative to control
CHEMBL5154497,2,2,IC50,2022.0,9,,Inhibition of human ERG at -90 mV holding potential
CHEMBL5328741,2,2,IC50,2023.0,9,,Inhibition of hERG in HEK293 cells by whole-cell manual patch clamp technique
CHEMBL5330438,2,2,IC50,2023.0,9,,Inhibition of human ERG by patch clamp assay
CHEMBL5319037,2,2,IC50,2023.0,9,,Inhibition of hERG potassium channel stably expressed in HEK293 cells by whole-cell manual patch-clamp assay
CHEMBL5316803,2,2,Inhibition,2023.0,9,,Inhibition of human ERG at 10 uM
CHEMBL5317031,2,2,IC50,2023.0,9,,Inhibition of human ERG
CHEMBL5238213,2,2,IC50,2022.0,9,,Inhibition of human ERG channel expressed in HEK293 cells clamped at -80 mV stimulated +20 mV for 2 sec followed by repolarized to -50 mV for 5 secs by electrophysiological analysis
CHEMBL5243034,2,2,IC50,2021.0,9,,Inhibition of human ERG mediated tail current in HEK293 cells at 10 uM and measured after 5 to 6 mins at -80 mV holding potential by whole cell patch clamp assay
CHEMBL1937493,2,2,IC50,2012.0,9,,Inhibition of human ERG by patch-express assay
CHEMBL1938176,2,2,IC50,2012.0,9,,Inhibition of human Erg
CHEMBL1925760,2,2,IC50,2011.0,9,,Inhibition of human ERG
CHEMBL934350,2,2,IC50,2008.0,9,,Inhibition of human ERG
CHEMBL1947513,2,2,IC50,2012.0,9,HEK293,Inhibition of human Erg expressed in HEK293 cells by FAST patch clamp analysis
CHEMBL1947795,2,2,Inhibition,2012.0,9,,Inhibition of human ERG
CHEMBL1947928,2,2,Inhibition,2011.0,9,,Inhibition of human Erg at 100 uM
CHEMBL930350,2,2,Inhibition,2008.0,9,,Inhibition of human ERG ion channel at 10 uM by patch clamp assay
CHEMBL4313394,2,2,IC50,2019.0,9,,Inhibition of human ERG incubated for 4 hrs by competitive fluorescence tracer binding based assay
CHEMBL4378054,2,2,IC50,2019.0,9,,Inhibition of human ERG by patch clamp method
CHEMBL4380954,2,2,IC50,2020.0,9,,Inhibition of human ERG by manual patch clamp method
CHEMBL4322944,2,2,IC50,2019.0,9,,Inhibition of human ERG by electrophysiology
CHEMBL4323804,2,2,IC50,2019.0,9,HEK293,Inhibition of human ERG expressed in HEK293 cells at holding potential -80 mV by whole-cell voltage-clamp method
CHEMBL4325511,2,2,IC50,2020.0,9,CHO,Inhibition of human ERG stably expressed in CHO cells at -80 mV by automated Qpatch electrophysiological assay
CHEMBL932292,2,2,IC50,2008.0,9,,Inhibition of human ERG
CHEMBL932572,2,2,Inhibition,2008.0,9,HEK293,Inhibition of human ERG expressed in HEK293 cells at 20 uM
CHEMBL4370899,2,2,EC50,2019.0,9,,Activation of human ERG
CHEMBL4370907,2,2,Inhibition,2019.0,9,,Inhibition of human ERG at 10 uM
CHEMBL4372271,2,2,IC50,2019.0,9,,Inhibition of human ERG by IonWork assay
CHEMBL4359465,2,2,IC50,2020.0,9,HEK293,Inhibition of human ERG expressed in HEK293 cells by patch clamp assay
CHEMBL4360358,2,2,IC50,2019.0,9,CHO,Inhibition of human ERG expressed in CHO cells by Ionworks electrophysiology assay
CHEMBL4339821,2,2,Inhibition,2019.0,9,,Inhibition of human ERG at 10 uM relative to control
CHEMBL1272892,2,2,IC50,2010.0,9,,Inhibition of human ERG by Isotopic flux assay
CHEMBL4373387,2,2,IC50,2019.0,9,HEK293,Inhibition of human ERG expressed in HEK293 cells by Qpatch method
CHEMBL4375018,2,2,Inhibition,2019.0,9,CHO,Inhibition of human ERG expressed in CHO cells at 10 uM after 5 mins by automated whole-cell patch clamp relative to control
CHEMBL4370144,2,2,IC50,2019.0,9,HEK293,Inhibition of human ERG expressed in HEK293 cells at -80 mV holding potential by manual patch clamp assay
CHEMBL4329551,2,2,Inhibition,2019.0,9,CHO,Inhibition of human ERG expressed in CHO cells at 2.5 uM by patch clamp assay relative to control
CHEMBL4329552,2,2,Inhibition,2019.0,9,CHO,Inhibition of human ERG expressed in CHO cells at 5 uM by patch clamp assay relative to control
CHEMBL4329553,2,2,Inhibition,2019.0,9,CHO,Inhibition of human ERG expressed in CHO cells at 10 uM by patch clamp assay relative to control
CHEMBL4329554,2,2,Inhibition,2019.0,9,CHO,Inhibition of human ERG expressed in CHO cells at 20 uM by patch clamp assay relative to control
CHEMBL4329555,2,2,Inhibition,2019.0,9,CHO,Inhibition of human ERG expressed in CHO cells at 40 uM by patch clamp assay relative to control
CHEMBL4331541,2,2,IC50,2019.0,9,CHO,Inhibition of human ERG expressed in CHO cells at -80 mV holding potential after 2.5 mins by Qpatch clamp assay
CHEMBL1837522,2,2,Activity,2011.0,9,,Inhibition of human hERG at 1 uM
CHEMBL1011678,2,2,IC50,2009.0,9,HEK293,Inhibition of human ERG expressed in HEK293 cells by whole cell patch clamp method
CHEMBL1013717,2,2,Inhibition,2008.0,9,,Inhibition of human ERG at 10 uM
CHEMBL958151,2,2,IC50,2008.0,9,CHO-K1,Inhibition of human recombinant ERG in CHOK1 cells
CHEMBL958152,2,2,IC50,2008.0,9,HEK293,Displacement of [3H]dofetilide from human recombinant ERG expressed in HEK293 cells
CHEMBL4358535,2,2,IC50,2020.0,9,,Inhibition of human ERG by Qpatch clamp method
CHEMBL1009664,2,1,IC50,2009.0,9,,Inhibition of human ERG channel
CHEMBL1008907,2,2,IC50,2009.0,9,,Binding affinity to human ERG
CHEMBL4364983,2,2,Ki,2019.0,9,,Displacement of [3H]astemizole from human ERG measured after 60 mins by scintillation counting
CHEMBL947755,2,2,Activity,2008.0,9,,Activity at human ERG
CHEMBL947993,2,2,IC50,2008.0,9,HEK293,Displacement of [3H]dofetilide from human ERG expressed in HEK293 cells
CHEMBL1838399,2,2,Inhibition,2011.0,9,CHO-K1,Inhibition of human ERG expressed in CHO-K1 cells at 100 uM by patch clamp electrophysiological assay relative to control
CHEMBL940933,2,2,IC20,2007.0,9,HEK293,Blockade of hERG channel expressed in HEK293 cells by electrophysiological method
CHEMBL940937,2,2,IC50,2007.0,9,,Inhibition of hERG
CHEMBL940958,2,2,IC50,2007.0,9,HEK293,Inhibition of hERG expressed in HEK cells
CHEMBL941012,2,2,IC50,2007.0,9,,Binding affinity at hERG expressed in human embryonic kidney cells
CHEMBL4834375,2,2,Inhibition,2021.0,9,,Inhibition of human ERG transfected in HEK293 cells at 10 uM incubated for 15 mins by thallium flux based fluorescence analysis relative to control
CHEMBL1120476,2,2,Inhibition,2010.0,9,,Inhibition of human ERG assessed as rubidium efflux at 5 ug/ml
CHEMBL1116644,2,2,Inhibition,2009.0,9,,Inhibition of human ERG current at 1 uM
CHEMBL3855039,2,2,IC50,2016.0,9,,Inhibition of human ERG
CHEMBL3855376,2,2,IC50,2016.0,9,CHO,Inhibition of human ERG expressed in CHO cells assessed as potassium tail current measured at -40 mV holding potential after 3 mins by QPatch clamp assay
CHEMBL3810690,2,2,IC50,2016.0,9,CHO,Inhibition of human ERG expressed in CHO cells by patch clamp assay
CHEMBL3813477,2,2,IC50,2016.0,9,,Inhibition of human ERG
CHEMBL4836570,2,2,IC50,2021.0,9,,Inhibition of human ERG
CHEMBL4831757,2,2,Activity,2021.0,9,,Inhibition of human ERG
CHEMBL4832311,2,2,Ratio IC50,2021.0,9,,"Safety index, ratio of test compound IC50 to E-4031 IC50 for inhibition of human ERG incubated for 3 hrs by competitive fluorescence tracer binding based assay"
CHEMBL1013741,2,2,IC50,2008.0,9,,Inhibition of human ERG binding
CHEMBL973619,2,2,IC50,2008.0,9,CHO,Inhibition of human ERG expressed in CHO cells by Patch clamp assay
CHEMBL950337,2,2,IC50|Ki,2008.0,9,,Displacement of [3H]dofetilide from human ERG channel
CHEMBL943380,2,2,EC50,2008.0,9,,Inhibition of human ERG by patch-clamp assay
CHEMBL1920312,2,2,IC50,2011.0,9,,Displacement of [3H]astemizole from human ERG
CHEMBL1920313,2,2,Inhibition,2011.0,9,,Inhibition of human ERG at 3 uM by patch clamp assay
CHEMBL1011666,1,1,Activity,2009.0,9,HEK293,Binding affinity to wild-type human ERG expressed in HEK293 cells assessed as blockade of membrane current at 0.02 uM by whole cell patch clamp method
CHEMBL1006977,1,1,ED50,2009.0,9,,Inhibition of human ERG
CHEMBL1007876,1,1,IC50,2009.0,9,,Inhibition of human ERG by patch clamp method
CHEMBL1008798,1,1,IC50,2008.0,9,,Inhibition of human ERG
CHEMBL1009827,1,1,IC50,2009.0,9,,Displacement of [3H]dofetilide from human ERG receptor by FLIPR method
CHEMBL1010854,1,1,IC20,2009.0,9,,Inhibition of human ERG receptor
CHEMBL982875,1,1,Inhibition,2008.0,9,HEK293,Inhibition of human ERG potassium channel expressed in HEK293 cell membrane at 3 uM by voltage clamp assay
CHEMBL993087,1,1,Activity,2009.0,9,,Displacement of [3H]dofetilide from human ERG channel at 10 nM
CHEMBL990785,1,1,Activity,2008.0,9,,Inhibition of human ERG
CHEMBL967819,1,1,IC50,2009.0,9,,Inhibition of human ERG channel
CHEMBL967818,1,1,Ki,2009.0,9,,Displacement of [3H]dofetilide from human ERG channel
CHEMBL1837926,1,1,Inhibition,2011.0,9,HEK293,Inhibition of human ERG expressed in HEK293 cells assessed as inhibition of membrane K+ current IKr at 3 uM after 5 mins by patch clamp assay (Rvb = 18%)
CHEMBL1838314,1,1,Ki,2011.0,9,HEK293,Displacement of [3H]-dofetilide from human ERG channel expressed in HEK293 by scintillation counting
CHEMBL1015312,1,1,Activity,2009.0,9,,Binding affinity to human ERG
CHEMBL985007,1,1,Ki,2009.0,9,,Binding affinity to human ERG
CHEMBL985480,1,1,Inhibition,2008.0,9,,Inhibition of human ERG at 10 uM
CHEMBL987763,1,1,Inhibition,2009.0,9,,Inhibition of human ERG at 10 uM by patch clamp technique
CHEMBL953428,1,1,Inhibition,2008.0,9,,Inhibition of human ERG at 10 uM
CHEMBL953566,1,1,IC50,2009.0,9,,Inhibition of human ERG by patch-clamp technique
CHEMBL957054,1,1,Activity,2009.0,9,,Inhibition of human ERG
CHEMBL944218,1,1,IC50,2008.0,9,,Inhibition of human ERG
CHEMBL1839401,1,1,Inhibition,2011.0,9,,Inhibition of human ERG at 10 uM by patch clamp assay
CHEMBL1839780,1,1,Inhibition,2011.0,9,,Binding affinity to human ERG at 10 uM by radioligand binding assay
CHEMBL1912915,1,1,Inhibition,2011.0,9,,Inhibition of human ERG
CHEMBL1913068,1,1,IC50,2011.0,9,,Inhibition of human ERG by flux assay
CHEMBL1913329,1,1,Inhibition,2011.0,9,,Inhibition of human ERG
CHEMBL1913479,1,1,Inhibition,2011.0,9,HEK293,Inhibition of human ERG expressed in HEK293 cells at 10 uM
CHEMBL4339703,1,1,Inhibition,2019.0,9,,Displacement of [3H]dofetilide from human ERG at 10 uM
CHEMBL4339726,1,1,Inhibition,2019.0,9,,Inhibition of human ERG at 30 uM by manual patch-clamp assay relative to control
CHEMBL1272885,1,1,Inhibition,2010.0,9,,Inhibition of human ERG at 10 uM
CHEMBL1219614,1,1,Inhibition,2010.0,9,,Inhibition of human ERG
CHEMBL4343474,1,1,IC50,2020.0,9,,Inhibition of human ERG
CHEMBL4344564,1,1,Inhibition,2020.0,9,,Inhibition of human ERG stably expressed in CHOK1 cells assessed as tail current amplitude at 0.1 to 10 uM incubated for 5 mins measured after deploarization to +20 mV for 2s followed by 1s pulse to -40 mV with holding potential of -80 mV by Qpatch clamp assay
CHEMBL4345274,1,1,IC50,2020.0,9,,Inhibition of human ERG
CHEMBL4349959,1,1,Inhibition,2019.0,9,,Inhibition of human ERG at 30 uM by patch-clamp assay
CHEMBL4352779,1,1,IC50,2019.0,9,,Inhibition of human ERG
CHEMBL4332175,1,1,Inhibition,2019.0,9,,Inhibition of human ERG at 10 uM relative to control
CHEMBL4332944,1,1,IC50,2019.0,9,,Binding affinity to human ERG
CHEMBL4333871,1,1,IC50,2019.0,9,,Inhibition of human ERG by patch clamp method
CHEMBL4338991,1,1,IC50,2020.0,9,HEK293,Inhibition of human ERG expressed in human HEK293 cells by patch clamp assay
CHEMBL4339001,1,1,IC50,2020.0,9,,Inhibition of human ERG by competitive fluorescence polarization assay
CHEMBL4360771,1,1,INH,2019.0,9,,Inhibition of human ERG expressed in CHOK1 cells by patch clamp assay
CHEMBL4367395,1,1,Inhibition,2019.0,9,,Inhibition of human ERG (1159 residues) expressed in CHOK1 cells at 7.3 uM at -80 mV holding potential measured after 5 mins by QPatch electrophysiology method
CHEMBL4375127,1,1,Inhibition,2019.0,9,,Inhibition of human ERG at 10 uM by patch-clamp assay relative to control
CHEMBL4375128,1,1,Inhibition,2019.0,9,,Inhibition of human ERG by patch-clamp assay
CHEMBL4375410,1,1,IC50,2019.0,9,CHO-K1,Inhibition of human ERG expressed in CHO-K1 cells at -80 mV holding potential by IonWorks barracuda automated electrophysiology method
CHEMBL4369981,1,1,IC50,2019.0,9,,Inhibition of human ERG by fluorescence polarization assay
CHEMBL4341371,1,1,Inhibition,2019.0,9,,Inhibition of human ERG at 0.3 uM relative to control
CHEMBL4341372,1,1,Inhibition,2019.0,9,,Inhibition of human ERG at 3 uM relative to control
CHEMBL4329737,1,1,Inhibition,2018.0,9,,Inhibition of human ERG at 10 uM by whole-cell patch clamp method relative to control
CHEMBL4329738,1,1,Inhibition,2018.0,9,,Inhibition of human ERG at 30 uM by whole-cell patch clamp method relative to control
CHEMBL4329869,1,1,IC50,2018.0,9,,Inhibition of iKr (unknown origin)
CHEMBL4370169,1,1,IC50,2019.0,9,,Inhibition of human ERG
CHEMBL4370260,1,1,IC50,2019.0,9,HEK293,Inhibition of human ERG expressed in HEK293 cells by whole-cell patch clamp assay
CHEMBL4370906,1,1,IC50,2019.0,9,,Inhibition of human ERG
CHEMBL4371269,1,1,Inhibition,2018.0,9,,Inhibition of fluorescently tagged predictor tracer binding to human ERG expressed in T-REx-293 cell membranes at 100 uM after 2 to 6 hrs by fluorescence polarisation assay relative to control
CHEMBL4372348,1,1,IC50,2019.0,9,,Displacement of Tracer Red from human ERG by fluorescence polarization assay
CHEMBL4360329,1,1,IC50,2019.0,9,,Inhibition of human ERG by patch clamp method
CHEMBL4339061,1,1,IC50,2020.0,9,,Inhibition of human ERG by electrophysiology analysis
CHEMBL4381400,1,1,Inhibition,2020.0,9,HEK293,Inhibition of human ERG expressed in HEK293 cells assessed as reduction in channel tail current at 10 uM by whole cell patch clamp assay relative to control
CHEMBL4381401,1,1,Inhibition,2020.0,9,HEK293,Inhibition of human ERG expressed in HEK293 cells assessed as reduction in channel tail current at 30 uM by whole cell patch clamp assay relative to control
CHEMBL4373077,1,1,Inhibition,2019.0,9,,Inhibition of human ERG expressed in HEK cell at 1 uM at -70 mV holding potential by patch clamp method relative to control
CHEMBL4331822,1,1,IC50,2019.0,9,,Inhibition of human ERG after 4 hrs by fluorescence polarization assay
CHEMBL4332023,1,1,IC50,2019.0,9,HEK293,Inhibition of recombinant human ERG expressed in HEK293 cells at -80 mV holding potential by automated voltage-clamp assay
CHEMBL4332123,1,1,IC50,2019.0,9,,Inhibition of human ERG by automated patch clamp method
CHEMBL4322262,1,1,Ki,2019.0,9,HEK293,Inhibition of human ERG expressed in HEK293 cells at -80 mV holding potential by whole cell patch clamp method
CHEMBL4322978,1,1,Inhibition,2019.0,9,,Inhibition of human ERG at 3 uM at -80 mV holding potential by automated Qpatch clamp assay relative to control
CHEMBL4322979,1,1,IC50,2019.0,9,,Inhibition of human ERG at -80 mV holding potential by automated Qpatch clamp assay
CHEMBL4323948,1,1,IC50,2019.0,9,,Inhibition of human ERG
CHEMBL4324787,1,1,IC50,2019.0,9,,Inhibition of human ERG
CHEMBL4325470,1,1,IC50,2020.0,9,,Inhibition of human ERG
CHEMBL4325661,1,1,IC50,2020.0,9,,Inhibition of human ERG by Qpatch automatic patch-clamp assays
CHEMBL4326442,1,1,Inhibition,2018.0,9,,Inhibition of human ERG at 25 uM
CHEMBL4373191,1,1,Inhibition,2019.0,9,HEK293,Displacement of [3H]Astemizole from full length recombinant human ERG expressed in HEK293 cell membranes at 1 uM after 60 mins by scintillation counting method relative to control
CHEMBL4375019,1,1,IC50,2019.0,9,,Inhibition of human ERG
CHEMBL4312798,1,1,IC50,2019.0,9,CHO-K1,Inhibition of human ERG expressed in CHO-K1 cells by automated Patch Clamp method
CHEMBL4314369,1,1,Inhibition,2019.0,9,,Inhibition of human ERG at 10 uM by automated patch-clamp assay relative to control
CHEMBL4314370,1,1,Inhibition,2019.0,9,,Inhibition of human ERG at 1 uM by automated patch-clamp assay relative to control
CHEMBL4314371,1,1,Inhibition,2019.0,9,,Inhibition of human ERG at 0.1 uM by automated patch-clamp assay relative to control
CHEMBL4315150,1,1,IC50,2019.0,9,,Binding affinity to human ERG
CHEMBL4316427,1,1,Inhibition,2020.0,9,,Inhibition of human ERG at 10'-6 M relative to control
CHEMBL4317027,1,1,IC50,2019.0,9,HEK293,Inhibition of human ERG expressed in HEK293 cells after 5 mins by patch clamp assay
CHEMBL4377416,1,1,Inhibition,2019.0,9,,Inhibition of human ERG at 10 uM by patch-clamp assay relative to control
CHEMBL4378053,1,1,IC50,2019.0,9,,Inhibition of human ERG by binding assay
CHEMBL4378163,1,1,IC50,2019.0,9,,Inhibition of human ERG
CHEMBL4378214,1,1,Inhibition,2019.0,9,,Inhibition of human ERG by electrophysiology based assay
CHEMBL4380541,1,1,IC50,2020.0,9,,Inhibition of human ERG
CHEMBL4381375,1,1,IC50,2020.0,9,,Inhibition of human ERG
CHEMBL4381397,1,1,Inhibition,2020.0,9,HEK293,Inhibition of human ERG expressed in HEK293 cells assessed as reduction in channel tail current at 0.3 uM by whole cell patch clamp assay relative to control
CHEMBL4381398,1,1,Inhibition,2020.0,9,HEK293,Inhibition of human ERG expressed in HEK293 cells assessed as reduction in channel tail current at 1 uM by whole cell patch clamp assay relative to control
CHEMBL4381399,1,1,Inhibition,2020.0,9,HEK293,Inhibition of human ERG expressed in HEK293 cells assessed as reduction in channel tail current at 3 uM by whole cell patch clamp assay relative to control
CHEMBL4394871,1,1,Inhibition,2019.0,9,,Inhibition of tracer Red binding to human ERG expressed in membranes up to 10 uM after 3 hrs by fluorescence polarization assay
CHEMBL4276442,1,1,Inhibition,2018.0,9,,Binding affinity to human ERG expressed in CHO cell membranes at 10 uM by radioligand displacement assay
CHEMBL4305872,1,1,IC50,2019.0,9,CHO,Inhibition of human ERG expressed in CHO cells at - 80 mV holding potential by Q-patch clamp electrophysiology assay
CHEMBL4307038,1,1,Inhibition,2019.0,9,HEK293,Inhibition of human ERG expressed in HEK293 cells at 3 uM at - 40 mV holding potential by whole cell patch clamp assay relative to control
CHEMBL4307167,1,1,IC50,2019.0,9,CHO-K1,Inhibition of human ERG expressed in CHO-K1 cells by whole-cell patch clamp assay
CHEMBL4309099,1,1,Inhibition,2018.0,9,HEK293,Inhibition of human ERG expressed in HEK293 cells up to 30 uM at -80 mV holding potential by whole-cell patch clamp assay
CHEMBL4309890,1,1,IC20,2018.0,9,,Inhibition of human ERG
CHEMBL4383328,1,1,IC50,2018.0,9,,Displacement of [3H]-Dofetilide from recombinant human ERG after 60 mins by scintillation counting analysis
CHEMBL4383351,1,1,Inhibition,2018.0,9,,Displacement of [3H]-Dofetilide from recombinant human ERG at 10 uM after 60 mins by scintillation counting analysis relative to control
CHEMBL4383595,1,1,IC50,2018.0,9,HEK293,Inhibition of human ERG expressed in HEK293 cells by whole-cell patch clamp assay
CHEMBL4385124,1,1,IC50,2018.0,9,CHO,Inhibition of human ERG expressed in CHO cells after 75 mins by fluorescence polarization assay
CHEMBL4385345,1,1,Inhibition,2019.0,9,,Inhibition of human ERG
CHEMBL4385794,1,1,IC50,2019.0,9,CHO,Inhibition of human ERG expressed in CHO cells by patch clamp assay
CHEMBL4388195,1,1,Inhibition,2019.0,9,HEK293,Displacement of [3H]dofetilide from full-length recombinant human ERG receptor expressed in HEK293 cells at 10 uM measured after 60 mins by scintillation counting method relative to control
CHEMBL4312578,1,1,IC50,2019.0,9,,Inhibition of human ERG expressed in mammalian expression system by Q-patch clamp electrophysiology method
CHEMBL4312674,1,1,Activity,2019.0,9,,Activity at human ERG at 10 uM
CHEMBL4396476,1,1,Inhibition,2019.0,9,CHO,Inhibition of human ERG expressed in CHO cells at 0.1 uM incubated for 1 min at -80 mV holding potential by manual patch clamp assay relative to control
CHEMBL4397249,1,1,IC50,2019.0,9,,Inhibition of human ERG
CHEMBL4401550,1,1,IC50,2019.0,9,,Inhibition of human ERG
CHEMBL4401938,1,1,Inhibition,2019.0,9,,Displacement of [3H]astemizole from human ERG at 10 uM
CHEMBL4402251,1,1,Inhibition,2019.0,9,,Inhibition of human ERG up to 30000 nM by electrophysiology method
CHEMBL4272648,1,1,IC50,2018.0,9,,Inhibition of human ERG expressed in HEK293 cells at -80 holding potential by whole patch clamp assay
CHEMBL4272649,1,1,IC50,2018.0,9,,Inhibition of [3H]-dofetilide binding to human ERG expressed in HEK293 cell membranes after 1 hr by scintillation proximity assay
CHEMBL4274732,1,1,IC50,2018.0,9,,Displacement of [3H]-astemizole from human ERG expressed in HEK293 cell membranes after 1 hr by microbeta counting method
CHEMBL4275853,1,1,IC50,2018.0,9,,Inhibition of human ERG expressed in CHO cells at -80 mV holding potential by whole-cell patch clamp method
CHEMBL4276288,1,1,IC50,2018.0,9,,Inhibition of human ERG
CHEMBL4262357,1,1,Inhibition,2017.0,9,,Inhibition of human ERG expressed in CHO cells by automated patch clamp method
CHEMBL4392583,1,1,IC50,2019.0,9,,Inhibition of human ERG
CHEMBL4392960,1,1,Inhibition,2019.0,9,,Inhibition of human ERG at 33 uM relative to control
CHEMBL4394243,1,1,IC50,2019.0,9,,Inhibition of human ERG by patch clamp method
CHEMBL4394767,1,1,Inhibition,2019.0,9,,Inhibition of human ERG (unknown origin) at >= 30 uM by Q-patch assay
CHEMBL4394868,1,1,IC50,2019.0,9,,Inhibition of tracer Red binding to human ERG expressed in membranes after 3 hrs by fluorescence polarization assay
CHEMBL4262602,1,1,IC50,2017.0,9,,Inhibition of human ERG expressed in HEK293 cells at -80 mV holding potential by PatchXpress automated electrophysiology method
CHEMBL4263504,1,1,Inhibition,2018.0,9,,Displacement of [3H]-dofetilide from human ERG expressed in HEK cells at 10 uM after 90 mins by microbeta scintillation counting method
CHEMBL4264707,1,1,Inhibition,2018.0,9,,Inhibition of human ERG at 10 uM relative to control
CHEMBL4264708,1,1,Inhibition,2018.0,9,,Inhibition of human ERG
CHEMBL4265236,1,1,IC50,2018.0,9,,Inhibition of human ERG by patch-clamp assay
CHEMBL4266337,1,1,IC50,2017.0,9,,Inhibition of human ERG
CHEMBL4267134,1,1,IC50,2018.0,9,,Inhibition of human ERG
CHEMBL4268622,1,1,Inhibition,2018.0,9,,Inhibition of human ERG at 10 uM relative to control
CHEMBL4268943,1,1,Inhibition,2018.0,9,,Inhibition of human ERG at 50 uM
CHEMBL4269040,1,1,Inhibition,2018.0,9,,Inhibition of human ERG
CHEMBL4254554,1,1,IC50,2018.0,9,,Inhibition of human ERG expressed in CHO-K1 cells assessed as reduction in tail current amplitude at -80 mV holding potential after 2 mins by path clamp assay
CHEMBL4410921,1,1,IC50,2019.0,9,HEK293,Inhibition of human ERG expressed in HEK293 cells by voltage patch clamp assay
CHEMBL4410995,1,1,IC50,2019.0,9,HEK293,Inhibition of human ERG stably expressed in HEK293 cells measured at holding potential of -90 mV by manual patch clamp assay
CHEMBL4395516,1,1,IC50,2019.0,9,,Inhibition of fluorescently labeled tracer binding to human ERG by competitive binding assay
CHEMBL4395520,1,1,Inhibition,2019.0,9,,Inhibition of fluorescently labeled tracer binding to human ERG at 200 uM by competitive binding assay
CHEMBL4396475,1,1,IC50,2019.0,9,CHO,Inhibition of human ERG expressed in CHO cells incubated for 1 min at -80 mV holding potential by manual patch clamp assay
CHEMBL4251790,1,1,IC50,2017.0,9,,Inhibition of human ERG expressed in CHOK1 cells by QPatch automated patch-clamp method
CHEMBL4223041,1,1,Inhibition,2018.0,9,,Inhibition of human ERG up to 10 uM
CHEMBL4223310,1,1,Inhibition,2018.0,9,,Inhibition of human ERG
CHEMBL4255795,1,1,Activity,2018.0,9,,Activity at human ERG
CHEMBL4256617,1,1,Inhibition,2018.0,9,,Inhibition of human ERG at 10 uM by automated voltage clamp method relative to control
CHEMBL4260386,1,1,IC50,2018.0,9,,Inhibition of human ERG expressed in HEK293 cells by manual patch clamp assay
CHEMBL4260564,1,1,Inhibition,2018.0,9,,Inhibition of human ERG at 10 uM by patch clamp assay relative to control
CHEMBL4260964,1,1,IC50,2018.0,9,,Inhibition of human ERG
CHEMBL4234954,1,1,IC50,2018.0,9,,Inhibition of human ERG after 4 hrs by fluorescence polarization assay
CHEMBL4415570,1,1,Inhibition,2019.0,9,,Inhibition of human ERG at 40 uM by automatic patch clamp method
CHEMBL4404697,1,1,IC50,2020.0,9,CHO,Inhibition of human ERG expressed in CHO cells by automated patch clamp electrophysiology
CHEMBL4405100,1,1,Inhibition,2020.0,9,,Inhibition of human ERG at 40 uM by Qpatch automatic patch clamp method
CHEMBL4405759,1,1,IC50,2020.0,9,HEK293,Inhibition of human ERG expressed in human HEK293 cells by whole cell patch clamp assay
CHEMBL4405959,1,1,IC50,2020.0,9,,Inhibition of human ERG
CHEMBL4406929,1,1,IC50,2019.0,9,,Inhibition of human ERG by high throughput automated patch clamp method
CHEMBL4407146,1,1,Inhibition,2019.0,9,,Inhibition of human ERG at 10 uM by patch clamp method
CHEMBL4416532,1,1,Inhibition,2019.0,9,,Inhibition of human ERG at 10 uM relative to control
CHEMBL4416704,1,1,Inhibition,2019.0,9,HEK293,Inhibition of human ERG transfected in human HEK293 cell membrane by liquid scintillation counting method
CHEMBL4416893,1,1,Inhibition,2019.0,9,,Inhibition of human ERG
CHEMBL4421204,1,1,Inhibition,2017.0,9,,Inhibition of human ERG
CHEMBL4421243,1,1,Inhibition,2018.0,9,,Inhibition of human ERG at 10 uM relative to control
CHEMBL4426267,1,1,IC50,2016.0,9,,Inhibition of human ERG by patch clamp method
CHEMBL4427261,1,1,IC50,2016.0,9,,Inhibition of human ERG
CHEMBL4427621,1,1,Inhibition,2016.0,9,,Inhibition of human ERG at 10 uM relative to control
CHEMBL4412447,1,1,IC50,2019.0,9,,Inhibition of human ERG by automated patch clamp electrophysiology assay
CHEMBL4412518,1,1,IC50,2019.0,9,,Binding affinity to human ERG by fluorescence polarization assay
CHEMBL4413488,1,1,IC50,2019.0,9,,Inhibition of human ERG
CHEMBL4414110,1,1,IC50,2019.0,9,,Inhibition of human ERG
CHEMBL4235148,1,1,Inhibition,2018.0,9,,Inhibition of human ERG up to 50 uM
CHEMBL4235817,1,1,Inhibition,2018.0,9,,Inhibition of human ERG in presence of BSA
CHEMBL4235818,1,1,Inhibition,2018.0,9,,Inhibition of human ERG in absence of BSA
CHEMBL4236595,1,1,Inhibition,2018.0,9,,Inhibition of human ERG by patch clamp assay
CHEMBL4429410,1,1,Inhibition,2016.0,9,,Inhibition of human ERG at 10 uM by patch clamp assay
CHEMBL4429473,1,1,IC50,2016.0,9,,Inhibition of human ERG by patch clamp assay
CHEMBL4429890,1,1,IC50,2016.0,9,HEK293,Inhibition of human ERG channel expressed in HEK293 cells by patch clamp assay
CHEMBL4224591,1,1,IC50,2018.0,9,,Inhibition of human ERG expressed in CHO cells using -80 mV holding potential measured after 3 mins
CHEMBL4231472,1,1,Inhibition,2018.0,9,,Inhibition of human ERG at 50 uM
CHEMBL1275154,1,1,Ki,2010.0,9,HEK293,Inhibition of human ERG channel expressed in HEK293 cells by patch clamp assay
CHEMBL1247037,1,1,IC50,2010.0,9,,Inhibition of human ERG by patch clamp technique
CHEMBL1247719,1,1,Inhibition,2010.0,9,,Inhibition of human ERG at 30 uM
CHEMBL1247720,1,1,IC50,2010.0,9,,Inhibition of human ERG
CHEMBL1247721,1,1,Inhibition,2010.0,9,,Inhibition of human ERG at 30 uM by patch clamp method
CHEMBL1247722,1,1,IC50,2010.0,9,,Inhibition of human ERG by patch clamp method
CHEMBL1251106,1,1,Inhibition,2010.0,9,,Inhibition of human ERG at 30 uM
CHEMBL1261328,1,1,Activity,2010.0,9,,Inhibition of human ERG at 2 uM
CHEMBL4431080,1,1,Inhibition,2016.0,9,HEK293,Inhibition of human ERG expressed in HEK293 cells at 0.3 uM by thallium flux assay
CHEMBL4431081,1,1,Inhibition,2016.0,9,HEK293,Inhibition of human ERG expressed in HEK293 cells at 10 uM by thallium flux assay
CHEMBL4431163,1,1,IC50,2016.0,9,CHO,Inhibition of human ERG expressed in CHO cells by patch clamp assay
CHEMBL4197809,1,1,IC50,2018.0,9,,Inhibition of human ERG expressed in CHO cells after 4 mins at -80 mV holding potential by Qpatch assay
CHEMBL4199524,1,1,IC50,2018.0,9,,Inhibition of human ERG expressed in CHO cells by ionworks patch clamp assay
CHEMBL4199858,1,1,IC50,2018.0,9,,Inhibition of recombinant human ERG expressed in CHO cells by automated whole cell patch clamp Qpatch method
CHEMBL4199993,1,1,Inhibition,2018.0,9,,Inhibition of human ERG at 600 nM by voltage clamp method relative to control
CHEMBL4189989,1,1,IC50,2018.0,9,,Inhibition of human ERG
CHEMBL1261329,1,1,Activity,2010.0,9,,Inhibition of human ERG by electrophysiology assay
CHEMBL4233917,1,1,Inhibition,2018.0,9,,Inhibition of human ERG at 100 uM relative to control
CHEMBL4200933,1,1,IC50,2018.0,9,,Inhibition of human ERG expressed in CHO cells by automated patch clamp assay
CHEMBL4201699,1,1,IC50,2018.0,9,,Inhibition of human ERG
CHEMBL4221371,1,1,IC50,2018.0,9,,Inhibition of human ERG assessed as prolongation of QT interval
CHEMBL1211970,1,1,Ki,2010.0,9,,Binding affinity to human ERG
CHEMBL1212048,1,1,IC50,2010.0,9,,Inhibition of human ERG
CHEMBL1217440,1,1,Inhibition,2010.0,9,,Inhibition of human ERG
CHEMBL4478365,1,1,IC50,2016.0,9,,Inhibition of human ERG
CHEMBL4478499,1,1,IC50,2016.0,9,,Inhibition of human ERG
CHEMBL4428776,1,1,IC50,2016.0,9,HEK293,Inhibition of human ERG channel expressed in HEK293 cells by patch-clamp assay
CHEMBL4603260,1,1,IC50,2020.0,9,,Inhibition of human ERG
CHEMBL4604692,1,1,IC50,2020.0,9,HEK293,Inhibition of recombinant human ERG expressed in HEK293 at -80 mV holding potential by whole-cell patch clamp method
CHEMBL4605419,1,1,EC50,2020.0,9,,Inhibition of human ERG by patch clamp assay
CHEMBL4432005,1,1,IC50,2016.0,9,,Inhibition of human ERG in membranes incubated for 2 hrs by fluorescence polarization assay
CHEMBL4432076,1,1,IC50,2016.0,9,,Inhibition of human ERG channel
CHEMBL4432123,1,1,IC20,2016.0,9,,Inhibition of human ERG
CHEMBL4432866,1,1,IC50,2016.0,9,HEK293,Inhibition of human ERG expressed in HEK293 cells by whole cell patch clamp assay
CHEMBL4433272,1,1,Ki,2017.0,9,HEK293,Displacement of [3H]Dofetilide from human ERG human expressed in HEK293 cells incubated for 45 mins
CHEMBL4433274,1,1,Ki,2017.0,9,,Displacement of [3H]Dofetilide from human ERG human
CHEMBL4433754,1,1,IC50,2019.0,9,,Inhibition of human ERG after 2 hrs by fluorescence polarization assay
CHEMBL1246028,1,1,Inhibition,2010.0,9,,Inhibition of human ERG up to 10 uM
CHEMBL1176445,1,1,Inhibition,2010.0,9,,Inhibition of human ERG
CHEMBL1176475,1,1,Inhibition,2010.0,9,,Inhibition of human ERG at 15 uM by patch clamp assay
CHEMBL1176476,1,1,Inhibition,2010.0,9,,Inhibition of human ERG at 30 uM by patch clamp assay
CHEMBL1211955,1,1,Inhibition,2010.0,9,,Inhibition of human ERG at 3 uM
CHEMBL4197061,1,1,IC50,2018.0,9,,Inhibition of human ERG expressed in CHO cells at -80 mV holding potential by automated Q-patch method
CHEMBL4605767,1,1,Activity,2020.0,9,,Binding affinity to human ERG
CHEMBL4606315,1,1,Inhibition,2020.0,9,,Inhibition of human ERG by Qpatch method
CHEMBL4606454,1,1,Activity,2020.0,9,,Binding affinity to human ERG at 30 uM
CHEMBL4610765,1,1,Inhibition,2020.0,9,,Inhibition of human ERG at 10 uM relative to control
CHEMBL4479655,1,1,Inhibition,2016.0,9,,Inhibition of human ERG
CHEMBL4190643,1,1,IC50,2016.0,9,,Inhibition of human ERG
CHEMBL4190649,1,1,Ki,2016.0,9,,Inhibition of dofetilide binding to human ERG
CHEMBL4193761,1,1,Inhibition,2017.0,9,,Inhibition of human ERG at 3 uM relative to control
CHEMBL4193762,1,1,Inhibition,2017.0,9,,Inhibition of human ERG at 10 uM relative to control
CHEMBL4195682,1,1,Inhibition,2018.0,9,,Inhibition of human ERG at a holding potential of -80 mV at 10 uM by automated patch clamp electrophysiology method
CHEMBL4184448,1,1,Inhibition,2018.0,9,,Inhibition of human ERG at 30 uM by patch-clamp method relative to control
CHEMBL4184510,1,1,Inhibition,2018.0,9,,Displacement of [3H] astemizole from full length human recombinant ERG receptor expressed in HEK293 cell membranes at 10 uM after 60 mins by scintillation counting method
CHEMBL4184691,1,1,Inhibition,2018.0,9,,Inhibition of human ERG expressed in HEK293 cells at 30 nM at holding potential of -80 mV by whole cell patch clamp assay relative to control
CHEMBL4480014,1,1,IC50,2016.0,9,,Inhibition of human ERG channel by automated patch clamp assay
CHEMBL4481135,1,1,IC50,2019.0,9,,Inhibition of human ERG by patch clamp assay
CHEMBL4481431,1,1,Inhibition,2019.0,9,,Inhibition of human ERG at 30 uM relative to control
CHEMBL4179915,1,1,IC50,2017.0,9,,Inhibition of human ERG by PatchXpress electrophysiology method
CHEMBL4179916,1,1,Ki,2017.0,9,,Displacement of [3H]Dofetilide from recombinant human ERG after 60 mins by scintillation counting method
CHEMBL4180611,1,1,IC50,2017.0,9,,Inhibition of human ERG
CHEMBL4181782,1,1,IC50,2017.0,9,,Inhibition of human ERG by patch clamp method
CHEMBL4181793,1,1,Inhibition,2017.0,9,,Inhibition of human ERG expressed in CHOK1 cells at 10 uM by IonWorks assay relative to control
CHEMBL4184694,1,1,Inhibition,2018.0,9,,Inhibition of human ERG expressed in HEK293 cells by patch clamp assay
CHEMBL4184989,1,1,Inhibition,2018.0,9,,Inhibition of human ERG
CHEMBL4186479,1,1,Inhibition,2018.0,9,,Displacement of [3H]-Dofetilide from recombinant human ERG at 10 uM after 60 mins by scintillation counting analysis relative to control
CHEMBL4187023,1,1,Activity,2018.0,9,,Displacement of [3H]-astemizole from human ERG up to 10 uM
CHEMBL1292190,1,1,IC50,2010.0,9,,Inhibition of human ERG by flux assay
CHEMBL1272988,1,1,IC50,2010.0,9,,Inhibition of human ERG
CHEMBL1273133,1,1,IC50,2010.0,9,,Inhibition of human ERG channel
CHEMBL1273561,1,1,IC50,2010.0,9,,Inhibition of human ERG
CHEMBL1274055,1,1,Ki,2010.0,9,,Displacement of [3H]dofetilide from human ERG
CHEMBL1274956,1,1,Inhibition,2010.0,9,,Inhibition of human ERG at 50 uM
CHEMBL4605568,1,1,IC50,2020.0,9,,Inhibition of human ERG by manual patch clamp assay
CHEMBL4619034,1,1,IC50,2020.0,9,CHO-K1,Inhibition of human ERG expressed in CHO-K1 cells by automated Qpatch-clamp assay
CHEMBL4181845,1,1,IC50,2017.0,9,,Inhibition of human ERG
CHEMBL4182620,1,1,Inhibition,2018.0,9,,Inhibition of human ERG
CHEMBL4183048,1,1,Inhibition,2018.0,9,,Inhibition of human ERG transfected in CHO cells at 10 uM by patch clamp method relative to control
CHEMBL4146384,1,1,Inhibition,2018.0,9,,Displacement of [3H]Dofetilide from recombinant human ERG at 1 uM after 60 mins by scintillation counting relative to control
CHEMBL4149408,1,1,IC50,2018.0,9,,Inhibition of human ERG
CHEMBL4153192,1,1,Activity,2018.0,9,,Displacement of [3H]Dofetilide from human ERG at 10 uM after 60 mins by scintillation counting analysis relative to control
CHEMBL4158814,1,1,Inhibition,2018.0,9,,Inhibition of human ERG up to 10 uM
CHEMBL4611435,1,1,IC50,2020.0,9,,Inhibition of human ERG
CHEMBL4612636,1,1,Activity,2020.0,9,,Binding affinity to human ERG at 30 uM
CHEMBL4612985,1,1,Inhibition,2020.0,9,,Inhibition of human ERG at 300 uM relative to control
CHEMBL4613091,1,1,IC50,2020.0,9,,Inhibition of human ERG by manual patch clamp assay
CHEMBL4613092,1,1,IC50,2020.0,9,,Inhibition of human ERG by GLP based assay
CHEMBL4613179,1,1,IC50,2020.0,9,,Inhibition of human ERG
CHEMBL4615095,1,1,Inhibition,2020.0,9,,Inhibition of human ERG at 10 uM relative to control
CHEMBL4178751,1,1,Inhibition,2017.0,9,,Inhibition of human ERG expressed in HEK293 cells at 60 uM by patch clamp method relative to control
CHEMBL4619282,1,1,IC50,2020.0,9,,Inhibition of human ERG
CHEMBL4619543,1,1,IC50,2020.0,9,HEK293,Inhibition of human ERG expressed in HEK293 cells measured after 10 mins by manual patch clamp electrophysiology method
CHEMBL4619544,1,1,IC50,2020.0,9,CHO-K1,Inhibition of human ERG expressed in CHOK1 cells by QPatch automated patch-clamp assay
CHEMBL4619551,1,1,IC50,2020.0,9,CHO-K1,Inhibition of human ERG expressed in CHOK1 cells measured for 10 mins by QPatch automated patch-clamp assay
CHEMBL4620736,1,1,IC50,2020.0,9,,Inhibition of human ERG
CHEMBL4620737,1,1,IC50,2020.0,9,,Inhibition of human ERG by patch clamp assay
CHEMBL4621965,1,1,IC50,2020.0,9,,Inhibition of human ERG
CHEMBL4622528,1,1,IC50,2020.0,9,,Inhibition of human ERG
CHEMBL4623842,1,1,Inhibition,2020.0,9,HEK293,Inhibition of human ERG expressed in HEK293 cells at 100 uM with -80 mV holding potential by whole cell manual patch clamp method relative to control
CHEMBL4616407,1,1,IC50,2020.0,9,,Inhibition of human ERG by manual whole-cell patch-clamp assay
CHEMBL4616796,1,1,IC50,2019.0,9,,Inhibition of human ERG by patch clamp assay
CHEMBL4617369,1,1,Inhibition,2020.0,9,,Inhibition of human ERG at 10 uM by patch clamp method relative to control
CHEMBL4617370,1,1,Inhibition,2020.0,9,,Inhibition of human ERG at 3 uM by patch clamp method relative to control
CHEMBL4617481,1,1,IC50,2020.0,9,,Inhibition of human ERG
CHEMBL4618620,1,1,IC50,2020.0,9,,Inhibition of human ERG by patch clamp assay
CHEMBL4618637,1,1,IC50,2020.0,9,,Displacement of [3H]dofetilide from recombinant human ERG measured after 60 mins by scintillation counting method
CHEMBL4134119,1,1,Inhibition,2017.0,9,,Inhibition of human ERG at 10 uM relative to control
CHEMBL4134156,1,1,IC50,2017.0,9,,Inhibition of human ERG
CHEMBL4134157,1,1,Inhibition,2017.0,9,,Inhibition of human ERG at 3 uM by patch express assay relative to control
CHEMBL4134158,1,1,Inhibition,2017.0,9,,Inhibition of human ERG at 10 uM by patch express assay relative to control
CHEMBL4134159,1,1,Inhibition,2017.0,9,,Inhibition of human ERG at 30 uM by patch express assay relative to control
CHEMBL4178382,1,1,IC50,2017.0,9,,Inhibition of human ERG
CHEMBL4140894,1,1,Inhibition,2017.0,9,,Displacement of [3H] astemizole from full length human recombinant ERG receptor expressed in HEK293 cell membranes at 10 uM after 60 mins by scintillation counting method relative to control
CHEMBL4143419,1,1,Inhibition,2018.0,9,,Inhibition of human ERG at 10 uM by radioligand assay relative to control
CHEMBL4144127,1,1,IC50,2017.0,9,,Inhibition of human ERG
CHEMBL4144162,1,1,IC50,2017.0,9,,Inhibition of [3H]-astemizole binding to human ERG
CHEMBL4144163,1,1,IC50,2017.0,9,,Inhibition of human ERG by patch-clamp method
CHEMBL4144195,1,1,IC50,2017.0,9,,Inhibition of human ERG expressed in HEK293 cells at holding potential of -80 mV by whole cell patch clamp method
CHEMBL4144961,1,1,IC50,2018.0,9,,Inhibition of human ERG by QPatch assay
CHEMBL4145269,1,1,IC50,2018.0,9,,Inhibition of human ERG
CHEMBL4145270,1,1,Inhibition,2018.0,9,,Inhibition of human ERG at 3 uM by automated patch clamp assay (Rvb = 14%)
CHEMBL4124155,1,1,IC50,2018.0,9,,Inhibition of human ERG
CHEMBL4121597,1,1,Inhibition,2018.0,9,,Inhibition of human ERG
CHEMBL4121714,1,1,Inhibition,2018.0,9,,Inhibition of human ERG at 30 uM
CHEMBL4122741,1,1,Inhibition,2018.0,9,,Inhibition of human ERG at 1 uM by patch clamp assay relative to control
CHEMBL4122742,1,1,Inhibition,2018.0,9,,Inhibition of human ERG at 10 uM by patch clamp assay relative to control
CHEMBL4123122,1,1,Inhibition,2018.0,9,,Inhibition of human ERG at 10 uM relative to control
CHEMBL4052358,1,1,Inhibition,2017.0,9,HEK293,Inhibition of human ERG expressed in HEK293 cells at 10 uM by whole patch clamp assay
CHEMBL4669513,1,1,Activity,2020.0,9,,Modulation of human ERG
CHEMBL4669854,1,1,IC50,2020.0,9,,Inhibition of human ERG
CHEMBL4669894,1,1,Inhibition,2020.0,9,,Inhibition of human ERG at 100 uM
CHEMBL4670592,1,1,IC50,2020.0,9,,Inhibition of human ERG expressed in HEK293 cells at -80 mV holding potential by whole cell voltage patch clamp assay
CHEMBL4623843,1,1,Inhibition,2020.0,9,HEK293,Inhibition of human ERG expressed in HEK293 cells at 10 uM at -80 mV holding potential by whole cell manual patch clamp method relative to control
CHEMBL4623844,1,1,Inhibition,2020.0,9,HEK293,Inhibition of human ERG expressed in HEK293 cells at 30 uM at -80 mV holding potential by whole cell manual patch clamp method relative to control
CHEMBL4623856,1,1,IC50,2020.0,9,HEK293,Inhibition of human ERG expressed in HEK293 cells with -80 mV holding potential by whole cell manual patch clamp method
CHEMBL4624053,1,1,Inhibition,2020.0,9,,Inhibition of human ERG
CHEMBL4625381,1,1,IC50,2020.0,9,,Inhibition of human ERG
CHEMBL4626204,1,1,Inhibition,2020.0,9,,Displacement of [3H]dofetilide from recombinant human ERG at 10 uM after 60 mins by scintillation counting analysis
CHEMBL4053613,1,1,Inhibition,2017.0,9,,Inhibition of human ERG1 assessed as effect on voltage dependence of current deaction and activation at 35 uM by patch clamp assay
CHEMBL4053614,1,1,Inhibition,2017.0,9,,Inhibition of human ERG1 assessed as effect on peak current amplitude at 35 uM by patch clamp assay
CHEMBL4053615,1,1,Inhibition,2017.0,9,,Inhibition of human ERG1 assessed as effect on voltage-current relationship at 35 uM by patch clamp assay
CHEMBL4056918,1,1,Ki,2017.0,9,,Inhibition of human ERG
CHEMBL4049019,1,1,Inhibition,2018.0,9,,Inhibition of human ERG at 10 uM by patch clamp assay relative to control
CHEMBL4049349,1,1,Ki,2018.0,9,,Inhibition of human ERG by membrane-competitive-binding assay
CHEMBL1175155,1,1,IC50,2010.0,9,HEK293,Displacement of [3H]astemizole from human ERG expressed in HEK293 cells
CHEMBL1175156,1,1,Inhibition,2010.0,9,HEK293,Displacement of [3H]astemizole from human ERG expressed in HEK293 cells at 100 uM
CHEMBL4676002,1,1,Inhibition,2020.0,9,,Inhibition of human ERG stably expressed in HEK293 cells assessed as effect on potassium current amplitude by whole cell patch clamp technique
CHEMBL4676023,1,1,IC50,2020.0,9,,Inhibition of human ERG
CHEMBL4666808,1,1,IC50,2019.0,9,,Inhibition of human ERG by manual patch clamp assay
CHEMBL4667531,1,1,Inhibition,2019.0,9,,Displacement of [3H]-Astemizole from human recombinant full length ERG channel expressed in HEK293 cells assessed as residual binding level for radioligand at 10 uM incubated for 60 mins by scintillation counting analysis relative to control
CHEMBL4668721,1,1,IC50,2020.0,9,,Inhibition of human ERG
CHEMBL4668876,1,1,IC50,2020.0,9,,Inhibition of human ERG by manual patch clamp assay
CHEMBL4668963,1,1,IC50,2020.0,9,,Inhibition of human ERG
CHEMBL4058760,1,1,Inhibition,2017.0,9,,Inhibition of human ERG up to 300 uM relative to control
CHEMBL4677210,1,1,Inhibition,2021.0,9,,Inhibition of human ERG at 10 uM relative to control
CHEMBL4677462,1,1,IC50,2021.0,9,,Inhibition of human ERG by Qpatch method
CHEMBL4679076,1,1,Inhibition,2021.0,9,,Inhibition of human ERG assessed as reduction in channel tail current at 10 uM by patch clamp assay relative to control
CHEMBL4050725,1,1,IC50,2017.0,9,,Inhibition of human ERG
CHEMBL4052069,1,1,IC20,2017.0,9,,Inhibition of human ERG channel
CHEMBL1285383,1,1,IC50,2010.0,9,,Inhibition of human ERG
CHEMBL1285384,1,1,IC25,2010.0,9,,Inhibition of human ERG by patch clamp assay
CHEMBL1287090,1,1,Inhibition,2010.0,9,,Inhibition of human ERG at 10 uM
CHEMBL1291075,1,1,IC50,2010.0,9,,Inhibition of human ERG
CHEMBL1291115,1,1,Activity,2010.0,9,,Displacement of [3H]-Astemizole from human ERG
CHEMBL4672844,1,1,IC50,2020.0,9,,Inhibition of human ERG by patch clamp assay
CHEMBL4673070,1,1,Inhibition,2020.0,9,,Inhibition of human ERG at 1 uM relative to control
CHEMBL4673071,1,1,Inhibition,2020.0,9,,Inhibition of human ERG at 10 uM relative to control
CHEMBL1217643,1,1,IC50,2010.0,9,,Inhibition of human hERG
CHEMBL1121010,1,1,Inhibition,2010.0,9,,Inhibition of human ERG at 30 uM
CHEMBL4053025,1,1,Inhibition,2017.0,9,,Inhibition of human ERG at 30 uM
CHEMBL4680982,1,1,Inhibition,2016.0,9,,Inhibition of human ERG at 11 uM by IonWorks patch-clamp electrophysiology method relative to control
CHEMBL4681144,1,1,IC50,2016.0,9,,Inhibition of human ERG by patch clamp assay
CHEMBL4047421,1,1,Inhibition,2017.0,9,HEK293,Inhibition of human ERG expressed in HEK293 cells at 37 uM by whole-cell patch clamp method relative to control
CHEMBL4044435,1,1,IC50,2017.0,9,HEK293,Displacement of [3H]-dofetilide from recombinant human ERG expressed in HEK293 cells
CHEMBL4052137,1,1,Inhibition,2017.0,9,HEK293,Inhibition of human ERG expressed in HEK293 cells at 10 uM after 5 mins by patch clamp assay
CHEMBL4052138,1,1,Inhibition,2017.0,9,HEK293,Inhibition of human ERG expressed in HEK293 cells at 1 uM after 5 mins by patch clamp assay
CHEMBL4047411,1,1,Inhibition,2017.0,9,,Inhibition of human ERG expressed in CHO cells at 21 uM at -70mV holding potential measured after 300 secs by IonWorks electrophysiology method relative to control
CHEMBL4047412,1,1,Inhibition,2017.0,9,,Inhibition of human ERG expressed in CHO cells at 34 uM at -70mV holding potential measured after 300 secs by IonWorks electrophysiology method relative to control
CHEMBL4047414,1,1,Inhibition,2017.0,9,,Inhibition of human ERG expressed in CHO cells at 9 uM at -70mV holding potential measured after 300 secs by IonWorks electrophysiology method relative to control
CHEMBL4047415,1,1,Inhibition,2017.0,9,,Inhibition of human ERG expressed in CHO cells at 41 uM at -70mV holding potential measured after 300 secs by IonWorks electrophysiology method relative to control
CHEMBL4047417,1,1,Inhibition,2017.0,9,,Inhibition of human ERG expressed in CHO cells at 10 uM at -70mV holding potential measured after 300 secs by IonWorks electrophysiology method relative to control
CHEMBL4047418,1,1,Inhibition,2017.0,9,,Inhibition of human ERG expressed in CHO cells at 42 uM at -70mV holding potential measured after 300 secs by IonWorks electrophysiology method relative to control
CHEMBL4047419,1,1,Inhibition,2017.0,9,HEK293,Inhibition of human ERG expressed in HEK293 cells at 34 uM by whole-cell patch clamp method relative to control
CHEMBL4676607,1,1,IC50,2020.0,9,,Inhibition of human ERG stably expressed in CHO cells at -80 mV by automated Qpatch electrophysiological assay
CHEMBL4676921,1,1,Inhibition,2020.0,9,,Inhibition of human ERG in HEK293 cells at 10 uM relative to control
CHEMBL4677123,1,1,IC50,2020.0,9,,Inhibition of human ERG
CHEMBL4700151,1,1,Inhibition,2020.0,9,,Inhibition of human ERG at 25 uM
CHEMBL4679199,1,1,Inhibition,2021.0,9,,Inhibition of human ERG at 10 uM by Qpatch method relative to control
CHEMBL4047405,1,1,Inhibition,2017.0,9,,Inhibition of human ERG expressed in CHO cells at 33 uM at -70mV holding potential measured after 300 secs by IonWorks electrophysiology method relative to control
CHEMBL4047406,1,1,Inhibition,2017.0,9,,Inhibition of human ERG expressed in CHO cells at 12 uM at -70mV holding potential measured after 300 secs by IonWorks electrophysiology method relative to control
CHEMBL4047407,1,1,Inhibition,2017.0,9,,Inhibition of human ERG expressed in CHO cells at 17 uM at -70mV holding potential measured after 300 secs by IonWorks electrophysiology method relative to control
CHEMBL4047408,1,1,Inhibition,2017.0,9,,Inhibition of human ERG expressed in CHO cells at 16 uM at -70mV holding potential measured after 300 secs by IonWorks electrophysiology method relative to control
CHEMBL4047409,1,1,Inhibition,2017.0,9,,Inhibition of human ERG expressed in CHO cells at 13 uM at -70mV holding potential measured after 300 secs by IonWorks electrophysiology method relative to control
CHEMBL4037368,1,1,IC50,2018.0,9,,Displacement of Tracer Red from human ERG expressed in cell membranes by fluorescence polarization assay
CHEMBL4037979,1,1,IC50,2018.0,9,,Inhibition of human ERG
CHEMBL4039279,1,1,IC50,2017.0,9,,Inhibition of human ERG expressed in CHO cells by automated patch clamp assay
CHEMBL4040058,1,1,IC50,2017.0,9,,Inhibition of human ERG by patch clamp assay
CHEMBL4040303,1,1,IC50,2017.0,9,,Inhibition of dofetilide binding to human ERG
CHEMBL4679804,1,1,INH,2021.0,9,,Inhibition of human ERG expressed in HEK293 cells at 3 uM by patch clamp assay
CHEMBL4679820,1,1,IC50,2021.0,9,,Inhibition of human ERG expressed in HEK293 cells by patch clamp assay
CHEMBL4679979,1,1,Inhibition,2021.0,9,,Inhibition of human ERG at 10 uM by patch clamp method relative to control
CHEMBL4680012,1,1,IC50,2021.0,9,,Inhibition of human ERG
CHEMBL4040388,1,1,Inhibition,2017.0,9,HEK293,Displacement of [3H]Astemizole from human ERG expressed in HEK293 cell membranes at 10 uM after 60 mins
CHEMBL4040880,1,1,IC50,2017.0,9,,Inhibition of human ERG by patch clamp assay
CHEMBL4030207,1,1,IC50,2017.0,9,,Inhibition of human ERG
CHEMBL4030800,1,1,Inhibition,2017.0,9,,Inhibition of human ERG at 3 uM by QPatch planar patch clamp assay
CHEMBL4030952,1,1,Inhibition,2017.0,9,,Inhibition of human ERG at 30 uM
CHEMBL4031785,1,1,IC50,2017.0,9,,Inhibition of human ERG
CHEMBL4033001,1,1,IC50,2017.0,9,HEK293,Inhibition of human ERG expressed in HEK293 cells by patch clamp method
CHEMBL4033404,1,1,Inhibition,2018.0,9,,Inhibition of human ERG at 40 uM by Qpatch assay relative to control
CHEMBL4033405,1,1,IC50,2018.0,9,,Inhibition of human ERG by Qpatch assay
CHEMBL4681549,1,1,IC50,2016.0,9,,Inhibition of human ERG expressed in CHO cells by whole-cell patch clamp assay
CHEMBL4683649,1,1,IC50,2020.0,9,,Inhibition of human ERG expressed in CHO cells by manual patch clamp assay
CHEMBL4685428,1,1,IC50,2020.0,9,,Inhibition of human ERG expressed in CHO cells with 0 mV holding potential by Ionworks electrophysiology assay
CHEMBL4685630,1,1,Inhibition,2020.0,9,,Inhibition of human ERG
CHEMBL4688317,1,1,IC50,2020.0,9,,Inhibition of human ERG by patch clamp assay
CHEMBL4689016,1,1,IC50,2021.0,9,,Inhibition of human ERG expressed in CHO cells by whole cell Q-patch clamp assay
CHEMBL4689621,1,1,Kd,2021.0,9,,Inhibition of human ERG
CHEMBL4026954,1,1,EC50,2018.0,9,,Inhibition of human ERG by manual patch clamp method
CHEMBL4026998,1,1,IC50,2017.0,9,,Inhibition of human hERG
CHEMBL4027423,1,1,IC50,2018.0,9,,Inhibition of human ERG
CHEMBL4027606,1,1,Inhibition,2018.0,9,,Inhibition of human ERG at 100 uM
CHEMBL4028157,1,1,Inhibition,2018.0,9,,Displacement of [3H]-dofetilide from human ERG at 10 uM
CHEMBL4028174,1,1,IC50,2018.0,9,,Inhibition of human ERG by patch clamp assay
CHEMBL4028364,1,1,Inhibition,2018.0,9,,Inhibition of human ERG expressed in CHO cells up to 100 uM by automated patch-clamp assay
CHEMBL4706261,1,1,IC50,2020.0,9,,Inhibition of human ERG expressed in CHO cells by patch clamp method
CHEMBL4706322,1,1,IC50,2020.0,9,,Inhibition of human ERG by patch-clamp assay
CHEMBL4700474,1,1,Inhibition,2020.0,9,,Inhibition of human ERG at 100 uM relative to control
CHEMBL4700514,1,1,IC50,2020.0,9,,Inhibition of human ERG by patch clamp assay
CHEMBL4701153,1,1,IC50,2020.0,9,,Inhibition of human ERG by automated patch-clamp assay
CHEMBL4701519,1,1,IC50,2020.0,9,,Inhibition of human ERG by Qpatch method
CHEMBL4701598,1,1,IC50,2020.0,9,,Inhibition of human ERG by patch clamp assay
CHEMBL4701843,1,1,IC50,2020.0,9,,Inhibition of human ERG
CHEMBL4040387,1,1,Inhibition,2017.0,9,HEK293,Displacement of [3H]Astemizole from human ERG expressed in HEK293 cell membranes at 1 uM after 60 mins
CHEMBL4021965,1,1,Inhibition,2017.0,9,,Inhibition of human ERG at 10 uM
CHEMBL4022938,1,1,IC50,2018.0,9,,Inhibition of [3H]-astemizole binding to human ERG after 2 hrs by scintillation counting method
CHEMBL4023192,1,1,Inhibition,2018.0,9,,Inhibition of human ERG (unknown origin) at <10 uM
CHEMBL4023248,1,1,Inhibition,2018.0,9,,Displacement of [3H]-dofetilide from human ERG
CHEMBL4023695,1,1,IC50,2018.0,9,HEK293,Inhibition of human ERG expressed in HEK293 cells incubated for 3 to 5 mins by automated parallel patch clamp assay
CHEMBL4023882,1,1,IC50,2018.0,9,,Inhibition of human ERG expressed in CHO cells by automated patch clamp method
CHEMBL4016445,1,1,IC50,2017.0,9,,Inhibition of human ERG expressed in CHO cells after 30 mins by BTC-AM dye based thallium flux assay
CHEMBL4712956,1,1,Inhibition,2021.0,9,,Inhibition of human ERG at 10 uM relative to control
CHEMBL4703550,1,1,IC50,2020.0,9,,Inhibition of human ERG expressed in HEK293 cells by patch clamp assay
CHEMBL4704175,1,1,Inhibition,2020.0,9,,Inhibition of human ERG at 2 uM by thallium flux assay
CHEMBL4705420,1,1,IC50,2020.0,9,,Inhibition of human ERG expressed in HEK293 cells by whole cell patch clamp assay
CHEMBL4705679,1,1,Inhibition,2020.0,9,,Binding affinity to human ERG assessed as inhibition of ligand binding at 10 uM relative to control
CHEMBL4705760,1,1,Ki,2020.0,9,,Binding affinity to human ERG assessed as inhibition of ligand binding
CHEMBL4705969,1,1,IC50,2020.0,9,,Inhibition of human ERG by dofetilide binding assay
CHEMBL4024924,1,1,IC50,2017.0,9,,Inhibition of human ERG
CHEMBL4026595,1,1,Inhibition,2017.0,9,,Inhibition of human ERG at 10 uM by patch clamp assay
CHEMBL4016566,1,1,Inhibition,2017.0,9,,Inhibition of human ERG at 30 uM by patch clamp assay relative to control
CHEMBL4016929,1,1,IC50,2017.0,9,,Inhibition of human ERG after 3.5 hrs by fluorescence polarization assay
CHEMBL4017078,1,1,Inhibition,2017.0,9,,Displacement of radiolabeled dofetilide from human ERG at 10 uM relative to control
CHEMBL4018116,1,1,IC50,2017.0,9,,Inhibition of human ERG by Whole-cell voltage clamp electrophysiology method
CHEMBL4019551,1,1,Inhibition,2017.0,9,,Inhibition of human ERG
CHEMBL4019607,1,1,IC50,2017.0,9,,Inhibition of human ERG
CHEMBL4721269,1,1,IC50,2018.0,9,,Inhibition of human ERG
CHEMBL4722404,1,1,Inhibition,2020.0,9,,Inhibition of human ERG at 25 uM by fluorescence polarization assay relative to control
CHEMBL4707416,1,1,Inhibition,2019.0,9,,Displacement of [3H]-dofetilide from human ERG (unknown origin) at 10 uM relative to control
CHEMBL4707425,1,1,Inhibition,2019.0,9,,Inhibition of human ERG at 0.1 uM by patch clamp technique relative to control
CHEMBL4707426,1,1,Inhibition,2019.0,9,,Inhibition of human ERG at 1 uM by patch clamp technique relative to control
CHEMBL4707427,1,1,Inhibition,2019.0,9,,Inhibition of human ERG at 10 uM by patch clamp technique relative to control
CHEMBL4707513,1,1,IC50,2020.0,9,,Inhibition of human ERG stably expressed in CHO cells after 4 mins
CHEMBL4020080,1,1,Inhibition,2017.0,9,HEK293,Displacement of [3H]astemizole from human hERG expressed in HEK293 cell membrane at 200 uM after 90 mins by liquid scintillation counting
CHEMBL4021354,1,1,IC50,2017.0,9,,Inhibition of human ERG
CHEMBL4021700,1,1,Activity,2017.0,9,,Activity at human ERG
CHEMBL4015829,1,1,Inhibition,2017.0,9,,Inhibition of human ERG expressed in CHO cells assessed as reduction in tail current at 1 uM and -40 holding potential by automated patch-clamp assay
CHEMBL4015830,1,1,Activity,2017.0,9,,Inhibition of human ERG expressed in CHO cells assessed as tail current remaining at 10 uM and -40 holding potential by automated patch-clamp assay
CHEMBL4015831,1,1,Activity,2017.0,9,,Inhibition of human ERG expressed in CHO cells assessed as tail current remaining at 50 uM and -40 holding potential by automated patch-clamp assay
CHEMBL4015948,1,1,IC50,2017.0,9,,Inhibition of human ERG
CHEMBL4015998,1,1,Inhibition,2017.0,9,,Inhibition of human ERG at 100 uM by voltage clamp assay
CHEMBL4016368,1,1,Inhibition,2017.0,9,,Inhibition of human ERG at 30 uM by patch clamp assay relative to control
CHEMBL4008206,1,1,IC50,2017.0,9,,Inhibition of human ERG by QPatch assay
CHEMBL4009065,1,1,Inhibition,2017.0,9,,Inhibition of astemizole binding to human ERG
CHEMBL4009619,1,1,IC50,2017.0,9,,Inhibition of human ERG by patch clamp assay
CHEMBL1120057,1,1,Inhibition,2010.0,9,,Inhibition of human ERG
CHEMBL1120444,1,1,Inhibition,2010.0,9,CHO,Inhibition of human ERG expressed in CHO cells up to 50 uM by patch-clamp electrophysiology
CHEMBL4714207,1,1,IC50,2021.0,9,,Inhibition of human ERG
CHEMBL4714789,1,1,IC50,2021.0,9,,Inhibition of human ERG by patch clamp analysis
CHEMBL4714993,1,1,IC50,2021.0,9,,Inhibition of human ERG expressed in HEK293 cells measured by whole cell patch clamp method
CHEMBL4715201,1,1,IC50,2021.0,9,,Inhibition of human ERG
CHEMBL4717568,1,1,Inhibition,2016.0,9,,Inhibition of human ERG at 10 uM
CHEMBL4733892,1,1,IC50,2021.0,9,,Inhibition of human ERG expressed in CHO cells at holding potential of -80 mV by patch clamp assay
CHEMBL4722405,1,1,Inhibition,2020.0,9,,Inhibition of human ERG at 5 uM by fluorescence polarization assay relative to control
CHEMBL4722406,1,1,Inhibition,2020.0,9,,Inhibition of human ERG at 1 uM by fluorescence polarization assay relative to control
CHEMBL4724420,1,1,IC50,2021.0,9,,Inhibition of human ERG
CHEMBL4012230,1,1,IC50,2017.0,9,,Inhibition of human hERG by patch clamp method
CHEMBL4012709,1,1,IC50,2017.0,9,,Inhibition of human ERG expressed in CHO cells by whole cell patch clamp assay
CHEMBL4012911,1,1,EC50,2017.0,9,,Inhibition of human ERG
CHEMBL4013753,1,1,IC50,2017.0,9,,Inhibition of human ERG expressed in CHO cells by automated patch-clamp assay
CHEMBL4014095,1,1,IC50,2017.0,9,,Inhibition of human ERG expressed in CHO cells by automated patch clamp assay
CHEMBL4015066,1,1,IC50,2017.0,9,,Inhibition of human ERG
CHEMBL4727232,1,1,IC50,2020.0,9,,Inhibition of human ERG
CHEMBL4727371,1,1,Inhibition,2020.0,9,,Inhibition of human ERG
CHEMBL1118799,1,1,IC50,2010.0,9,CHO,Binding affinity to human ERG expressed in CHO cells
CHEMBL1118859,1,1,Inhibition,2010.0,9,,Inhibition of human ERG expressed in HEK297 cells at 90 uM after 3 to 8 mins by voltage clamp assay
CHEMBL1118860,1,1,Inhibition,2010.0,9,,Inhibition of human ERG expressed in HEK297 cells at 10 uM after 3 to 8 mins by voltage clamp assay
CHEMBL4015637,1,1,IC50,2017.0,9,,Inhibition of human ERG by patch clamp assay
CHEMBL4729288,1,1,IC50,2020.0,9,,Inhibition of human ERG expressed in CHO cells by patch-clamp electrophysiology method
CHEMBL4729408,1,1,Inhibition,2020.0,9,,Inhibition of human ERG up to 185 uM
CHEMBL4729412,1,1,Inhibition,2020.0,9,,Inhibition of human ERG at 30 uM relative to control
CHEMBL4004728,1,1,Inhibition,2017.0,9,,Inhibition of human ERG at 10 uM by patch clamp assay
CHEMBL4004729,1,1,Inhibition,2017.0,9,,Inhibition of human ERG at 30 uM by patch clamp assay
CHEMBL4005471,1,1,IC50,2017.0,9,,Inhibition of human ERG
CHEMBL4005805,1,1,IC50,2017.0,9,HEK293,Displacement of [3H]-Astemizole from human ERG expressed in HEK293 cell membranes measured after 1 hr by microbeta counting method
CHEMBL4005912,1,1,IC50,2017.0,9,,Inhibition of human ERG expressed in CHO cells by patch clamp electrophysiology
CHEMBL4007677,1,1,IC50,2016.0,9,,Inhibition of human ERG
CHEMBL4008205,1,1,IC50,2017.0,9,,Inhibition of human ERG by binding assay
CHEMBL3997715,1,1,IC50,2017.0,9,,Inhibition of human ERG by patchXpress electrophysiology assay
CHEMBL3999268,1,1,IC50,2017.0,9,HEK293,Inhibition of human ERG expressed in HEK293 cells
CHEMBL3999551,1,1,Inhibition,2017.0,9,,Inhibition of human ERG expressed in CHO cells at 10 uM by automated patch clamp method
CHEMBL4730058,1,1,IC50,2020.0,9,,Inhibition of human ERG
CHEMBL4731399,1,1,IC50,2020.0,9,,Inhibition of human ERG
CHEMBL4733228,1,1,Inhibition,2021.0,9,,Inhibition of human ERG at 10 uM
CHEMBL1646084,1,1,IC50,2011.0,9,,Inhibition of human ERG by patch clamp assay
CHEMBL3993158,1,1,Inhibition,2017.0,9,,Inhibition of human ERG at 30 uM by manual patch clamp method
CHEMBL3993788,1,1,IC50,2017.0,9,HEK293,Inhibition of human ERG expressed in HEK293 cells measured by Qpatch assay
CHEMBL3996856,1,1,Inhibition,2017.0,9,,Inhibition of human ERG at 10 uM by patch clamp assay
CHEMBL3997194,1,1,Inhibition,2017.0,9,,Inhibition of human ERG at 10 uM relative to control
CHEMBL3999979,1,1,Inhibition,2017.0,9,,Inhibition of human ERG by patch clamp method
CHEMBL4000046,1,1,IC50,2017.0,9,,Inhibition of human ERG expressed in CHO cells by patch clamp method
CHEMBL4003495,1,1,Inhibition,2017.0,9,,Inhibition of human ERG at 1 uM
CHEMBL4003651,1,1,Inhibition,2017.0,9,,Inhibition of human ERG at 10 uM relative to control
CHEMBL4734905,1,1,Activity,2021.0,9,,Negative allosteric modulation of human ERG stably expressed in HEK293 cells assessed as increase in current density at 5 uM with -60 mV holding potential measured after 5 mins by whole cell patch clamp method
CHEMBL4734910,1,1,IC50,2021.0,9,,Displacement of [3H]dofetilide from human ERG stably expressed in HEK293 cell membranes assessed as unlabelled dofetilide IC50 at 0.5 uM measured after 60 mins by microbeta liquid scintillation counting method (Rvb = 9.1 to 11.7 nM)
CHEMBL4735502,1,1,IC50,2021.0,9,,Inhibition of human ERG
CHEMBL4735622,1,1,IC50,2021.0,9,,Inhibition of human ERG incubated for 3 hrs by competitive fluorescence tracer binding based assay
CHEMBL4735623,1,1,Ratio IC50,2021.0,9,,"Potency index, ratio of E-4031 IC50 to compound IC50 for inhibition of human ERG"
CHEMBL4735919,1,1,Inhibition,2021.0,9,,Inhibition of human ERG at 3 uM by patch clamp method relative to control
CHEMBL4735920,1,1,Inhibition,2021.0,9,,Inhibition of human ERG at 30 nM by patch clamp method relative to control
CHEMBL4769896,1,1,Inhibition,2020.0,9,,Inhibition of recombinant human ERG expressed in CHO-K1 cells at 100 uM at -80 mV holding potential by automated Qpatch clamp assay relative to control
CHEMBL4770609,1,1,IC50,2020.0,9,,Inhibition of fluorescently labeled tracer binding to human ERG by competitive binding assay
CHEMBL4773475,1,1,IC50,2020.0,9,,Inhibition of human ERG stably expressed in CHO cells at -80 mV holding potential measured after 4 mins by Qpatch electrophysiological assay
CHEMBL4775647,1,1,Activity,2021.0,9,,Binding affinity to human ERG at 1 uM relative to control
CHEMBL4775892,1,1,EC50,2021.0,9,,Inhibition of human ERG by manual patch clamp assay
CHEMBL4807664,1,1,Inhibition,2020.0,9,,Inhibition of human ERG expressed in HEK cells at 3 uM by automated electrophysiology assay
CHEMBL4736144,1,1,Inhibition,2021.0,9,,Inhibition of human ERG at 1 uM relative to control
CHEMBL4736317,1,1,INH,2021.0,9,,Inhibition of human ERG
CHEMBL4765911,1,1,Inhibition,2016.0,9,,Inhibition of human ERG at 25 uM
CHEMBL4766115,1,1,IC50,2016.0,9,,Binding affinity to human ERG
CHEMBL4768824,1,1,Inhibition,2020.0,9,,Inhibition of human ERG at 10 uM relative to control
CHEMBL4769576,1,1,IC50,2020.0,9,,Inhibition of human ERG expressed in CHO cells assessed as inhibition of channel tail current at holding potential of -80 mV by Qpatch assay
CHEMBL4734894,1,1,Ratio IC50,2021.0,9,,Displacement of [3H]dofetilide from human ERG stably expressed in HEK293 cell membranes assessed as unlabelled dofetilide IC50 at 0.5 uM measured after 60 mins by microbeta liquid scintillation counting method relative to dofetilide IC50 alone
CHEMBL4734895,1,1,IC50,2021.0,9,,Displacement of [3H]dofetilide from human ERG stably expressed in HEK293 cell membranes measured after 60 mins by microbeta liquid scintillation counting method
CHEMBL1663427,1,1,Inhibition,2011.0,9,,Inhibition of human ERG at 0.1 to 10 uM by patch clamp technique
CHEMBL1633014,1,1,Inhibition,2010.0,9,,Inhibition of human ERG at 30 uM by electrophysiology assay
CHEMBL3873572,1,1,Inhibition,2016.0,9,HEK293,Displacement of [3H]-Astemizole from human ERG expressed in HEK293 cell membranes at 10 uM by patch clamp assay
CHEMBL3873911,1,1,Inhibition,2017.0,9,HEK293,Displacement of [3H]dofetilide from recombinant human ERG expressed in HEK293 cells measured after 60 mins by scintillation counting method
CHEMBL3862828,1,1,IC50,2016.0,9,,Inhibition of human ERG by patch clamp assay
CHEMBL3874987,1,1,INH,2017.0,9,HEK293,Displacement of [35S]-MK499 from human ERG expressed in HEK293 cell membranes
CHEMBL3875086,1,1,Inhibition,2017.0,9,,Inhibition of human ERG up to 10 uM
CHEMBL3876586,1,1,IC50,2017.0,9,,Inhibition of human ERG by patch clamp method
CHEMBL3879968,1,1,EC50,2006.0,9,,Inhibition of human ERG
CHEMBL3879989,1,1,IC50,2007.0,9,HEK293,Inhibition of human ERG expressed in HEK cells by patch clamp method
CHEMBL3880242,1,1,Inhibition,2013.0,9,,Inhibition of human ERG at 1 to 10 uM relative to vehicle-treated control
CHEMBL3880243,1,1,Inhibition,2013.0,9,,Inhibition of human ERG at 500 nM
CHEMBL3880275,1,1,Inhibition,2013.0,9,HEK293,Inhibition of human ERG expressed in HEK293 cells assessed as decrease in current amplitude at 30 uM by whole cell patch clamp method
CHEMBL3880276,1,1,Inhibition,2013.0,9,HEK293,Inhibition of human ERG expressed in HEK293 cells assessed as decrease in current amplitude at 30 uM measured after compound washout by whole cell patch clamp method
CHEMBL3880650,1,1,Inhibition,2014.0,9,HEK293,Inhibition of human ERG expressed in HEK293 cells at 10 uM at -80 mV holding potential by patch clamp assay
CHEMBL3880651,1,1,Inhibition,2014.0,9,HEK293,Inhibition of human ERG expressed in HEK293 cells at 100 uM at -80 mV holding potential by patch clamp assay
CHEMBL3868705,1,1,IC25,2016.0,9,,Inhibition of human ERG
CHEMBL3869360,1,1,Inhibition,2017.0,9,,Inhibition of human ERG up to 10 uM
CHEMBL4812459,1,1,IC50,2021.0,9,,Inhibition of human ERG expressed in CHO cells
CHEMBL4813123,1,1,Inhibition,2021.0,9,,Inhibition of human ERG at 10 uM by voltage clamp method
CHEMBL4815572,1,1,IC50,2021.0,9,,Inhibition of human ERG
CHEMBL4817039,1,1,IC50,2021.0,9,,Inhibition of human ERG expressed in CHO-K1 cells by QPatch - automated patch-clamp technology
CHEMBL4817115,1,1,IC50,2021.0,9,,Inhibition of human ERG
CHEMBL4807665,1,1,Inhibition,2020.0,9,,Inhibition of human ERG expressed in HEK cells at 10 uM by automated electrophysiology assay
CHEMBL4809365,1,1,IC50,2021.0,9,,Inhibition of human ERG expressed in CHO-K1 cells by manual patch clamp method
CHEMBL4809367,1,1,IC50,2021.0,9,,Inhibition of human ERG expressed in CHO cells by whole cell patch-clamp method
CHEMBL4810220,1,1,Inhibition,2021.0,9,,Inhibition of human ERG at 0.1 to 1 uM
CHEMBL4769894,1,1,Inhibition,2020.0,9,,Inhibition of recombinant human ERG expressed in CHO-K1 cells at 3 uM at -80 mV holding potential by automated Qpatch clamp assay relative to control
CHEMBL4769895,1,1,Inhibition,2020.0,9,,Inhibition of recombinant human ERG expressed in CHO-K1 cells at 30 uM at -80 mV holding potential by automated Qpatch clamp assay relative to control
CHEMBL3869577,1,1,Inhibition,2016.0,9,,Displacement of [3H]-Astemizole from human ERG at 100 uM by membrane binding assay
CHEMBL3869588,1,1,Ki,2016.0,9,,Displacement of [3H]-Astemizole from human ERG by membrane binding assay
CHEMBL3871238,1,1,Inhibition,2017.0,9,,Inhibition of human ERG at 3 uM by patch clamp assay relative to control
CHEMBL3871239,1,1,IC50,2017.0,9,,Inhibition of human ERG by patch clamp assay
CHEMBL3873571,1,1,Inhibition,2016.0,9,HEK293,Displacement of [3H]-Astemizole from human ERG expressed in HEK293 cell membranes at 1 uM by patch clamp assay
CHEMBL3858640,1,1,Inhibition,2016.0,9,,Inhibition of human ERG at 10 uM
CHEMBL3858908,1,1,IC50,2016.0,9,,Inhibition of human ERG by patch clamp assay
CHEMBL3859473,1,1,IC50,2016.0,9,,Inhibition of human ERG
CHEMBL3865359,1,1,IC50,2016.0,9,HEK293,Displacement of [3H]dofetilide from human ERG expressed in HEK293 cell membranes measured after 90 mins by TopCount scintillation counting method
CHEMBL3865682,1,1,IC50,2016.0,9,,Inhibition of human ERG
CHEMBL1685373,1,1,Inhibition,2011.0,9,,Displacement of [3H]-dofetilide from human ERG at 10 uM
CHEMBL1685382,1,1,IC50,2011.0,9,,Inhibition of human ERG by patch clamp assay
CHEMBL1685483,1,1,Inhibition,2011.0,9,,Inhibition of human ERG
CHEMBL1648362,1,1,Inhibition,2011.0,9,,Inhibition of human ERG assessed as blockade current at 10 uM
CHEMBL1648772,1,1,IC50,2011.0,9,,Inhibition of human ERG
CHEMBL1656031,1,1,Inhibition,2011.0,9,,Inhibition of human ERG at 2.3 uM by patch-clamp method
CHEMBL1656176,1,1,IC50,2011.0,9,,Displacement of [3H]astemizole from human ERG by whole cell patch-clamp technique
CHEMBL1657039,1,1,Inhibition,2011.0,9,,Inhibition of human ERG at 10 uM
CHEMBL4810712,1,1,EC50,2021.0,9,,Antagonist activity at human ERG
CHEMBL4810713,1,1,Emax,2021.0,9,,Antagonist activity at human ERG relative to control
CHEMBL4811872,1,1,IC50,2021.0,9,,Inhibition of human ERG expressed in HEK293 cells maintained at -80 mV membrane potential by manual patch-clamp technique
CHEMBL4824897,1,1,IC50,2021.0,9,,Inhibition of hERG (unknown origin)
CHEMBL4824898,1,1,Inhibition,2021.0,9,,Inhibition of hERG (unknown origin) at 30 uM relative to control
CHEMBL4824899,1,1,Inhibition,2021.0,9,,Inhibition of hERG (unknown origin) at 10 uM relative to control
CHEMBL4825319,1,1,Inhibition,2021.0,9,,Inhibition of human ERG at 10 uM by patch clamp assay
CHEMBL4825564,1,1,Inhibition,2021.0,9,,Inhibition of ERG in HUVEC at 0.01 to 0.25 uM
CHEMBL4825629,1,1,IC50,2021.0,9,,Inhibition of human ERG
CHEMBL4826209,1,1,IC50,2021.0,9,,Inhibition of human ERG expressed in HEK cells at -80 mV holding potential by patch clamp assay relative to control
CHEMBL4826990,1,1,Inhibition,2021.0,9,,Inhibition of human ERG at 10 uM
CHEMBL4818827,1,1,Inhibition,2021.0,9,,Inhibition of human ERG stably expressed in HEK293 cells at 10 uM measured after 60 mins by [3H]]Astemizole binding assay
CHEMBL4822455,1,1,Inhibition,2021.0,9,,Inhibition of human ERG at 30 uM
CHEMBL4823546,1,1,Inhibition,2021.0,9,,Displacement of [3H]astemizole from human ERG at 10 uM measured after 60 mins by scintillation counter method
CHEMBL4810591,1,1,Inhibition,2021.0,9,,Inhibition of human ERG expressing HEK293 cells assessed as peak tail current measured at holding membrane potential at -75 mV by manual patch clamp assay
CHEMBL1657555,1,1,IC50,2011.0,9,,Inhibition of human ERG by patch-clamp method
CHEMBL1663293,1,1,Ki,2010.0,9,HEK293,Displacement of [3H]dofetilide from human ERG expressed in HEK293 cells after 60 mins by liquid scintillation counting
CHEMBL3868466,1,1,Inhibition,2016.0,9,,Inhibition of human ERG at 10 uM by thallium flux assay
CHEMBL3868467,1,1,Inhibition,2016.0,9,,Inhibition of human ERG at 1 uM by Thallium flux assay
CHEMBL4828201,1,1,IC50,2021.0,9,,Inhibition of human ERG
CHEMBL4828449,1,1,Inhibition,2021.0,9,,Inhibition of human ERG at <= 10 uM
CHEMBL4830615,1,1,IC50,2021.0,9,,Inhibition of human ERG by QPatch automated patch clamp system
CHEMBL3861366,1,1,IC20,2016.0,9,,Inhibition of human ERG
CHEMBL3861688,1,1,IC50,2016.0,9,CHO,Inhibition of recombinant human ERG expressed in CHO cells by patch clamp method
CHEMBL3829475,1,1,Activity,2016.0,9,,Binding affinity to human ERG at 10 uM
CHEMBL3831061,1,1,IC50,2016.0,9,,Inhibition of human ERG by flux-based assay
CHEMBL3831062,1,1,Inhibition,2016.0,9,,Inhibition of human ERG at 30 uM by patch-clamp method
CHEMBL3854694,1,1,Inhibition,2016.0,9,,Inhibition of human ERG
CHEMBL3854736,1,1,Inhibition,2016.0,9,,Inhibition of human ERG at 100 uM by patch clamp assay
CHEMBL3854831,1,1,Inhibition,2016.0,9,,Inhibition of human ERG at 10 uM relative to control
CHEMBL4830698,1,1,IC50,2021.0,9,,Inhibition of human ERG expressed in CHO cells measured after 24 hrs by patch clamp assay
CHEMBL4830699,1,1,Inhibition,2021.0,9,,Inhibition of human ERG expressed in CHO cells measured after 24 hrs by patch clamp assay relative to control
CHEMBL4831270,1,1,Inhibition,2021.0,9,,Inhibition of human ERG at 10 uM relative to control
CHEMBL4823547,1,1,Inhibition,2021.0,9,,Displacement of [3H]astemizole from human ERG at 10 uM measured after 60 mins by scintillation counter method relative to control
CHEMBL4823916,1,1,Inhibition,2021.0,9,,Inhibition of human ERG expressed in CHO cells at 10 uM by automated patch clamp method relative to control
CHEMBL3855680,1,1,IC50,2016.0,9,,Inhibition of human ERG
CHEMBL3855749,1,1,IC50,2016.0,9,,Inhibition of human ERG
CHEMBL3811000,1,1,Inhibition,2016.0,9,HEK293,Inhibition of human ERG expressed in HEK293 cells at 30 uM by patch clamp assay
CHEMBL3811855,1,1,Inhibition,2016.0,9,,Inhibition of human ERG at 1 to 10 uM
CHEMBL3811952,1,1,IC50,2016.0,9,,Inhibition of human ERG after 4 hrs by fluorescence polarization assay
CHEMBL3815825,1,1,Inhibition,2016.0,9,HEK293,Inhibition of recombinant human ERG expressed in HEK293 cells assessed as inhibition of peak tail current at 1 uM by patch clamp assay relative to control
CHEMBL3815826,1,1,Inhibition,2016.0,9,HEK293,Inhibition of recombinant human ERG expressed in HEK293 cells assessed as inhibition of peak tail current at 3 uM by patch clamp assay relative to control
CHEMBL3815833,1,1,IC50,2016.0,9,HEK293,Inhibition of recombinant human ERG expressed in HEK293 cells assessed as inhibition of peak tail current by patch clamp assay
CHEMBL3816322,1,1,IC50,2016.0,9,,Displacement of [35S]MK499 from human ERG
CHEMBL3816785,1,1,IC50,2016.0,9,CHO,Inhibition of human ERG expressed in CHO cells by Qpatch-clamp method
CHEMBL1117803,1,1,Ki,2010.0,9,HEK293,Displacement of [3H]dofetolide from human ERG channel in HEK293 cells
CHEMBL4834687,1,1,IC50,2021.0,9,,Inhibition of human ERG by manual patch clamp assay
CHEMBL4834689,1,1,IC50,2021.0,9,,Inhibition of human ERG by Qpatch method
CHEMBL4827723,1,1,IC50,2021.0,9,,Inhibition of human ERG by automated patch-clamp assay
CHEMBL4827861,1,1,IC50,2021.0,9,,Inhibition of human ERG
CHEMBL4827914,1,1,Inhibition,2021.0,9,,Inhibition of human ERG expressed in CHO cells assessed as tail current at 10 uM by whole cell patch clamp method
CHEMBL4833401,1,1,IC50,2021.0,9,,Inhibition of human ERG
CHEMBL3819862,1,1,Activity,2016.0,9,,Blocking of human ERG
CHEMBL3822294,1,1,Inhibition,2016.0,9,,Inhibition of human ERG expressed in mammalian cells treated for 3 mins by automatic parallel patch clamp method
CHEMBL3824552,1,1,Inhibition,2016.0,9,,Inhibition of human ERG at 25 uM
CHEMBL3807760,1,1,Activity,2016.0,9,HEK293,Binding affinity to human ERG channel expressed in HEK293 cells assessed as fluorescence signal at 0.5 uM incubated for 10 mins by fluorescence microscopic imaging analysis
CHEMBL3807885,1,1,Activity,2016.0,9,HEK293,Binding affinity to human ERG channel expressed in HEK293 cells assessed as fluorescence signal at 0.5 uM incubated for 10 mins by fluorescence microscopic imaging analysis in presence of astemizole
CHEMBL3807887,1,1,Activity,2016.0,9,HT-29,Binding affinity to ERG channel in human HT-29 cells assessed as fluorescence signal at 0.5 uM incubated for 10 mins by fluorescence microscopic imaging analysis
CHEMBL4833704,1,1,IC50,2021.0,9,,Inhibition of human ERG expressed in HEK293 cells by patch-clamp method
CHEMBL4833974,1,1,Inhibition,2021.0,9,,Inhibition of human ERG expressed in CHO cells at 30 uM by automated patch clamp method relative to control
CHEMBL4834166,1,1,IC50,2021.0,9,,Inhibition of human ERG by FLIPR TETRA method
CHEMBL1116226,1,1,Inhibition,2010.0,9,,Inhibition of human ERG at 10 uM by patch clamp assay
CHEMBL1116227,1,1,Inhibition,2010.0,9,,Inhibition of human ERG at 30 uM by patch clamp assay
CHEMBL1116645,1,1,INH,2009.0,9,,Inhibition of human ERG current
CHEMBL1117016,1,1,Activity,2010.0,9,,Binding affinity to human ERG
CHEMBL1117033,1,1,IC50,2010.0,9,,Inhibition of human recombinant ERG by patch clamp assay
CHEMBL1117034,1,1,Inhibition,2010.0,9,,Inhibition of human recombinant ERG at 10 uM by patch clamp assay
CHEMBL4835850,1,1,IC50,2021.0,9,,Inhibition of human ERG
CHEMBL3807889,1,1,Activity,2016.0,9,HT-29,Binding affinity to ERG channel in human HT-29 cells assessed as fluorescence signal at 0.5 uM incubated for 10 mins by fluorescence microscopic imaging analysis in presence of astemizole
CHEMBL3808010,1,1,Inhibition,2016.0,9,,Inhibition of human ERG at 6 uM relative to control
CHEMBL3808109,1,1,IC50,2016.0,9,,Inhibition of human ERG by patch clamp method
CHEMBL3810561,1,1,Inhibition,2016.0,9,,Inhibition of human ERG at 10 uM
CHEMBL3801068,1,1,Inhibition,2016.0,9,,Inhibition of human ERG channel F656A mutant expressed in Xenopus laevis oocytes assessed as use dependent suppression of tail current at 150 uM at -140 mV by two-electrode voltage clamp method
CHEMBL3801565,1,1,IC50,2016.0,9,,Inhibition of human ERG
CHEMBL3802897,1,1,IC50,2016.0,9,,Inhibition of human ERG
CHEMBL3803537,1,1,IC50,2016.0,9,,Inhibition of human ERG by patch clamp method
CHEMBL3806671,1,1,IC50,2016.0,9,,Inhibition of human ERG by whole-cell patch clamp assay
CHEMBL4836099,1,1,Inhibition,2021.0,9,,Inhibition of human ERG
CHEMBL4836980,1,1,IC50,2021.0,9,,Inhibition of human ERG
CHEMBL4837693,1,1,IC50,2021.0,9,,Inhibition of human ERG expressed in HEK293 cells by whole cell manual patch clamp assay
CHEMBL4839020,1,1,IC50,2021.0,9,,Inhibition of human ERG by patch-clamp assay
CHEMBL4839358,1,1,Inhibition,2021.0,9,,Inhibition of human ERG at 10 uM relative to control
CHEMBL4839360,1,1,IC50,2021.0,9,,Inhibition of human ERG by patch clamp assay
CHEMBL4843291,1,1,IC50,2021.0,9,,Inhibition of human ERG expressed in CHO by manual patch clamp method
CHEMBL4844342,1,1,IC50,2021.0,9,,Inhibition of human ERG
CHEMBL4844548,1,1,Ki,2021.0,9,,Binding affinity to human ERG
CHEMBL4844694,1,1,Inhibition,2021.0,9,,Inhibition of human ERG up to 30 uM
CHEMBL4839361,1,1,Inhibition,2021.0,9,,Inhibition of human ERG tail current by electrophysiological assay relative to control
CHEMBL4839391,1,1,IC50,2021.0,9,,Inhibition of recombinant human ERG expressed in HEK293 cells by automated voltage clamp method
CHEMBL4839646,1,1,IC20,2021.0,9,,Inhibition of human ERG by patch-clamp assay
CHEMBL4839870,1,1,IC50,2021.0,9,,Inhibition of human ERG
CHEMBL4840058,1,1,Inhibition,2021.0,9,,Inhibition of recombinant human ERG expressed in CHO-K1 cells at 100 uM at -80 mV holding potential tail current by automated Qpatch clamp assay relative to control
CHEMBL4841576,1,1,Inhibition,2021.0,9,,Inhibition of human ERG expressed in CHO-K1 cells at 1 umol/L with holding potential -80 mV incubated for 5 mins by patch-clamp assay relative to control
CHEMBL4841581,1,1,Inhibition,2021.0,9,,Inhibition of human ERG expressed in CHO-K1 cells at 3 umol/L with holding potential -80 mV incubated for 5 mins by patch-clamp assay relative to control
CHEMBL4841815,1,1,IC50,2021.0,9,,Inhibition of human ERG expressed in HEK293 cells
CHEMBL4842058,1,1,Inhibition,2021.0,9,,Inhibition of human ERG expressed in HEK293 cells at 30 uM by patch-clamp assay relative to control
CHEMBL4842280,1,1,Inhibition,2021.0,9,,Inhibition of human ERG at 30 uM relative to control
CHEMBL4835312,1,1,IC50,2021.0,9,,Inhibition of human ERG potassium channel in HEK293 cells by manual patch-clamp electrophysiology
CHEMBL4835480,1,1,IC50,2021.0,9,,Inhibition of hERG (unknown origin)
CHEMBL4885622,1,1,% Ctrl,2021.0,9,,HERG_DOFETILIDE Eurofins SafetyScreen44 (BI)
CHEMBL4886920,1,1,Inhibition,2021.0,9,,Potassium Channel hERG Eurofins-Panlabs radioligand binding assay
CHEMBL4887724,1,1,% Ctrl,2021.0,9,,HERG_DOFETILIDE Eurofins SafetyScreen44 (BI)
CHEMBL4888259,1,1,effect,2021.0,9,,hERG Cerep panel
CHEMBL5029597,1,1,Inhibition,2021.0,9,,Inhibition of human ERG at 10 uM
CHEMBL3807184,1,1,IC50,2016.0,9,,Inhibition of human ERG expressed in cell membranes after 4 hrs by fluorescence polarization assay
CHEMBL3795099,1,1,Inhibition,2016.0,9,,Inhibition of human ERG at 10 uM by patch clamp assay
CHEMBL3795100,1,1,Inhibition,2016.0,9,,Inhibition of human ERG at 30 uM by patch clamp assay
CHEMBL3795743,1,1,Inhibition,2016.0,9,,Inhibition of human ERG up to 100 uM by [H3]-astemizole binding assay
CHEMBL3795773,1,1,IC50,2016.0,9,,Inhibition of human ERG by patch clamp test
CHEMBL3796230,1,1,IC50,2016.0,9,,Inhibition of human ERG
CHEMBL3801061,1,1,Activity,2016.0,9,,Inhibition of wild type human ERG channel expressed in Xenopus laevis oocytes assessed as first current amplitude after resting period of 300 secs followed by single test pulse at -100 mV holding potential by two-electrode voltage clamp method
CHEMBL3801062,1,1,Inhibition,2016.0,9,,Inhibition of wild type human ERG channel expressed in Xenopus laevis oocytes assessed as use dependent steady state block of induced K+ current at 150 uM preincubated for 330 secs followed by pulse train at 1 Hz at holding potential -100 mV by two-electrode voltage clamp method
CHEMBL3801063,1,1,IC50,2016.0,9,,Inhibition of wild type human ERG channel expressed in Xenopus laevis oocytes assessed as use dependent suppression of K+ current at 1 Hz equilibrated for 5 mins by two-electrode voltage clamp method
CHEMBL3801064,1,1,TIME,2016.0,9,,Inhibition of wild type human ERG channel expressed in Xenopus laevis oocytes assessed as time taken for use dependent steady state block of K+ current at 150 uM preincubated for 330 secs followed by pulse train at 1 Hz at holding potential -100 mV by two-electrode voltage clamp method
CHEMBL3801065,1,1,Inhibition,2016.0,9,,Inhibition of wild type human ERG channel expressed in Xenopus laevis oocytes assessed as use dependent steady state block of +20 mV-induced K+ current at 150 uM preincubated for 330 secs followed by pulse train at 1 Hz by two-electrode voltage clamp method
CHEMBL3801066,1,1,Activity,2016.0,9,,Inhibition of wild type human ERG channel expressed in Xenopus laevis oocytes assessed as recovery from channel block after resting period of 300 secs followed by single test pulse at -100 mV holding potential subsequently washed out at 0.3 Hz by two-electrode voltage clamp method
CHEMBL3801067,1,1,Inhibition,2016.0,9,,Inhibition of human ERG channel Y652A mutant expressed in Xenopus laevis oocytes assessed as use dependent suppression of K+ current at 150 uM at 1 Hz equilibrated for 5 mins by two-electrode voltage clamp method
CHEMBL3779069,1,1,IC50,2016.0,9,,Inhibition of human ERG
CHEMBL3779522,1,1,Inhibition,2016.0,9,HEK293,Displacement of [3H]astemizole from human recombinant ERG expressed in HEK293 cells at 10'-4 M
CHEMBL3783629,1,1,IC50,2016.0,9,,Inhibition of human ERG by QPatch assay
CHEMBL3789145,1,1,IC50,2016.0,9,,Inhibition of human ERG
CHEMBL3789776,1,1,Inhibition,2016.0,9,HEK293,Displacement of [3H]dofetilide from human ERG channel expressed in HEK293 cells at 1 uM after 60 mins by liquid scintillation counting method
CHEMBL3790710,1,1,IC50,2016.0,9,,Inhibition of dofetilide binding to human ERG
CHEMBL3768467,1,1,IC50,2016.0,9,CHO-K1,Inhibition of human ERG expressed in CHO-K1 cells by patch clamp method
CHEMBL3768468,1,1,Inhibition,2016.0,9,CHO-K1,Inhibition of human ERG expressed in CHO-K1 cells assessed as total blocking of ionic current by patch clamp method
CHEMBL4881648,1,1,% Ctrl,2021.0,9,,HERG_DOFETILIDE Cerep selectivity data (BI)
CHEMBL4881844,1,1,% Ctrl,2021.0,9,,K+/HERG Eurofins-Panlabs selectivity data (BI)
CHEMBL4882277,1,1,% Ctrl,2021.0,9,,K+/HERG Eurofins-Panlabs selectivity data (BI)
CHEMBL4882349,1,1,% Ctrl,2021.0,9,,K+/HERG Eurofins-Panlabs selectivity data (BI)
CHEMBL4882397,1,1,% Ctrl,2021.0,9,,K+/HERG Eurofins-Panlabs selectivity data (BI)
CHEMBL4885575,1,1,% Ctrl,2021.0,9,,HERG_DOFETILIDE Eurofins SafetyScreen44 (BI)
CHEMBL5035879,1,1,Inhibition,2021.0,9,,Inhibition of hERG at 10 uM by electrophysiological assay relative to control
CHEMBL5035880,1,1,Inhibition,2021.0,9,,Inhibition of hERG at 30 uM by electrophysiological assay relative to control
CHEMBL5035903,1,1,Inhibition,2021.0,9,,Inhibition of hERG at 15 uM by electrophysiological assay relative to control
CHEMBL5036157,1,1,IC50,2021.0,9,,Inhibition of human ERG
CHEMBL5036234,1,1,Ki,2022.0,9,,Displacement of [3H]-dofetilide from human ERG
CHEMBL5036235,1,1,EC50,2022.0,9,,Inhibition of human ERG
CHEMBL5029766,1,1,IC50,2021.0,9,,Inhibition of human ERG
CHEMBL5029767,1,1,IC50,2021.0,9,,Inhibition of human ERG expressed in CHO cells by patch-clamp assay
CHEMBL5030052,1,1,IC50,2021.0,9,,Inhibition of human ERG
CHEMBL5031704,1,1,Inhibition,2021.0,9,,Inhibition of hERG at 13 uM
CHEMBL5032179,1,1,IC50,2021.0,9,,Inhibition of human ERG by patch clamp assay
CHEMBL5032997,1,1,IC50,2021.0,9,,Inhibition of human ERG
CHEMBL5033131,1,1,IC50,2021.0,9,,Binding affinity to human ERG
CHEMBL5033222,1,1,IC50,2021.0,9,,Inhibition of human ERG
CHEMBL5033711,1,1,INH,2021.0,9,,Inhibition of hERG
CHEMBL4845530,1,1,IC50,2021.0,9,,Inhibition of human ERG by automated patch clamp method
CHEMBL5038087,1,1,IC50,2022.0,9,,Inhibition of human ERG by thallium flux assay
CHEMBL5038401,1,1,IC50,2022.0,9,,Inhibition of human ERG expressed in HEK-293 cells by patch clamp method
CHEMBL3772384,1,1,IC50,2016.0,9,,Inhibition of human ERG
CHEMBL3772918,1,1,IC50,2015.0,9,,Inhibition of human ERG by patch clamp assay
CHEMBL3773319,1,1,IC50,2016.0,9,,Inhibition of human ERG channel tail current
CHEMBL3773485,1,1,Inhibition,2016.0,9,,Inhibition of human ERG
CHEMBL3773618,1,1,IC50,2016.0,9,,Inhibition of human ERG channel by patch clamp assay
CHEMBL3773670,1,1,Inhibition,2016.0,9,,Inhibition of human ERG channel at <5 uM by electrophysiology
CHEMBL3774049,1,1,IC50,2016.0,9,,Inhibition of human ERG by patch clamp test
CHEMBL3774086,1,1,Inhibition,2016.0,9,,Inhibition of human ERG by thallium flux assay
CHEMBL3776165,1,1,IC50,2016.0,9,,Inhibition of human ERG tail current by plate-based planar patch clamp system
CHEMBL3758047,1,1,Inhibition,2016.0,9,,Inhibition of human ERG up to 10 uM
CHEMBL5034529,1,1,IC50,2021.0,9,,Inhibition of human ERG channel
CHEMBL5034690,1,1,Inhibition,2021.0,9,,Inhibition of human ERG expressed in CHOK1 cells at 100 uM incubated for 5 mins by automated whole cell patch clamp assay relative to control
CHEMBL5035695,1,1,IC50,2021.0,9,,Inhibition of hERG
CHEMBL5035696,1,1,Inhibition,2021.0,9,,Inhibition of hERG at 10 uM relative to control
CHEMBL1670487,1,1,Inhibition,2011.0,9,,Inhibition of human ERG tail current at 10 uM by high throughput electrophysiology assay
CHEMBL1670969,1,1,Inhibition,2011.0,9,,Inhibition of human ERG at 10 uM by patch-clamp analysis
CHEMBL1680285,1,1,IC50,2011.0,9,,Inhibition of human ERG
CHEMBL3761687,1,1,Inhibition,2016.0,9,,Inhibition of human ERG at 10 uM
CHEMBL3761688,1,1,Inhibition,2016.0,9,,Inhibition of human ERG at 100 uM
CHEMBL3766024,1,1,Inhibition,2016.0,9,,Inhibition of human ERG at 10 uM
CHEMBL3767784,1,1,Inhibition,2016.0,9,,Inhibition of human ERG at 11.1 uM
CHEMBL3767914,1,1,IC50,2016.0,9,,Inhibition of human ERG by cell based assay
CHEMBL3749896,1,1,IC50,2016.0,9,,Displacement of dofetilide from human ERG channel
CHEMBL3749925,1,1,IC50,2015.0,9,,Inhibition of human ERG by patch clamp assay
CHEMBL3749967,1,1,IC50,2016.0,9,,Inhibition of human ERG
CHEMBL3750482,1,1,Inhibition,2016.0,9,,Inhibition of human ERG at 10 uM
CHEMBL5036958,1,1,IC50,2021.0,9,,Inhibition of hERG expressed in CHO cells by whole-cell QPatch automated patch-clamp technique
CHEMBL5037163,1,1,IC50,2021.0,9,,Inhibition of hERG expressed in HEK293 cells
CHEMBL5037585,1,1,IC50,2021.0,9,,Inhibition of hERG
CHEMBL5038084,1,1,Inhibition,2022.0,9,,Inhibition of hERG at 30 uM comprehensive in-vitro proarrhythmia assay
CHEMBL3757420,1,1,Inhibition,2016.0,9,,Inhibition of human ERG
CHEMBL3757655,1,1,Inhibition,2016.0,9,,Inhibition of human ERG
CHEMBL3742910,1,1,IC50,2015.0,9,,Inhibition of human ERG
CHEMBL3743004,1,1,Ki,2015.0,9,,Binding affinity to Kv11.1 channel (unknown origin)
CHEMBL3743573,1,1,Imax,2015.0,9,HEK293,Inhibition of human ERG channel expressed in HEK293 cells at 10 uM after 5 mins by patch clamp assay
CHEMBL3744161,1,1,Inhibition,2015.0,9,,Inhibition of human ERG at 10 uM by patch clamp assay
CHEMBL3744162,1,1,Inhibition,2015.0,9,,Inhibition of human ERG at 100 uM by patch clamp assay
CHEMBL5039967,1,1,Inhibition,2021.0,9,,Inhibition of human ERG expressed in HEK293 cells at 100 uM by voltage clamp electrophysiology assay
CHEMBL5040744,1,1,Inhibition,2021.0,9,,Inhibition of hERG expressed in CHO cells at 40 uM by whole cell patch clamp assay
CHEMBL5040801,1,1,IC50,2021.0,9,,Inhibition of hERG (unknown origin)
CHEMBL5042052,1,1,Inhibition,2022.0,9,,Inhibition of hERG at 10 uM relative to control
CHEMBL5042354,1,1,Inhibition,2022.0,9,,Inhibition of human ERG at 10 uM
CHEMBL3754945,1,1,Inhibition,2016.0,9,,Displacement of [3H]astemizole from human ERG upto 100 uM
CHEMBL1687592,1,1,Activity,2011.0,9,,Binding affinity to human ERG at <1 uM
CHEMBL1695229,1,1,IC50,2010.0,9,,Inhibition of human hERG
CHEMBL1670484,1,1,Ki,2011.0,9,,Displacement of [3H]-dofetilide from human ERG
CHEMBL5048909,1,1,Inhibition,2022.0,9,,Inhibition of hERG channel at 30 uM by patch clamp assay relative to control
CHEMBL5048947,1,1,Inhibition,2022.0,9,,Inhibition of hERG at 10 uM by patch clamp method relative to control
CHEMBL5049389,1,1,IC50,2022.0,9,,Inhibition of hERG
CHEMBL5049634,1,1,IC50,2022.0,9,,Inhibition of human ERG by patch clamp assay
CHEMBL5050187,1,1,IC50,2022.0,9,,Inhibition of human ERG by LC-MS/MS analysis
CHEMBL5050750,1,1,IC50,2022.0,9,,Inhibition of human ERG
CHEMBL5042821,1,1,Inhibition,2021.0,9,,Inhibition of hERG at 10 uM by patch clamp method relative to control
CHEMBL5043022,1,1,Inhibition,2022.0,9,,Inhibition of hERG expressed in CHO cells at > 100 uM by whole-cell patch-clamp voltage-clamp method
CHEMBL5043275,1,1,IC50,2022.0,9,,Inhibition of human ERG by patch clamp method
CHEMBL5043587,1,1,IC50,2022.0,9,,Inhibition of human ERG expressed in CHO-K1 cells by Patch Clamp method
CHEMBL5044862,1,1,Inhibition,2022.0,9,,Inhibition of hERG potassium channel in HEK293 cells upto 30 uM by whole-cell patch clamp assay
CHEMBL5045648,1,1,EC50,2022.0,9,,Antagonist activity at human ERG by patch clamp assay
CHEMBL5046760,1,1,IC50,2021.0,9,,Inhibition of human ERG by patch clamp method
CHEMBL1680956,1,1,Activity,2011.0,9,,Inhibition of human ERG up to 6 uM
CHEMBL1681578,1,1,IC50,2011.0,9,,Inhibition of human ERG by electrophysiology assay
CHEMBL3756071,1,1,Inhibition,2016.0,9,,Inhibition of human ERG assessed as prolongation of QT-interval at 100 uM by patch-clamp assay
CHEMBL5055966,1,1,IC50,2021.0,9,,Inhibition of human ERG by patch clamp method
CHEMBL5056440,1,1,Ki,2021.0,9,,Binding affinity to human ERG assessed as inhibition constant
CHEMBL5056441,1,1,INH,2021.0,9,,Inhibition of human ERG at 1 uM relative to control
CHEMBL5058672,1,1,IC50,2022.0,8,,hERG Eurofins SafetyScreen (Other)
CHEMBL3744630,1,1,IC50,2015.0,9,,Displacement of doferilide from human ERG
CHEMBL3744957,1,1,IC50,2015.0,9,HEK293,Inhibition of human ERG channel expressed in HEK293 cells after 5 mins by patch clamp assay
CHEMBL3745212,1,1,IC50,2015.0,9,HEK293,Inhibition of human ERG expressed in HEK293 cells by patch clamp assay
CHEMBL3636862,1,1,IC50,2015.0,9,HEK293,Displacement of [3H]astemizole from human ERG potassium channel expressed in HEK293 cell membrane after 1 hr
CHEMBL3637054,1,1,Inhibition,2015.0,9,HEK293,Inhibition of human ERG channel expressed in HEK cells at 10 uM by patch clamp technique
CHEMBL3637622,1,1,Inhibition,2015.0,9,HEK293,Inhibition of human ERG expressed in HEK293 cells
CHEMBL3737860,1,1,IC50,2015.0,9,,Displacement of [35S]-MK-0499 from human ERG
CHEMBL3738912,1,1,IC50,2015.0,9,,Inhibition of human ERG
CHEMBL5058820,1,1,% Ctrl,2022.0,9,,K+/HERG Eurofins SafetyScreen44 (BI)
CHEMBL5047355,1,1,IC50,2022.0,9,,Inhibition of hERG expressed in CHO cells at -80 mV holding potential measured after 4mins by automated patch-clamp assay
CHEMBL5047728,1,1,IC50,2022.0,9,,Inhibition of hERG
CHEMBL5047834,1,1,IC50,2022.0,9,,Inhibition of human ERG transfected in CHO cells by automated patch method
CHEMBL5100299,1,1,IC50,2022.0,9,,Inhibition of hERG expressed in HEK293 cells by whole-cell patch clamp technique
CHEMBL5100480,1,1,Inhibition,2022.0,9,,Inhibition of human ERG stably transfected in HEK293 cells at 30 uM incubated for 2 hrs by TAMRA fluorescence polarization assay
CHEMBL5100515,1,1,Inhibition,2022.0,9,,Inhibition of human ERG expressed in Xenopus laevis oocytes assessed as inhibition of channel current at 10 uM at +40mV holding potential by two-electrode voltage clamp assay
CHEMBL5104761,1,1,Inhibition,2022.0,9,,Inhibition of hERG (unknown origin) at 10 uM relative to control
CHEMBL3625553,1,1,IC50,2015.0,9,,Inhibition of human ERG by by patchXpress method
CHEMBL3626607,1,1,Inhibition,2015.0,9,,Inhibition of human ERG at 30 uM by manual patch clamp assay
CHEMBL3627500,1,1,IC50,2015.0,9,,Inhibition of human ERG by binding assay
CHEMBL5104961,1,1,Inhibition,2022.0,9,,Inhibition of hERG upto 10 uM
CHEMBL5050801,1,1,IC50,2022.0,9,,Inhibition of human ERG
CHEMBL5051300,1,1,IC50,2020.0,9,,Inhibition of hERG (unknown origin) expressed in CHO-K1 cells measured by whole-cell voltage-clamp assay
CHEMBL5051301,1,1,IC50,2020.0,9,,Inhibition of hERG (unknown origin) expressed in CHO-K1 cells measured by PatchXpress higher-throughput assay
CHEMBL5054227,1,1,IC50,2021.0,9,,Inhibition of human ERG
CHEMBL5054684,1,1,IC50,2021.0,9,,Binding affinity to human ERG
CHEMBL5054711,1,1,IC50,2021.0,9,,Inhibition of human ERG by manual patch clamp assay
CHEMBL5055793,1,1,Inhibition,2021.0,9,,Inhibition of human ERG at 10 uM
CHEMBL5055887,1,1,Inhibition,2021.0,9,,Inhibition of human ERG at 30 uM
CHEMBL3616110,1,1,Inhibition,2015.0,9,,Displacement of [3H]-astemizole from human ERG at 0.1 to 10 mM
CHEMBL3616173,1,1,Inhibition,2015.0,9,,Inhibition of human ERG at 10 uM
CHEMBL3616252,1,1,Inhibition,2015.0,9,,Inhibition of human ERG
CHEMBL3618560,1,1,Inhibition,2015.0,9,,Inhibition of human ERG at 10 uM
CHEMBL3619841,1,1,IC50,2015.0,9,CHO,Inhibition of human ERG expressed in CHO cells assessed as channel current by Q-patch electrophysiological assay
CHEMBL3619843,1,1,Inhibition,2015.0,9,,Inhibition of human ERG at 1 uM by flux assay
CHEMBL3624311,1,1,IC50,2015.0,9,,Inhibition of human ERG by patch clamp assay
CHEMBL3624320,1,1,Inhibition,2015.0,9,,Inhibition of human ERG at 30 uM by patch clamp assay
CHEMBL3624814,1,1,Inhibition,2015.0,9,,Inhibition of human ERG at 30 uM relative to control
CHEMBL3625361,1,1,IC50,2015.0,9,,Displacement of [35S]MK0499 from human ERG
CHEMBL5112336,1,1,IC50,2022.0,9,,Inhibition of human ERG expressed in HEK293 cells by whole cell patch clamp assay
CHEMBL5112471,1,1,IC50,2022.0,9,,Inhibition of hERG cardiac ion channel by patch clamp assay
CHEMBL5058875,1,1,% Ctrl,2022.0,9,,HERG_DOFETILIDE Eurofins SafetyScreen44 (BI)
CHEMBL5097479,1,1,IC50,2021.0,9,,Inhibition of hERG by patch clamp assay
CHEMBL5097927,1,1,Inhibition,2021.0,9,,Inhibition of hERG potassium channel assessed as maximum inhibition rate at 3 uM at -80 mV holding potential incubated for 120 seconds by whole cell-automated voltage clamp analysis assay relative to control
CHEMBL5099758,1,1,IC50,2022.0,9,,Inhibition of hERG by patch-clamp method
CHEMBL3625503,1,1,INH,2015.0,9,,Inhibition of human ERG by flux assay
CHEMBL3610728,1,1,IC50,2015.0,9,,Inhibition of dofetilide binding to human ERG
CHEMBL3610733,1,1,Inhibition,2015.0,9,,Inhibition of dofetilide binding to human ERG up to 30 uM
CHEMBL3610825,1,1,Inhibition,2015.0,9,,Inhibition of human ERG at 30 um
CHEMBL3611634,1,1,IC50,2015.0,9,HEK293,Inhibition of human ERG expressed in HEK cells assessed as reduction in IKr current by patchXpress assay
CHEMBL3614588,1,1,Inhibition,2015.0,9,,Inhibition of human ERG up to 25 uM
CHEMBL3603073,1,1,IC50,2015.0,9,,Inhibition of human ERG channel by Rb efflux assay
CHEMBL5120245,1,1,IC50,2022.0,9,,Inhibtion of hERG transfected in HEK293 cells by by whole cell patch clamp method
CHEMBL5121851,1,1,Inhibition,2022.0,9,,Inhibition of hERG in HEK293 cells assessed as mean compensated suppression rate at 3 uM incubated for 13 mins by whole cell patch clamp assay relative to control
CHEMBL5105783,1,1,IC50,2022.0,9,,Inhibition of hERG measured by patchclamp assay
CHEMBL5105954,1,1,IC50,2022.0,9,,Inhibition of hERG
CHEMBL5106268,1,1,IC50,2022.0,9,,Inhibition of hERG
CHEMBL5106405,1,1,IC20,2022.0,9,,Inhibition of hERG measured by fluorescence polarization assay
CHEMBL5106465,1,1,IC20,2022.0,9,,Inhibition of hERG measured by fluorescence polarization assay
CHEMBL5108154,1,1,IC50,2021.0,9,,Inhibition of human ERG tail current in cells at -80 mV holding potential by PatchXpress automated patch clamp assay
CHEMBL3615016,1,1,EC50,2015.0,9,,Inhibition of human ERG assessed as reduction of tail current
CHEMBL5127841,1,1,IC50,2022.0,9,,Inhibition of human ERG
CHEMBL3603636,1,1,Inhibition,2015.0,9,,Inhibition of human ERG
CHEMBL3606474,1,1,Inhibition,2015.0,9,,Inhibition of human ERG by QPatch assay
CHEMBL3606931,1,1,IC50,2015.0,9,,Inhibition of human ERG
CHEMBL3607064,1,1,Inhibition,2015.0,9,,Inhibition of human ERG at 10 uM by patch clamp assay relative to control
CHEMBL3607065,1,1,IC50,2015.0,9,,Inhibition of human ERG
CHEMBL3607683,1,1,Inhibition,2015.0,9,,Inhibition of human ERG up to 30 uM
CHEMBL3594979,1,1,IC50,2015.0,9,HEK293,Inhibition of human ERG expressed in HEK293 cells by patch clamp assay
CHEMBL3595880,1,1,Inhibition,2015.0,9,,Inhibition of human ERG at 10 uM
CHEMBL3599417,1,1,Inhibition,2015.0,9,,Inhibition of human ERG at 10 uM relative to control
CHEMBL5129511,1,1,EC50,2022.0,9,,Inhibition of hERG incubated for 2 hrs by fluorescence polarization based assay
CHEMBL5114587,1,1,IC50,2022.0,9,,Inhibition of hERG by automated patch clamp analysis
CHEMBL5116792,1,1,Inhibition,2022.0,9,,Inhibition of hERG at up to 30 uM
CHEMBL5116839,1,1,Ki,2022.0,9,,Displacement of [3H]dofetilide from recombinant human ERG stably expressed in HEK293 cell membranes measured after 60 mins by scintillation counting analysis
CHEMBL5119104,1,1,Activity,2022.0,9,,Binding affinity to hERG (unknown origin)
CHEMBL5119235,1,1,Inhibition,2022.0,9,,Inhibition of hERG potassium channel expressed in CHO cells at 10 uM incubated for 30 mins by fluorescence based plate reader assay relative to control
CHEMBL3599847,1,1,IC50,2015.0,9,,Displacement of [3H]-Astemizole from human ERG
CHEMBL3599848,1,1,IC50,2015.0,9,,Inhibition of human ERG by patch clamp assay
CHEMBL3602243,1,1,Inhibition,2015.0,9,,Displacement of [3H]-astemizole from human ERG up to 100 uM
CHEMBL3602656,1,1,Inhibition,2015.0,9,CHO,Inhibition of human ERG overexpressed in CHO cells at 3 uM by Qpatch method relative to control
CHEMBL3602728,1,1,IC50,2015.0,9,,Inhibition of human ERG by patch clamp assay
CHEMBL3602779,1,1,IC50,2015.0,9,,Inhibition of human ERG by patch clamp assay
CHEMBL5131301,1,1,IC50,2022.0,9,,Inhibition of hERG
CHEMBL5132815,1,1,IC50,2021.0,9,,Inhibition of human ERG by patch-clamp assay
CHEMBL5121854,1,1,Inhibition,2022.0,9,,Inhibition of hERG in HEK293 cells assessed as mean compensated suppression rate at 1 uM incubated for 13 mins by whole cell patch clamp assay relative to control
CHEMBL5121855,1,1,Inhibition,2022.0,9,,Inhibition of hERG in HEK293 cells assessed as mean compensated suppression rate at 10 uM incubated for 13 mins by whole cell patch clamp assay relative to control
CHEMBL5122785,1,1,IC50,2022.0,9,,Inhibition of human ERG channel
CHEMBL5125264,1,1,Activity,2022.0,9,,Effect on human ERG potassium channel expressed in Xenopus laevis oocytes at 10 uM at holding potential of -90 mV by patch clamp electrophysiology
CHEMBL5125533,1,1,Inhibition,2022.0,9,,Inhibition of human ERG expressed in CHO cells at 1 uM by whole cell patch-clamp method
CHEMBL5125535,1,1,Inhibition,2022.0,9,,Inhibition of human ERG expressed in HEK293 cells at 30 uM at -85 mV holding potential and measured upto 20 mins by patch-clamp method
CHEMBL5125857,1,1,Inhibition,2022.0,9,,Inhibition of human ERG at 1 uM by patch clamp assay relative to control
CHEMBL5127018,1,1,IC50,2022.0,9,,Inhibition of hERG
CHEMBL3583386,1,1,Inhibition,2015.0,9,,Inhibition of human ERG at 30 uM by patch clamp assay
CHEMBL3583387,1,1,Ratio IC50,2015.0,9,,Ratio of IC50 for test compound to IC50 for MK4256 against human ERG by patch clamp assay
CHEMBL3587475,1,1,IC50,2015.0,9,,Inhibition of human ERG
CHEMBL3591528,1,1,IC50,2015.0,9,,Inhibition of human ERG by PatchXpress assay
CHEMBL1767991,1,1,IC20,2011.0,9,,Inhibition of human ERG
CHEMBL1769627,1,1,Inhibition,2011.0,9,,Inhibition of human ERG in cells at 10 uM by patch clamp assay relative to control
CHEMBL1685790,1,1,IC50,2011.0,9,,Inhibition of human ERG by patch clamp assay
CHEMBL1686112,1,1,IC50,2011.0,9,,Displacement of dofetilide from human ERG
CHEMBL1686253,1,1,Inhibition,2011.0,9,,Inhibition of human ERG at 1 uM by patch clamp assay
CHEMBL1686392,1,1,EC50,2011.0,9,,Binding affinity to human ERG
CHEMBL1686924,1,1,Ki,2011.0,9,HEK293,Displacement of [35S]MK499 from human ERG channel in HEK293 cells
CHEMBL1687013,1,1,IC50,2011.0,9,,Inhibition of human ERG
CHEMBL1114347,1,1,Inhibition,2010.0,9,,Inhibition of human ERG
CHEMBL5136083,1,1,Inhibition,2022.0,9,,Inhibition of human ERG potassium channel transfected in CHO cells at 40 uM by automated patch clamp assay
CHEMBL5130290,1,1,Activity,2022.0,9,,Effect on human ERG
CHEMBL5130606,1,1,Inhibition,2022.0,9,,Inhibition of hERG in CHO cells at 1 uM at -80 mV holding potential by whole-cell voltage clamp method
CHEMBL5141414,1,1,IC50,2022.0,9,,Inhibition of hERG
CHEMBL5133642,1,1,Inhibition,2022.0,9,,Inhibition of human ERG potassium channel expressed in CHO-K1 cells at 1 uM by Qube-automated patch clamp assay
CHEMBL5133643,1,1,Inhibition,2022.0,9,,Inhibition of human ERG potassium channel expressed in CHO-K1 cells at 10 uM by Qube-automated patch clamp assay relative to control
CHEMBL5133651,1,1,IC50,2022.0,9,,Inhibition of human ERG potassium channel expressed in CHO-K1 cells by Qube-automated patch clamp assay
CHEMBL5133834,1,1,IC50,2022.0,9,,Inhibition of hERG
CHEMBL5133864,1,1,IC50,2022.0,9,,Inhibition of hERG
CHEMBL5133947,1,1,AC50,2022.0,9,,Displacement of [3H]dofetilide from human ERG expressed in HEK293 cells measured after 45 mins by topcount scintillation counting method
CHEMBL5133948,1,1,Inhibition,2022.0,9,,Displacement of [3H]dofetilide from human ERG expressed in HEK293 cells at 30 uM measured after 45 mins by topcount scintillation counting method relative to control
CHEMBL5136071,1,1,IC50,2022.0,9,,Inhibition of human ERG potassium channel
CHEMBL1111592,1,1,IC50,2010.0,9,,Inhibition of human ERG
CHEMBL1112472,1,1,IC50,2010.0,9,,Inhibition of human ERG
CHEMBL3592224,1,1,Activity,2015.0,9,,Binding affinity to human ERG at 30 uM by PatchExpress analysis
CHEMBL3580169,1,1,IC50,2015.0,9,CHO,Inhibition of human ERG expressed in CHO cells by whole cell patch clamp assay
CHEMBL3582540,1,1,Inhibition,2015.0,9,,Inhibition of human ERG up to 30 uM by patch clamp assay
CHEMBL3582584,1,1,IC50,2015.0,9,CHO-K1,Inhibition of human ERG expressed in CHOK1 cells by patch clamp assay
CHEMBL3583096,1,1,IC50,2015.0,9,,Inhibition of human ERG channel
CHEMBL5137199,1,1,IC50,2021.0,9,,Inhibition of human ERG stably expressed in CHO cells by automated Qpatch clamp method
CHEMBL3588388,1,1,IC50,2015.0,9,,Inhibition of human ERG
CHEMBL3588625,1,1,Inhibition,2015.0,9,,Inhibition of human ERG at 10 uM
CHEMBL3508811,1,1,Inhibitory activity,,9,HEK293,Effects of 10 uM aliskiren hemifumarate on current through cloned hERG channel expressed in human embryonic kidney cell
CHEMBL3508812,1,1,Inhibitory activity,,9,HEK293,Effects of 100 uM aliskiren hemifumarate on current through cloned hERG channel expressed in human embryonic kidney cell
CHEMBL3508848,1,1,Inhibitory activity,,9,HEK293,Effects of 1000 uM aliskiren hemifumarate on current through cloned hERG channel expressed in human embryonic kidney cell
CHEMBL3508849,1,1,Inhibitory activity,,9,HEK293,Effects of positive control 60 nM terfenadine on current through cloned hERG channel expressed in human embryonic kidney cell
CHEMBL3508850,1,1,Inhibitory activity,,9,HEK293,Effects of vehicle control on current through cloned hERG channel expressed in human embryonic kidney cell
CHEMBL3508851,1,1,IC25,,9,HEK293,Inhibitory concentration of aliskiren hemifumarate against cloned hERG channel expressed in human embryonic kidney cell
CHEMBL3508852,1,1,IC50,,9,HEK293,Inhibitory concentration of aliskiren hemifumarate against cloned hERG channel expressed in human embryonic kidney cell
CHEMBL3579575,1,1,INH,2015.0,9,,Inhibition of human ERG
CHEMBL5139560,1,1,IC50,2022.0,9,,Inhibition of hERG transfected in T-REX-CHO cells incubated for 30 mins by BTC-AM dye based fluorescence assay
CHEMBL5139600,1,1,IC50,2022.0,9,,Inhibition of hERG by Qpatch assay
CHEMBL5139699,1,1,IC50,2022.0,9,,Inhibition of hERG expressed in human HEK293 cells by manual patch clamp method
CHEMBL5139741,1,1,IC50,2022.0,9,,Inhibition of hERG expressed in human HEK293 cells by whole-cell patch-clamp method
CHEMBL5140412,1,1,Inhibition,2022.0,9,,Inhibition of human ERG expressed in CHO cells at 40 uM at -80 mV holding potential by automated patch clamp method relative to control
CHEMBL3430747,1,1,IC50,2014.0,8,CHO,Inhibition of rapid delayed inward rectifying potassium current (IKr) in Chinese hamster ovary (CHO) cells stable expressing hERG measured using IonWorks Barracuda automated patch clamp platform
CHEMBL5148521,1,1,IC50,2022.0,9,,Inhibition of hERG by patch clamp assay
CHEMBL5148913,1,1,Inhibition,2022.0,9,,Inhibition of hERG (unknown origin) at 10 uM by patch clamp method
CHEMBL5149080,1,1,Inhibition,2022.0,9,,Inhibition of human ERG at 10 relative to control
CHEMBL5149298,1,1,IC50,2022.0,9,,Inhibition of hERG expressed in CHO cells at -80 mV holding potential by automated patch clamp method
CHEMBL5150222,1,1,Ki,2021.0,9,,Binding affinity to human ERG assessed as inhibition constant
CHEMBL5150939,1,1,IC50,2021.0,9,,Inhibition of human ERG
CHEMBL5153894,1,1,Inhibition,2022.0,9,,Inhibition of human ERG at 10 uM relative to control
CHEMBL5154205,1,1,Inhibition,2022.0,9,,Inhibition of hERG
CHEMBL5144527,1,1,IC50,2022.0,9,,Inhibition of human ERG
CHEMBL5144798,1,1,Inhibition,2022.0,9,,Inhibition of human ERG expressed in HEK293 cells at 10 uM by whole cell electrophysiology assay relative to control
CHEMBL5144799,1,1,IC50,2022.0,9,,Inhibition of human ERG expressed in HEK293 cells by whole cell electrophysiology assay
CHEMBL5147691,1,1,Inhibition,2022.0,9,,Inhibition of hERG channel measured upto 30 uM
CHEMBL5136714,1,1,IC50,2022.0,9,,Inhibition of human ERG
CHEMBL5136758,1,1,IC50,2022.0,9,,Inhibition of human ERG
CHEMBL5136902,1,1,Inhibition,2022.0,9,,Inhibition of hERG (unknown origin)
CHEMBL5157446,1,1,Inhibition,2022.0,9,,Inhibition of hERG expressed in CHO-K1 cells assessed as inhibition of channel current at 1 uM by manual patch clamp method
CHEMBL5158509,1,1,IC50,2022.0,9,,Inhibition of hERG channel in HEK293 cells by whole-cell patch clamp assay
CHEMBL5147783,1,1,IC50,2022.0,9,,Inhibition of hERG channel by manual electrophysiology method
CHEMBL3579945,1,1,Inhibition,2015.0,9,HEK293,Inhibition of human ERG expressed in HEK293 cells assessed as reduction in peak tail current at 1 uM at holding potential of 80 mV to +20 mV by whole cell patch clamp assay
CHEMBL3430735,1,1,IC50,2014.0,8,CHO,Inhibition of rapid delayed inward rectifying potassium current (IKr) in Chinese hamster ovary (CHO) cells stable expressing hERG measured using IonWorks Barracuda automated patch clamp platform
CHEMBL3430736,1,1,IC50,2014.0,8,CHO,Inhibition of rapid delayed inward rectifying potassium current (IKr) in Chinese hamster ovary (CHO) cells stable expressing hERG measured using IonWorks Barracuda automated patch clamp platform
CHEMBL3430737,1,1,pIC50,2014.0,8,CHO,Inhibition of rapid delayed inward rectifying potassium current (IKr) in Chinese hamster ovary (CHO) cells stable expressing hERG measured using IonWorks Barracuda automated patch clamp platform
CHEMBL3430738,1,1,IC50,2014.0,8,CHO,Inhibition of rapid delayed inward rectifying potassium current (IKr) in Chinese hamster ovary (CHO) cells stable expressing hERG measured using IonWorks Barracuda automated patch clamp platform
CHEMBL3430739,1,1,IC50,2014.0,8,CHO,Inhibition of rapid delayed inward rectifying potassium current (IKr) in Chinese hamster ovary (CHO) cells stable expressing hERG measured using IonWorks Barracuda automated patch clamp platform
CHEMBL3430740,1,1,pIC50,2014.0,8,CHO,Inhibition of rapid delayed inward rectifying potassium current (IKr) in Chinese hamster ovary (CHO) cells stable expressing hERG measured using IonWorks Barracuda automated patch clamp platform
CHEMBL3430741,1,1,IC50,2014.0,8,CHO,Inhibition of rapid delayed inward rectifying potassium current (IKr) in Chinese hamster ovary (CHO) cells stable expressing hERG measured using IonWorks Barracuda automated patch clamp platform
CHEMBL3430742,1,1,IC50,2014.0,8,CHO,Inhibition of rapid delayed inward rectifying potassium current (IKr) in Chinese hamster ovary (CHO) cells stable expressing hERG measured using IonWorks Barracuda automated patch clamp platform
CHEMBL3430743,1,1,IC50,2014.0,8,CHO,Inhibition of rapid delayed inward rectifying potassium current (IKr) in Chinese hamster ovary (CHO) cells stable expressing hERG measured using IonWorks Barracuda automated patch clamp platform
CHEMBL3430744,1,1,IC50,2014.0,8,CHO,Inhibition of rapid delayed inward rectifying potassium current (IKr) in Chinese hamster ovary (CHO) cells stable expressing hERG measured using IonWorks Barracuda automated patch clamp platform
CHEMBL3430745,1,1,IC50,2014.0,8,CHO,Inhibition of rapid delayed inward rectifying potassium current (IKr) in Chinese hamster ovary (CHO) cells stable expressing hERG measured using IonWorks Barracuda automated patch clamp platform
CHEMBL3430746,1,1,IC50,2014.0,8,CHO,Inhibition of rapid delayed inward rectifying potassium current (IKr) in Chinese hamster ovary (CHO) cells stable expressing hERG measured using IonWorks Barracuda automated patch clamp platform
CHEMBL5159727,1,1,IC50,2022.0,9,,Inhibition of hERG potassium channel in CHO cells at -80 mV holding potential by QPatch automated patch clamp assay
CHEMBL5160351,1,1,Inhibition,2022.0,9,,Inhibition of hERG measured upto 100 uM by automated patch clamp assay
CHEMBL5160400,1,1,Inhibition,2022.0,9,,Inhibition of hERG ion channel in HEK293 cells at 0.01 to 50 uM by manual patch-clamp electrophysiology assay
CHEMBL5160401,1,1,Inhibition,2022.0,9,,Inhibition of hERG ion channel in CHO cells at 0.01 to 50 uM by automated patch-clamp electrophysiology
CHEMBL5162249,1,1,IC50,2022.0,9,,Inhibition of hERG by patch clamp assay
CHEMBL5162415,1,1,Inhibition,2022.0,9,,Inhibition of hERG
CHEMBL5162868,1,1,Inhibition,2022.0,9,,Inhibition of human ERG expressed in CHO cells at 40 uM with holding potential of -80 mV by whole cell patch clamp assay relative to control
CHEMBL5162869,1,1,IC50,2022.0,9,,Inhibition of human ERG expressed in CHO cells with holding potential of -80 mV by whole cell patch clamp assay
CHEMBL5163210,1,1,Inhibition,2022.0,9,,Inhibition of hERG expressed in CHO cells at 1 to 30 uM by whole cell patch clamp assay
CHEMBL5163327,1,1,IC50,2022.0,9,,Inhibition of hERG potassium channel in HEK293 cells by manual patch clamp assay
CHEMBL5163328,1,1,IC50,2022.0,9,,Inhibition of hERG potassium channel in HEK293 cells by Q-patch clamp assay
CHEMBL5154397,1,1,IC50,2022.0,9,,Inhibition of hERG expressed in CHO cells by whole cell patch clamp method
CHEMBL5155275,1,1,Inhibition,2022.0,9,,Inhibition of human ERG at 3 uM by patch clamp assay relative to control
CHEMBL5155313,1,1,IC50,2022.0,9,,Inhibition of human ERG by patch clamp assay
CHEMBL5157426,1,1,IC50,2022.0,9,,Inhibition of hERG
CHEMBL5157440,1,1,Inhibition,2022.0,9,,Inhibition of hERG expressed in CHO-K1 cells assessed as inhibition of channel current at 50 uM by manual patch clamp method
CHEMBL3430749,1,1,IC50,2014.0,8,,Inhibition of rapid delayed inward rectifying potassium current (IKr) measured using manual patch clamp assay
CHEMBL3430750,1,1,IC50,2014.0,8,,Inhibition of rapid delayed inward rectifying potassium current (IKr) measured using manual patch clamp assay
CHEMBL3430719,1,1,IC50,2014.0,8,CHO,Inhibition of rapid delayed inward rectifying potassium current (IKr) in Chinese hamster ovary (CHO) K1 cells stably expressing hERG measured using IonWorks Quattro automated patch clamp platform
CHEMBL3430720,1,1,IC50,2014.0,8,CHO,Inhibition of rapid delayed inward rectifying potassium current (IKr) in Chinese hamster ovary (CHO) K1 cells stably expressing hERG measured using IonWorks Quattro automated patch clamp platform
CHEMBL3430721,1,1,IC50,2014.0,8,CHO,Inhibition of rapid delayed inward rectifying potassium current (IKr) in Chinese hamster ovary (CHO) K1 cells stably expressing hERG measured using IonWorks Quattro automated patch clamp platform
CHEMBL3430722,1,1,IC50,2014.0,8,CHO,Inhibition of rapid delayed inward rectifying potassium current (IKr) in Chinese hamster ovary (CHO) K1 cells stably expressing hERG measured using IonWorks Quattro automated patch clamp platform
CHEMBL3430723,1,1,IC50,2014.0,8,CHO,Inhibition of rapid delayed inward rectifying potassium current (IKr) in Chinese hamster ovary (CHO) cells stable expressing hERG measured using IonWorks Barracuda automated patch clamp platform
CHEMBL3430724,1,1,pIC50,2014.0,8,CHO,Inhibition of rapid delayed inward rectifying potassium current (IKr) in Chinese hamster ovary (CHO) cells stable expressing hERG measured using IonWorks Barracuda automated patch clamp platform
CHEMBL3430725,1,1,IC50,2014.0,8,CHO,Inhibition of rapid delayed inward rectifying potassium current (IKr) in Chinese hamster ovary (CHO) cells stable expressing hERG measured using IonWorks Barracuda automated patch clamp platform
CHEMBL3430726,1,1,IC50,2014.0,8,CHO,Inhibition of rapid delayed inward rectifying potassium current (IKr) in Chinese hamster ovary (CHO) cells stable expressing hERG measured using IonWorks Barracuda automated patch clamp platform
CHEMBL3430727,1,1,pIC50,2014.0,8,CHO,Inhibition of rapid delayed inward rectifying potassium current (IKr) in Chinese hamster ovary (CHO) cells stable expressing hERG measured using IonWorks Barracuda automated patch clamp platform
CHEMBL3430728,1,1,pIC50,2014.0,8,CHO,Inhibition of rapid delayed inward rectifying potassium current (IKr) in Chinese hamster ovary (CHO) cells stable expressing hERG measured using IonWorks Barracuda automated patch clamp platform
CHEMBL3430729,1,1,IC50,2014.0,8,CHO,Inhibition of rapid delayed inward rectifying potassium current (IKr) in Chinese hamster ovary (CHO) cells stable expressing hERG measured using IonWorks Barracuda automated patch clamp platform
CHEMBL3430730,1,1,IC50,2014.0,8,CHO,Inhibition of rapid delayed inward rectifying potassium current (IKr) in Chinese hamster ovary (CHO) cells stable expressing hERG measured using IonWorks Barracuda automated patch clamp platform
CHEMBL3430731,1,1,IC50,2014.0,8,CHO,Inhibition of rapid delayed inward rectifying potassium current (IKr) in Chinese hamster ovary (CHO) cells stable expressing hERG measured using IonWorks Barracuda automated patch clamp platform
CHEMBL5159526,1,1,IC50,2022.0,9,,Inhibition of hERG by Q patch automated patch-clamp method
CHEMBL5168670,1,1,IC50,2022.0,9,,Inhibition of hERG ion channel expressed in CHO cells by automated patch clamp electrophysiology method
CHEMBL5168853,1,1,IC50,2022.0,9,,Inhibition of human ERG expressed in CHO cells by Qpatch-clamp method
CHEMBL5213638,1,1,% of inhibition,2023.0,9,,"Selectivity interaction (Ricerca panel (GPCRs, ion channels, transporters, enzymes, and proteases)) EUB0000303b KCNH2"
CHEMBL5217541,1,1,Inhibition,2022.0,9,,Inhibition of hERG measured upto 50 uM
CHEMBL5217959,1,1,IC50,2022.0,9,,Inhibition of hERG
CHEMBL5218077,1,1,Inhibition,2022.0,9,,Inhibition of human ERG at 10 uM
CHEMBL5223301,1,1,Inhibition,2021.0,9,,Inhibition of hERG at 30 uM relative to control
CHEMBL5223702,1,1,IC50,2021.0,9,,Inhibition of human ERG
CHEMBL5163389,1,1,Inhibition,2022.0,9,,Inhibition of hERG expressed in CHO cells at 10 to 100 uM by whole-cell patch-clamp system method
CHEMBL5164183,1,1,Inhibition,2022.0,9,,Inhibition of human ERG at 10 uM relative to control by Electrophysiological QPatch assay
CHEMBL5165550,1,1,IC50,2022.0,9,,Inhibition of hERG
CHEMBL5166020,1,1,Inhibition,2022.0,9,,Inhibition of hERG potassium channel transfected in CHO cells at 10 uM incubated for 30 mins by fluorescence based assay
CHEMBL5166818,1,1,Inhibition,2022.0,9,,Inhibition of hERG expressed in HEK293 cells at 1 uM by patch-clamp assay relative to control
CHEMBL5166819,1,1,Inhibition,2022.0,9,,Inhibition of hERG expressed in HEK293 cells at 10 uM by patch-clamp assay relative to control
CHEMBL5166941,1,1,IC50,2022.0,9,,Inhibition of hERG
CHEMBL3430748,1,1,IC50,2014.0,8,CHO,Inhibition of rapid delayed inward rectifying potassium current (IKr) in Chinese hamster ovary (CHO) cells stable expressing hERG measured using IonWorks Barracuda automated patch clamp platform
CHEMBL3430734,1,1,IC50,2014.0,8,CHO,Inhibition of rapid delayed inward rectifying potassium current (IKr) in Chinese hamster ovary (CHO) cells stable expressing hERG measured using IonWorks Barracuda automated patch clamp platform
CHEMBL3430703,1,1,pIC50,2014.0,8,CHO,Inhibition of rapid delayed inward rectifying potassium current (IKr) in Chinese hamster ovary (CHO) K1 cells stably expressing hERG measured using IonWorks Quattro automated patch clamp platform
CHEMBL3430704,1,1,IC50,2014.0,8,CHO,Inhibition of rapid delayed inward rectifying potassium current (IKr) in Chinese hamster ovary (CHO) K1 cells stably expressing hERG measured using IonWorks Quattro automated patch clamp platform
CHEMBL3430705,1,1,IC50,2014.0,8,CHO,Inhibition of rapid delayed inward rectifying potassium current (IKr) in Chinese hamster ovary (CHO) K1 cells stably expressing hERG measured using IonWorks Quattro automated patch clamp platform
CHEMBL3430706,1,1,IC50,2014.0,8,CHO,Inhibition of rapid delayed inward rectifying potassium current (IKr) in Chinese hamster ovary (CHO) K1 cells stably expressing hERG measured using IonWorks Quattro automated patch clamp platform
CHEMBL3430707,1,1,IC50,2014.0,8,CHO,Inhibition of rapid delayed inward rectifying potassium current (IKr) in Chinese hamster ovary (CHO) K1 cells stably expressing hERG measured using IonWorks Quattro automated patch clamp platform
CHEMBL3430708,1,1,IC50,2014.0,8,CHO,Inhibition of rapid delayed inward rectifying potassium current (IKr) in Chinese hamster ovary (CHO) K1 cells stably expressing hERG measured using IonWorks Quattro automated patch clamp platform
CHEMBL3430709,1,1,IC50,2014.0,8,CHO,Inhibition of rapid delayed inward rectifying potassium current (IKr) in Chinese hamster ovary (CHO) K1 cells stably expressing hERG measured using IonWorks Quattro automated patch clamp platform
CHEMBL3430710,1,1,IC50,2014.0,8,CHO,Inhibition of rapid delayed inward rectifying potassium current (IKr) in Chinese hamster ovary (CHO) K1 cells stably expressing hERG measured using IonWorks Quattro automated patch clamp platform
CHEMBL3430711,1,1,IC50,2014.0,8,CHO,Inhibition of rapid delayed inward rectifying potassium current (IKr) in Chinese hamster ovary (CHO) K1 cells stably expressing hERG measured using IonWorks Quattro automated patch clamp platform
CHEMBL3430712,1,1,IC50,2014.0,8,CHO,Inhibition of rapid delayed inward rectifying potassium current (IKr) in Chinese hamster ovary (CHO) K1 cells stably expressing hERG measured using IonWorks Quattro automated patch clamp platform
CHEMBL3430713,1,1,IC50,2014.0,8,CHO,Inhibition of rapid delayed inward rectifying potassium current (IKr) in Chinese hamster ovary (CHO) K1 cells stably expressing hERG measured using IonWorks Quattro automated patch clamp platform
CHEMBL3430714,1,1,IC50,2014.0,8,CHO,Inhibition of rapid delayed inward rectifying potassium current (IKr) in Chinese hamster ovary (CHO) K1 cells stably expressing hERG measured using IonWorks Quattro automated patch clamp platform
CHEMBL3430715,1,1,IC50,2014.0,8,CHO,Inhibition of rapid delayed inward rectifying potassium current (IKr) in Chinese hamster ovary (CHO) K1 cells stably expressing hERG measured using IonWorks Quattro automated patch clamp platform
CHEMBL5228308,1,1,Inhibition,2021.0,9,,Inhibition of hERG transfected in HEK293 cells at 30 uM at -80 mV holding potential by whole cell patch clamp technique relative to control
CHEMBL5228857,1,1,Inhibition,2021.0,9,,Inhibition of human ERG at 10 uM
CHEMBL3430698,1,1,IC50,2014.0,8,CHO,Inhibition of rapid delayed inward rectifying potassium current (IKr) in Chinese hamster ovary (CHO) K1 cells stably expressing hERG measured using IonWorks Quattro automated patch clamp platform
CHEMBL3430699,1,1,IC50,2014.0,8,CHO,Inhibition of rapid delayed inward rectifying potassium current (IKr) in Chinese hamster ovary (CHO) K1 cells stably expressing hERG measured using IonWorks Quattro automated patch clamp platform
CHEMBL1110023,1,1,Inhibition,2010.0,9,,Inhibition of human ERG channel at 10 uM by patch clamp assay
CHEMBL5252906,1,1,IC50,2016.0,9,,Inhibition of human ERG by flux assay
CHEMBL5238524,1,1,IC50,2022.0,9,,Inhibition of human ERG by manual patch clamp method
CHEMBL5239180,1,1,Inhibition,2022.0,9,,Inhibition of hERG at 33 uM relative to control
CHEMBL5239623,1,1,IC50,2022.0,9,,Displacement of MK499 from human ERG
CHEMBL5239940,1,1,Ratio IC50,2022.0,9,,"Potency index, ratio of astemizole IC50 to test compound IC50 for inhibition of human ERG"
CHEMBL5242480,1,1,Inhibition,2021.0,9,,Inhibition of human ERG at 10 uM relative to control
CHEMBL5224705,1,1,IC50,2022.0,9,,Inhibition of hERG
CHEMBL5224925,1,1,IC50,2022.0,9,,Inhibition of human ERG
CHEMBL5225645,1,1,Inhibition,2023.0,9,,Inhibition of human ERG at 5 uM by patch-clamp assay
CHEMBL5225678,1,1,IC50,2023.0,9,,Inhibition of hERG by patch clamp assay
CHEMBL5226244,1,1,Inhibition,2023.0,9,,Inhibition of hERG
CHEMBL3430732,1,1,IC50,2014.0,8,CHO,Inhibition of rapid delayed inward rectifying potassium current (IKr) in Chinese hamster ovary (CHO) cells stable expressing hERG measured using IonWorks Barracuda automated patch clamp platform
CHEMBL3430733,1,1,IC50,2014.0,8,CHO,Inhibition of rapid delayed inward rectifying potassium current (IKr) in Chinese hamster ovary (CHO) cells stable expressing hERG measured using IonWorks Barracuda automated patch clamp platform
CHEMBL1114477,1,1,IC50,2010.0,9,,Inhibition of human ERG potassium channel
CHEMBL1108730,1,1,Inhibition,2010.0,9,HEK293,Inhibition of human ERG expressed in HEK cells assessed as inhibition of Ikr-like current transmission
CHEMBL3430716,1,1,IC50,2014.0,8,CHO,Inhibition of rapid delayed inward rectifying potassium current (IKr) in Chinese hamster ovary (CHO) K1 cells stably expressing hERG measured using IonWorks Quattro automated patch clamp platform
CHEMBL3430717,1,1,IC50,2014.0,8,CHO,Inhibition of rapid delayed inward rectifying potassium current (IKr) in Chinese hamster ovary (CHO) K1 cells stably expressing hERG measured using IonWorks Quattro automated patch clamp platform
CHEMBL3430718,1,1,IC50,2014.0,8,CHO,Inhibition of rapid delayed inward rectifying potassium current (IKr) in Chinese hamster ovary (CHO) K1 cells stably expressing hERG measured using IonWorks Quattro automated patch clamp platform
CHEMBL3430656,1,1,IC50,2011.0,8,,Inhibition of hERG K channel
CHEMBL3430657,1,1,IC50,2011.0,8,,Inhibition of hERG K channel
CHEMBL3430689,1,1,IC50,2014.0,8,CHO,Inhibition of rapid delayed inward rectifying potassium current (IKr) in Chinese hamster ovary (CHO) K1 cells stably expressing hERG measured using IonWorks Quattro automated patch clamp platform
CHEMBL3430690,1,1,IC50,2014.0,8,CHO,Inhibition of rapid delayed inward rectifying potassium current (IKr) in Chinese hamster ovary (CHO) K1 cells stably expressing hERG measured using IonWorks Quattro automated patch clamp platform
CHEMBL3430691,1,1,IC50,2014.0,8,CHO,Inhibition of rapid delayed inward rectifying potassium current (IKr) in Chinese hamster ovary (CHO) K1 cells stably expressing hERG measured using IonWorks Quattro automated patch clamp platform
CHEMBL3430692,1,1,IC50,2014.0,8,CHO,Inhibition of rapid delayed inward rectifying potassium current (IKr) in Chinese hamster ovary (CHO) K1 cells stably expressing hERG measured using IonWorks Quattro automated patch clamp platform
CHEMBL3430693,1,1,IC50,2014.0,8,CHO,Inhibition of rapid delayed inward rectifying potassium current (IKr) in Chinese hamster ovary (CHO) K1 cells stably expressing hERG measured using IonWorks Quattro automated patch clamp platform
CHEMBL3430694,1,1,IC50,2014.0,8,CHO,Inhibition of rapid delayed inward rectifying potassium current (IKr) in Chinese hamster ovary (CHO) K1 cells stably expressing hERG measured using IonWorks Quattro automated patch clamp platform
CHEMBL3430695,1,1,pIC50,2014.0,8,CHO,Inhibition of rapid delayed inward rectifying potassium current (IKr) in Chinese hamster ovary (CHO) K1 cells stably expressing hERG measured using IonWorks Quattro automated patch clamp platform
CHEMBL3430696,1,1,IC50,2014.0,8,CHO,Inhibition of rapid delayed inward rectifying potassium current (IKr) in Chinese hamster ovary (CHO) K1 cells stably expressing hERG measured using IonWorks Quattro automated patch clamp platform
CHEMBL3430697,1,1,IC50,2014.0,8,CHO,Inhibition of rapid delayed inward rectifying potassium current (IKr) in Chinese hamster ovary (CHO) K1 cells stably expressing hERG measured using IonWorks Quattro automated patch clamp platform
CHEMBL3430649,1,1,IC50,2011.0,8,,Inhibition of hERG K channel
CHEMBL3430650,1,1,IC50,2011.0,8,,Inhibition of hERG K channel
CHEMBL3430651,1,1,IC50,2011.0,8,,Inhibition of hERG K channel
CHEMBL3430652,1,1,IC50,2011.0,8,,Inhibition of hERG K channel
CHEMBL5255793,1,1,Inhibition,2023.0,9,,Inhibition of human ERG at 10 uM by patch clamp method relative to control
CHEMBL5256753,1,1,IC50,2023.0,9,,Inhibition of human ERG by automated patch-clamp assay
CHEMBL5257224,1,1,Inhibition,2016.0,9,,Inhibition of hERG at 10 uM relative to control
CHEMBL5257243,1,1,Inhibition,2016.0,9,,Inhibition of hERG at 20 to 50 uM relative to control
CHEMBL5258225,1,1,Inhibition,2019.0,9,,Inhibition of human ERG at 10 uM
CHEMBL5258359,1,1,Inhibition,2023.0,9,,Inhibition of human ERG at 10 uM relative to control
CHEMBL5247147,1,1,IC50,2021.0,9,,Inhibition of hERG
CHEMBL5248062,1,1,IC50,2019.0,9,,Inhibition of hERG by patch clamp assay
CHEMBL5249266,1,1,Inhibition,2022.0,9,,Inhibition of hERG (unknown origin)
CHEMBL5251455,1,1,Inhibition,2023.0,9,,Inhibition of hERG potassium ion channel expressed in CHO cells at 50 microM by patch-clamp method
CHEMBL5251457,1,1,Inhibition,2023.0,9,,Inhibition of hERG channel expressed in HEK293 cells at -40 mV holding potential by whole-cell voltage clamp method
CHEMBL1114418,1,1,Inhibition,2010.0,9,COS-7,Inhibition of human ERG expressed in COS7 cells at 10 uM by electrophysiology assay
CHEMBL5265642,1,1,IC50,2023.0,9,,Inhibition of human ERG
CHEMBL5253805,1,1,Inhibition,2017.0,9,,Inhibition of hERG at 11 uM
CHEMBL5253806,1,1,IC50,2017.0,9,,Inhibition of hERG cardiac ion channel
CHEMBL5255375,1,1,IC50,2023.0,9,,Binding affinity to human ERG
CHEMBL3430700,1,1,pIC50,2014.0,8,CHO,Inhibition of rapid delayed inward rectifying potassium current (IKr) in Chinese hamster ovary (CHO) K1 cells stably expressing hERG measured using IonWorks Quattro automated patch clamp platform
CHEMBL3430701,1,1,IC50,2014.0,8,CHO,Inhibition of rapid delayed inward rectifying potassium current (IKr) in Chinese hamster ovary (CHO) K1 cells stably expressing hERG measured using IonWorks Quattro automated patch clamp platform
CHEMBL3430702,1,1,IC50,2014.0,8,CHO,Inhibition of rapid delayed inward rectifying potassium current (IKr) in Chinese hamster ovary (CHO) K1 cells stably expressing hERG measured using IonWorks Quattro automated patch clamp platform
CHEMBL3430640,1,1,IC50,2011.0,8,,Inhibition of hERG K channel
CHEMBL3430641,1,1,IC50,2011.0,8,,Inhibition of hERG K channel
CHEMBL3430642,1,1,IC50,2011.0,8,,Inhibition of hERG K channel
CHEMBL3430643,1,1,IC50,2011.0,8,,Inhibition of hERG K channel
CHEMBL3430644,1,1,IC50,2011.0,8,,Inhibition of hERG K channel
CHEMBL3430645,1,1,IC50,2011.0,8,,Inhibition of hERG K channel
CHEMBL3430646,1,1,IC50,2011.0,8,,Inhibition of hERG K channel
CHEMBL3430647,1,1,IC50,2011.0,9,HEK293,Inhibition of potassium current (Ikr) measured using whole-cell patch clamp experiments in HEK-293 cells stable transfected with hERG cDNA
CHEMBL3430648,1,1,IC50,2011.0,8,,Inhibition of hERG K channel
CHEMBL3430634,1,1,IC50,2011.0,8,,Inhibition of hERG K channel
CHEMBL3430635,1,1,IC50,2011.0,8,,Inhibition of hERG K channel
CHEMBL3430636,1,1,IC50,2011.0,8,,Inhibition of hERG K channel
CHEMBL5304091,1,1,% Ctrl,2023.0,9,,HERG_DOFETILIDE Eurofins SafetyScreen44 (BI)
CHEMBL5304137,1,1,% Ctrl,2023.0,9,,HERG_DOFETILIDE Eurofins SafetyScreen44 (BI)
CHEMBL5304241,1,1,% Ctrl,2023.0,9,,HERG_DOFETILIDE Eurofins SafetyScreen44 (BI)
CHEMBL5304339,1,1,% Ctrl,2023.0,9,,HERG_DOFETILIDE Eurofins SafetyScreen44 (BI)
CHEMBL5304470,1,1,Inhibition,2023.0,9,,Potassium Channel hERG Eurofins Panlabs panel
CHEMBL5304968,1,1,IC50,2023.0,9,,Safety47 Scan (DiscoverX - Eurofins)
CHEMBL5260122,1,1,Inhibition,2023.0,9,,Inhibition of hERG in CHO cells at 1 uM by automated patch clamp method relative to control
CHEMBL5260123,1,1,Inhibition,2023.0,9,,Inhibition of hERG in CHO cells at 10 uM by automated patch clamp method relative to control
CHEMBL5260124,1,1,Inhibition,2023.0,9,,Inhibition of hERG in CHO cells at 30 uM by automated patch clamp method relative to control
CHEMBL5264127,1,1,Inhibition,2018.0,9,,Inhibition of human ERG at 3 uM relative to control
CHEMBL5264198,1,1,IC50,2019.0,9,,Inhibition of hERG
CHEMBL5264773,1,1,Activity,2019.0,9,,Binding affinity to hERG (unknown origin)
CHEMBL5265338,1,1,IC50,2020.0,9,,Inhibition of hERG
CHEMBL5303951,1,1,% Ctrl,2023.0,9,,HERG_DOFETILIDE Eurofins SafetyScreen44 (BI)
CHEMBL5303995,1,1,% Ctrl,2023.0,9,,HERG_DOFETILIDE Eurofins SafetyScreen44 (BI)
CHEMBL5304026,1,1,% Ctrl,2023.0,9,,HERG_DOFETILIDE Eurofins SafetyScreen44 (BI)
CHEMBL3430653,1,1,IC50,2011.0,8,,Inhibition of hERG K channel
CHEMBL3430654,1,1,IC50,2011.0,8,,Inhibition of hERG K channel
CHEMBL3430655,1,1,IC50,2011.0,8,,Inhibition of hERG K channel
CHEMBL3430351,1,1,IC50,2014.0,8,,Inhibition of rapid delayed inward rectifying potassium current (IKr) measured using manual patch clamp assay
CHEMBL3430352,1,1,IC50,2014.0,8,,Inhibition of rapid delayed inward rectifying potassium current (IKr) measured using manual patch clamp assay
CHEMBL3430353,1,1,IC50,2014.0,8,,Inhibition of rapid delayed inward rectifying potassium current (IKr) measured using manual patch clamp assay
CHEMBL3430627,1,1,IC50,2011.0,8,,Inhibition of hERG K channel
CHEMBL3430628,1,1,IC50,2011.0,9,HEK293,Inhibition of potassium current (Ikr) measured using whole-cell patch clamp experiments in HEK-293 cells stable transfected with hERG cDNA
CHEMBL3430629,1,1,IC50,2011.0,8,,Inhibition of hERG K channel
CHEMBL3430630,1,1,IC50,2011.0,8,,Inhibition of hERG K channel
CHEMBL3430631,1,1,IC50,2011.0,8,,Inhibition of hERG K channel
CHEMBL3430632,1,1,IC50,2011.0,8,,Inhibition of hERG K channel
CHEMBL3430633,1,1,IC50,2011.0,8,,Inhibition of hERG K channel
CHEMBL5323933,1,1,Inhibition,2023.0,9,,Inhibition of hERG expressed in HEK293 cells assessed as inhibition of channel current amplitude at 100 uM by whole cell patch clamp analysis
CHEMBL5323934,1,1,IC50,2023.0,9,,Inhibition of hERG expressed in HEK293 cells assessed as inhibition of channel current amplitude by whole cell patch clamp analysis
CHEMBL5325079,1,1,IC50,2023.0,9,,Inhibition of human ERG in human HEK293 cells incubated for 5 mins by patch clamp assay
CHEMBL5325638,1,1,IC50,2023.0,9,,Inhibition of human ERG by electrophysiology assay
CHEMBL5330667,1,1,IC50,2023.0,9,,Inhibition of hERG
CHEMBL5317605,1,1,Inhibition,2023.0,9,,Inhibition of hERG
CHEMBL5318500,1,1,IC50,2023.0,9,,Inhibition of hERG cardiac ion channel
CHEMBL5318786,1,1,Inhibition,2023.0,9,,Inhibition of human ERG at 50 uM for 5 mins by whole cell voltage clamp method
CHEMBL5318818,1,1,Inhibition,2023.0,9,,Inhibition of human ERG at 10 uM for 5 mins by whole cell voltage clamp method
CHEMBL5319826,1,1,IC50,2023.0,9,,Inhibition of human ERG
CHEMBL5320287,1,1,IC50,2023.0,9,,Inhibition of human ERG
CHEMBL5321069,1,1,IC50,2023.0,9,,Inhibition of hERG
CHEMBL5322749,1,1,Inhibition,2023.0,9,,Inhibition of human ERG at 10 uM by patch-clamp electrophysiology assay
CHEMBL5322750,1,1,Inhibition,2023.0,9,,Inhibition of human ERG at 300 nM by patch-clamp electrophysiology assay
CHEMBL5323854,1,1,IC50,2023.0,9,,Inhibition of human ERG expressed in CHO cells by automated patch clamp electrophysiology analysis
CHEMBL5303896,1,1,IC50,2021.0,9,,Cross screening panel
CHEMBL3430638,1,1,IC50,2011.0,8,,Inhibition of hERG K channel
CHEMBL3430639,1,1,IC50,2011.0,8,,Inhibition of hERG K channel
CHEMBL3430335,1,1,IC50,2014.0,8,,Inhibition of rapid delayed inward rectifying potassium current (IKr) measured using manual patch clamp assay
CHEMBL3430336,1,1,IC50,2014.0,8,,Inhibition of rapid delayed inward rectifying potassium current (IKr) measured using manual patch clamp assay
CHEMBL3430337,1,1,IC50,2014.0,8,,Inhibition of rapid delayed inward rectifying potassium current (IKr) measured using manual patch clamp assay
CHEMBL3430338,1,1,IC50,2014.0,8,,Inhibition of rapid delayed inward rectifying potassium current (IKr) measured using manual patch clamp assay
CHEMBL3430339,1,1,IC50,2014.0,8,,Inhibition of rapid delayed inward rectifying potassium current (IKr) measured using manual patch clamp assay
CHEMBL3430340,1,1,IC50,2014.0,8,,Inhibition of rapid delayed inward rectifying potassium current (IKr) measured using manual patch clamp assay
CHEMBL3430341,1,1,IC50,2014.0,8,,Inhibition of rapid delayed inward rectifying potassium current (IKr) measured using manual patch clamp assay
CHEMBL3430342,1,1,IC50,2014.0,8,,Inhibition of rapid delayed inward rectifying potassium current (IKr) measured using manual patch clamp assay
CHEMBL3430343,1,1,IC50,2014.0,8,,Inhibition of rapid delayed inward rectifying potassium current (IKr) measured using manual patch clamp assay
CHEMBL3430344,1,1,IC50,2014.0,8,,Inhibition of rapid delayed inward rectifying potassium current (IKr) measured using manual patch clamp assay
CHEMBL3430345,1,1,IC50,2014.0,8,,Inhibition of rapid delayed inward rectifying potassium current (IKr) measured using manual patch clamp assay
CHEMBL3430346,1,1,IC50,2014.0,8,,Inhibition of rapid delayed inward rectifying potassium current (IKr) measured using manual patch clamp assay
CHEMBL3430347,1,1,IC50,2014.0,8,,Inhibition of rapid delayed inward rectifying potassium current (IKr) measured using manual patch clamp assay
CHEMBL5323932,1,1,Inhibition,2023.0,9,,Inhibition of hERG expressed in HEK293 cells assessed as fast channel deactivation at 100 uM by whole cell patch clamp analysis
CHEMBL5339927,1,1,IC50,2023.0,9,,Inhibition of hERG at 10 uM
CHEMBL5342418,1,1,IC50,2023.0,9,,Inhibition of human ERG
CHEMBL5343262,1,1,IC50,2023.0,9,,Inhibition of hERG (unknown origin)
CHEMBL5343484,1,1,IC50,2023.0,9,,Inhibition of human ERG by whole cell patch clamp method
CHEMBL5343726,1,1,Inhibition,2023.0,9,,Inhibition of human ERG expressed in CHO cells at 1 uM by automated patch clamp assay relative to control
CHEMBL5343727,1,1,Inhibition,2023.0,9,,Inhibition of human ERG expressed in CHO cells at 10 uM by automated patch clamp assay relative to control
CHEMBL5343728,1,1,Inhibition,2023.0,9,,Inhibition of human ERG expressed in CHO cells at 30 uM by automated patch clamp assay relative to control
CHEMBL5331001,1,1,Inhibition,2023.0,9,,Inhibition of hERG expressed in CHO cells at 40 uM by automated patch clamp analysis relative to control
CHEMBL5331002,1,1,IC50,2023.0,9,,Inhibition of hERG expressed in CHO cells at 40 uM by automated patch clamp analysis
CHEMBL5334005,1,1,Inhibition,2023.0,9,,Inhibition of hERG expressed in CHO cells at 0.1 uM at -80 mV holding potential by manual patch-clamp electrophysiology method relative to control
CHEMBL5334726,1,1,IC50,2023.0,9,,Inhibition of hERG (unknown origin)
CHEMBL5334826,1,1,IC50,2023.0,9,,Inhibition of human ERG expressed in HEK293 cells by whole cell patch clamp assay
CHEMBL5334911,1,1,IC50,2023.0,9,,Inhibition of human ERG stably expressed in human HEK293 cells incubated for 2 hrs by TAMRA based fuorescence polarization assay
CHEMBL5335729,1,1,Inhibition,2023.0,9,,Displacement of [3H]-dofetilide from hERG receptor (unknown origin) assessed as inhibition binding at 10 uM relative to control
CHEMBL5323931,1,1,Inhibition,2023.0,9,,Inhibition of hERG expressed in HEK293 cells assessed as inhibition of tail current at 1 to 10 uM by whole cell patch clamp analysis
CHEMBL3430637,1,1,IC50,2011.0,8,,Inhibition of hERG K channel
CHEMBL3430350,1,1,IC50,2014.0,8,,Inhibition of rapid delayed inward rectifying potassium current (IKr) measured using manual patch clamp assay
CHEMBL3429792,1,1,Inhibition,2015.0,9,,Inhibition of human ERG channel up to 150 nM
CHEMBL3430259,1,1,Inhibition,2015.0,9,,Displacement of [3H]-astemizole from recombinant human ERG at 10 uM
CHEMBL3430322,1,1,IC50,2014.0,8,,Inhibition of rapid delayed inward rectifying potassium current (IKr) measured using manual patch clamp assay
CHEMBL3430323,1,1,IC50,2014.0,8,,Inhibition of rapid delayed inward rectifying potassium current (IKr) measured using manual patch clamp assay
CHEMBL3430324,1,1,IC50,2014.0,8,,Inhibition of rapid delayed inward rectifying potassium current (IKr) measured using manual patch clamp assay
CHEMBL3430325,1,1,IC50,2014.0,8,,Inhibition of rapid delayed inward rectifying potassium current (IKr) measured using manual patch clamp assay
CHEMBL3430326,1,1,IC50,2014.0,8,,Inhibition of rapid delayed inward rectifying potassium current (IKr) measured using manual patch clamp assay
CHEMBL3430327,1,1,IC50,2014.0,8,,Inhibition of rapid delayed inward rectifying potassium current (IKr) measured using manual patch clamp assay
CHEMBL3430328,1,1,IC50,2014.0,8,,Inhibition of rapid delayed inward rectifying potassium current (IKr) measured using manual patch clamp assay
CHEMBL3430329,1,1,IC50,2014.0,8,,Inhibition of rapid delayed inward rectifying potassium current (IKr) measured using manual patch clamp assay
CHEMBL3430330,1,1,IC50,2014.0,8,,Inhibition of rapid delayed inward rectifying potassium current (IKr) measured using manual patch clamp assay
CHEMBL3430331,1,1,IC50,2014.0,8,,Inhibition of rapid delayed inward rectifying potassium current (IKr) measured using manual patch clamp assay
CHEMBL5338206,1,1,Inhibition,2024.0,9,,Inhibition of human ERG by manual patch clamp test
CHEMBL5338368,1,1,IC50,2024.0,9,,Inhibition of hERG transfected in HEK293 cells by manual patch clamp assay
CHEMBL5339449,1,1,IC50,2022.0,9,,Inhibition of human ERG
CHEMBL5357934,1,1,Inhibition,2023.0,9,,Inhibition of human ERG at 3 uM relative to control
CHEMBL3430332,1,1,IC50,2014.0,8,,Inhibition of rapid delayed inward rectifying potassium current (IKr) measured using manual patch clamp assay
CHEMBL3430333,1,1,IC50,2014.0,8,,Inhibition of rapid delayed inward rectifying potassium current (IKr) measured using manual patch clamp assay
CHEMBL3430334,1,1,IC50,2014.0,8,,Inhibition of rapid delayed inward rectifying potassium current (IKr) measured using manual patch clamp assay
CHEMBL3424409,1,1,Inhibition,2015.0,9,HEK293,Binding affinity to human ERG expressed in HEK293 cells assessed as inhibition of tail current at 1 uM after 5 to 10 mins by patch-clamp assay relative to control
CHEMBL3428455,1,1,Inhibition,2015.0,9,CHO,Inhibition of human ERG expressed in CHO cells at 30 uM measured over 5 mins by patch clamp assay relative to control
CHEMBL3428458,1,1,IC50,2015.0,9,,Inhibition of human ERG
CHEMBL5359173,1,1,Inhibition,2024.0,9,,Inhibition of hERG expressed in CHO cells at 10 uM by automated patch clamp method relative to control
CHEMBL5344085,1,1,Inhibition,2023.0,9,,Inhibition of hERG at 3 uM relative to control
CHEMBL5346096,1,1,IC50,2024.0,9,,Inhibition of human ERG
CHEMBL5346681,1,1,IC50,2024.0,9,,Inhibition of human ERG
CHEMBL5350168,1,1,IC50,2023.0,9,,Inhibition of hERG transfected in CHO-K1 cells at -80 mV holding potential incubated for 2 mins by patch clamp assay
CHEMBL5351810,1,1,IC50,2023.0,9,,Inhibition of hERG
CHEMBL5352745,1,1,Inhibition,2022.0,9,,Inhibition of hERG at 10 uM relative to control
CHEMBL3430348,1,1,IC50,2014.0,8,,Inhibition of rapid delayed inward rectifying potassium current (IKr) measured using manual patch clamp assay
CHEMBL3430349,1,1,IC50,2014.0,8,,Inhibition of rapid delayed inward rectifying potassium current (IKr) measured using manual patch clamp assay
CHEMBL1111479,1,1,IC50,2010.0,8,,Inhibition of ERG
CHEMBL1105838,1,1,Inhibition,2009.0,9,,Inhibition of human ERG at 30 uM by patch clamp method
CHEMBL3419128,1,1,Inhibition,2015.0,9,,Inhibition of human ERG at 3 uM by manual patch clamp assay relative to control
CHEMBL3419366,1,1,IC50,2015.0,9,,Inhibition of human ERG by manual patch clamp assay
CHEMBL3419930,1,1,IC50,2015.0,9,,Inhibition of human ERG by GLP study
CHEMBL3406751,1,1,IC50,2015.0,9,,Inhibition of human ERG by voltage clamp method
CHEMBL1107055,1,1,IC50,2010.0,9,,Inhibition of human ERG by patch clamp technique
CHEMBL5366268,1,1,Ki,2023.0,9,,Inhibition of human ERG dofetilide binding assay
CHEMBL5366390,1,1,Inhibition,2023.0,9,,Inhibition of hERG expressed in CHO cells at 1 to 10 uM incubated for 300 secs by patch-clamp method
CHEMBL5355254,1,1,IC50,2023.0,9,,Inhibition of hERG (unknown origin)
CHEMBL5356182,1,1,Inhibition,2023.0,9,,Inhibition of human ERG expressed in CHO cells at 40 uM by automated patch-clamp electrophysiological assay
CHEMBL5356183,1,1,IC50,2023.0,9,,Inhibition of human ERG
CHEMBL5356599,1,1,IC50,2023.0,9,,Inhibition of hERG by automated patch clamp electrophysiology analysis
CHEMBL5357496,1,1,Ki,2024.0,9,,Inhibition of human ERG assessed as inhibition constant by patch-clamp assay
CHEMBL5357869,1,1,IC50,2024.0,9,,Inhibition of hERG by patch clamp assay
CHEMBL5357933,1,1,Inhibition,2023.0,9,,Inhibition of human ERG at 40 uM relative to control
CHEMBL5373127,1,1,Inhibition,2023.0,9,,Inhibition of hERG expressed in HEK293 cells at 10 uM incubated for 5 mins by whole cell patch clamp assay
CHEMBL5373260,1,1,IC50,2023.0,9,,Inhibition of human ERG expressed in HEK293 cells at -80 mV holding potential by whole-cell patch clamp method
CHEMBL5373283,1,1,Inhibition,2023.0,9,,Inhibition of hERG
CHEMBL5359176,1,1,Inhibition,2024.0,9,,Inhibition of hERG at 10 uM relative to control
CHEMBL5364843,1,1,IC50,2023.0,9,,Inhibition of hERG by fluorescence polarization method
CHEMBL3407236,1,1,Inhibition,2015.0,9,HEK293,Inhibition of human ERG expressed in HEK293 cells assessed as reduction in tail current at 3 uM and at membrane potential of +0 mV
CHEMBL3407237,1,1,Inhibition,2015.0,9,HEK293,Inhibition of human ERG expressed in HEK293 cells assessed as reduction in tail current at 3 uM and at membrane potential of +20 mV
CHEMBL3411225,1,1,Inhibition,2015.0,9,,Inhibition of human ERG channel at 100 uM
CHEMBL3411230,1,1,IC50,2015.0,9,,Inhibition of human ERG channel
CHEMBL3413971,1,1,IC50,2015.0,9,,Inhibition of human ERG
CHEMBL3395554,1,1,IC50,2015.0,9,,Inhibition of human ERG channel by planar technique
CHEMBL3395555,1,1,IC50,2015.0,9,,Inhibition of human ERG channel by QPatch technique
CHEMBL3395908,1,1,IC50,2015.0,9,,Inhibition of human ERG
CHEMBL5365054,1,1,IC50,2023.0,9,,Inhibition of hERG expressed in CHO cells
CHEMBL5365732,1,1,IC50,2023.0,9,,Inhibition of hERG by patch-clamp method
CHEMBL1110809,1,1,Inhibition,2010.0,9,,Inhibition of human ERG at 30 uM by electrophysiology assay
CHEMBL5375778,1,1,IC50,2023.0,9,,Inhibition of human ERG by Q-patch clamp assay
CHEMBL5376779,1,1,IC50,2023.0,9,,Inhibition of hERG potassium channel by patch clamp assay
CHEMBL5377048,1,1,IC50,2023.0,9,,Inhibition of hERG transfected in CHO cells at -80 mV holding potential by automated patch clamp assay
CHEMBL5367092,1,1,IC50,2023.0,9,,Inhibition of hERG by Qpatch clamp analysis
CHEMBL5367977,1,1,Inhibition,2023.0,9,,Inhibition of hERG expressed in HEK293 cells at 3 uM by whole-cell patch clamp technique relative to control
CHEMBL3404835,1,1,IC50,2015.0,9,,Inhibition of human ERG channel
CHEMBL3406081,1,1,Inhibition,2015.0,9,,Inhibition of human ERG at 10 uM
CHEMBL3406672,1,1,IC50,2015.0,9,,Inhibition of human ERG by dofetilide binding assay
CHEMBL3385852,1,1,Inhibition,2014.0,9,,Inhibition of human ERG assessed as reduction in channel currents at 0.1 uM
CHEMBL3387126,1,1,Inhibition,2014.0,9,,Inhibition of human ERG channel at 1 uM
CHEMBL5367978,1,1,Inhibition,2023.0,9,,Inhibition of hERG expressed in HEK293 cells at 30 uM by whole-cell patch clamp technique relative to control
CHEMBL5368227,1,1,IC50,2023.0,9,,Inhibition of human ERG by patch-clamp assay
CHEMBL5368519,1,1,IC50,2023.0,9,,Inhibition of hERG
CHEMBL5368552,1,1,Inhibition,2023.0,9,,Inhibition of hERG expressed in HEK293 cells at -80 mV holding potential by whole-cell patch clamp recording
CHEMBL5368553,1,1,Inhibition,2023.0,9,,Inhibition of hERG expressed in HEK293 cells upto 30 uM at -80 mV holding potential by whole-cell patch clamp recording relative to control
CHEMBL5369124,1,1,Inhibition,2023.0,9,,Displacement of [3H]Dofetilide from recombinant hERG assessed as inhibition at 10 uM by scintillation analysis relative to control
CHEMBL5381669,1,1,IC50,2023.0,9,,Inhibition of human ERG
CHEMBL5374043,1,1,IC50,2023.0,9,,Inhibition of human ERG expressed in HEK293 cells at -80 mV holding potential by whole cell patch-clamp assay
CHEMBL5374375,1,1,Inhibition,2023.0,9,,Inhibition of hERG expressed in CHO cells at 10 uM by QPatch voltage clamp assay relative to control
CHEMBL3387127,1,1,Inhibition,2014.0,9,,Inhibition of human ERG channel at 10 uM
CHEMBL3387384,1,1,Inhibition,2014.0,9,HEK293,Displacement of [3H]astemizole form human ERG expressed in HEK293 cell membranes at 100 uM
CHEMBL3388483,1,1,Inhibition,2014.0,9,,Inhibition of human ERG at 10 uM
CHEMBL3389842,1,1,Inhibition,2014.0,9,,Inhibition of human ERG
CHEMBL3382561,1,1,Inhibition,2014.0,9,,Inhibition of human ERG at 10 uM
CHEMBL3382749,1,1,IC50,2014.0,9,,Inhibition of human ERG channel by patch clamp assay
CHEMBL3382939,1,1,IC50,2014.0,9,,Inhibition of human ERG by patch clam assay
CHEMBL3383594,1,1,IC50,2014.0,9,,Inhibition of human ERG by whole cell based electrophysiology assay
CHEMBL3383595,1,1,Inhibition,2014.0,9,,Inhibition of human ERG at 1 uM by whole cell based electrophysiology assay
CHEMBL5374437,1,1,Inhibition,2023.0,9,,Inhibition of hERG expressed in CHO cells at 30 uM by QPatch voltage clamp assay relative to control
CHEMBL5374777,1,1,IC50,2023.0,9,,Inhibition of hERG transfected in CHO cells at -80 mV holding potential by Whole-cell patch clamp assay
CHEMBL5375030,1,1,IC50,2023.0,9,,Inhibition of hERG channel expressed in CHO cells by whole-cell patch clamp assay
CHEMBL5375554,1,1,IC50,2023.0,9,,Inhibition of human ERG by patch clamp assay
CHEMBL3378645,1,1,Inhibition,2014.0,9,,Inhibition of human ERG at 10 uM by functional patch clamp assay
CHEMBL3379378,1,1,IC50,2014.0,9,,Inhibition of human ERG by patch-clamp assay
CHEMBL3380974,1,1,INH,2014.0,9,,Inhibition of human ERG
CHEMBL3383596,1,1,Inhibition,2014.0,9,,Inhibition of human ERG at 3 uM by whole cell based electrophysiology assay
CHEMBL3383597,1,1,Inhibition,2014.0,9,,Inhibition of human ERG at 10 uM by whole cell based electrophysiology assay
CHEMBL3383693,1,1,Inhibition,2014.0,9,,Displacement of [3H]astemizole from human ERG channel at 10 uM
CHEMBL3383846,1,1,Inhibition,2014.0,9,,Inhibition of human ERG channel at 0.8 uM
CHEMBL1777309,1,1,Ki,2011.0,9,HEK293,Displacement of [3H]dofetilide from human ERG channel expressed in HEK293 cells
CHEMBL1764027,1,1,IC50,2011.0,8,,Inhibition hERG by patch clamp method
CHEMBL1764146,1,1,IC50,2011.0,9,,Antagonist activity at human ERG by patch clamp method
CHEMBL1764848,1,1,IC50,2011.0,9,,Inhibition of human ERG
CHEMBL5379181,1,1,IC50,2023.0,9,,Inhibition of hERG
CHEMBL5381144,1,1,Inhibition,2023.0,9,,Inhibition of human ERG stably expressed in CHO cells at 0.1 uM by whole-cell patch clamp method relative to control
CHEMBL5381146,1,1,Inhibition,2023.0,9,,Inhibition of human ERG stably expressed in CHO cells at 1 uM by whole-cell patch clamp method relative to control
CHEMBL5381147,1,1,Inhibition,2023.0,9,,Inhibition of human ERG stably expressed in CHO cells at 3 uM by whole-cell patch clamp method relative to control
CHEMBL5381148,1,1,Inhibition,2023.0,9,,Inhibition of human ERG stably expressed in CHO cells at 10 uM by whole-cell patch clamp method relative to control
CHEMBL5392354,1,1,Inhibition,2023.0,9,,Inhibition of hERG at 10 uM by fluorescence polarization assay relative to control
CHEMBL5392514,1,1,Inhibition,2023.0,9,,Inhibition of human ERG expressed in HEK293 cells at 1 uM by patch clamp assay
CHEMBL5392515,1,1,Inhibition,2023.0,9,,Inhibition of human ERG expressed in HEK293 cells at 10 uM by patch clamp assay
CHEMBL5393079,1,1,Inhibition,2023.0,9,,Inhibition of hERG assessed as inhibition of channel current at 60 uM by manual patch clamp analysis
CHEMBL5393080,1,1,Inhibition,2023.0,9,,Inhibition of hERG assessed as inhibition of channel current at 180 uM by manual patch clamp analysis
CHEMBL5393081,1,1,Inhibition,2023.0,9,,Inhibition of hERG assessed as inhibition of channel current at 200 uM by manual patch clamp analysis
CHEMBL5382450,1,1,Inhibition,2023.0,9,,Inhibition of hERG upto 20 uM by fluorescence polarization assay
CHEMBL5383356,1,1,Inhibition,2023.0,9,,Inhibition of hERG by electrode whole cell voltage clamp method
CHEMBL5384015,1,1,IC50,2023.0,9,,Inhibition of hERG potassium ion channel expressed in CHO cells at -80 mV holding potential treated for 2.5 mins by Q patch-clamp method
CHEMBL5384136,1,1,IC50,2023.0,9,,Inhibition of hERG
CHEMBL5384797,1,1,IC50,2023.0,9,,Inhibition of hERG expressed in CHO cells at -80 mV holding potential by whole cell patch clamp recording assay
CHEMBL5387761,1,1,IC50,2023.0,9,,Inhibition of hERG by manual patch clamp method
CHEMBL5388181,1,1,IC50,2023.0,9,,Inhibition of human ERG expressed in HEK293 cells
CHEMBL5388467,1,1,Inhibition,2023.0,9,,Inhibition of hERG at 3 uM by patch clamp assay relative to control
CHEMBL3384134,1,1,IC50,2014.0,9,,Inhibition of human ERG by patch clamp assay
CHEMBL3384735,1,1,INH,2014.0,9,,Inhibition of human ERG
CHEMBL5478147,1,1,% of control,2024.0,9,,Selectivity interaction (Eurofins CEREP Diversity Profile (receptors and ion channels)) EUB0000279b KCNH2
CHEMBL5478935,1,1,IC50,2024.0,9,HEK293,Selectivity interaction (Patch-clamp assay (inhibition of hERG channels in HEK293 cells)) EUB0000041b KCNH2
CHEMBL5479512,1,1,IC50,2024.0,9,,Selectivity interaction (Flux assay) EUB0001543a KCNH2
CHEMBL5502997,1,1,IC50,2024.0,9,,Inhibition of human ERG by radioligand assay
CHEMBL5502998,1,1,IC50,2024.0,9,,Inhibition of human ERG by patch clamp assay
CHEMBL3382462,1,1,IC50,2014.0,9,,Inhibition of human ERG by patch clamp assay
CHEMBL3382466,1,1,Inhibition,2014.0,9,,Inhibition of human ERG at 10 uM by patch clamp assay
CHEMBL3374453,1,1,IC50,2014.0,9,,Inhibition of human ERG channel after 3 hrs by fluorescence assay
CHEMBL3376254,1,1,Inhibition,2014.0,9,,Inhibition of human ERG channel at 3 uM by radioligand binding assay
CHEMBL3376391,1,1,Inhibition,2014.0,9,,Inhibition of human ERG at 33 uM
CHEMBL3376666,1,1,Inhibition,2015.0,9,,Inhibition of human ERG
CHEMBL3376773,1,1,Activity,2014.0,9,,Binding affinity to human ERG after 4 hrs by fluorescence polarization assay
CHEMBL5505675,1,1,Inhibition,2024.0,9,,Inhibition of human ERG at 50 uM relative to control
CHEMBL5507543,1,1,IC50,2024.0,9,,Inhibition of human ERG expressed in CHO cells by Q-patch clamp assay
CHEMBL5391119,1,1,Inhibition,2023.0,9,,Inhibition of human ERG expressed in HEK293 cells at 10 uM by thallium flux assay
CHEMBL5391122,1,1,IC50,2023.0,9,,Inhibition of human ERG
CHEMBL5508918,1,1,IC50,2024.0,9,,Inhibition of hERG by manual patch clamp assay
CHEMBL5509930,1,1,IC50,2024.0,9,,Inhibition of human ERG in CHO cells incubated for 2.5 mins by Qpatch electrogram analysis
CHEMBL5509956,1,1,IC50,2024.0,9,,Inhibition of hERG expressed in CHO cells by automated patch clamp electrophysiology analysis
CHEMBL5510269,1,1,IC50,2024.0,9,,Inhibition of hERG by patch clamp method
CHEMBL5511245,1,1,IC50,2024.0,9,,Inhibition of hERG
CHEMBL5512021,1,1,IC50,2024.0,9,,Inhibition of hERG
CHEMBL5512022,1,1,Imax,2024.0,9,,Inhibition of hERG relative to control
CHEMBL5512093,1,1,IC50,2024.0,9,,Inhibition of human ERG
CHEMBL5512253,1,1,IC50,2024.0,9,,Inhibition of hERG
CHEMBL5465594,1,1,IC50,2024.0,9,,Selectivity interaction (BET inhibitor selectivity panel (Human blocker PatchXpress assay)) EUB0000102c KCNH2
CHEMBL5474434,1,1,IC50,2024.0,9,,"Selectivity interaction (HERG dofetilide binding assay, human recombinant ) EUB0000877a KCNH2"
CHEMBL5474488,1,1,% of inhibition or stimulation,2024.0,9,,"Selectivity interaction (Eurofins Cerep-Panlabs Safety Screen 44 (GPCRS, Transporters, Ion Channels, Nuclear Receptors, other enzymes)) EUB0000878a KCNH2"
CHEMBL5475032,1,1,% of control,2024.0,9,,Selectivity interaction (Safety Panel 44tm (Eurofins)) EUB0000162b KCNH2
CHEMBL5476556,1,1,pXC50,2024.0,9,,"Selectivity interaction (Panel of kinases, GPCRs, ion channels and transporters (enzymatic assay)) EUB0000266bCl KCNH2"
CHEMBL5476606,1,1,pXC50,2024.0,9,,"Selectivity interaction (Panel of kinases, GPCRs, ion channels and transporters (enzymatic assay)) EUB0000223bCl KCNH2"
CHEMBL5476787,1,1,% of inhibition,2024.0,9,,"Selectivity interaction (Panel of non-epigenetic targets (kinases, GPCRs, ion channels, and transporters, Eurofins) ) EUB0000271b KCNH2"
CHEMBL3369373,1,1,Ki,2014.0,9,,Binding affinity to human ERG
CHEMBL3369560,1,1,IC50,2014.0,9,,Inhibition of human ERG
CHEMBL3370067,1,1,Inhibition,2014.0,9,,Inhibition of human ERG at > 30 uM relative to control
CHEMBL3370081,1,1,Inhibition,2014.0,9,CHO,Inhibition of human ERG channel expressed in CHO cells at 20.4 +/- 2.4 uM by patch clamp assay
CHEMBL3370237,1,1,Inhibition,2014.0,9,,Inhibition of human ERG at 10 uM
CHEMBL3378486,1,1,IC50,2015.0,9,,Displacement of [3H]Astemizole from human ERG channel
CHEMBL3378487,1,1,IC50,2015.0,9,,Inhibition of human ERG channel by patch clamp technique
CHEMBL3371044,1,1,Inhibition,2014.0,9,,Inhibition of human ERG at 10 uM
CHEMBL3372547,1,1,IC50,2014.0,9,,Inhibition of human ERG channel
CHEMBL3372613,1,1,Inhibition,2014.0,9,,Inhibition of human ERG at 3 uM by MK-499 displacement binding analysis
CHEMBL3372614,1,1,Inhibition,2014.0,9,,Inhibition of human ERG at 3 uM by MK-499 displacement binding analysis in presence of 50% dog serum
CHEMBL3372615,1,1,Inhibition,2014.0,9,,Inhibition of human ERG at 10 uM by MK-499 displacement binding analysis
CHEMBL3372616,1,1,Inhibition,2014.0,9,,Inhibition of human ERG at 10 uM by MK-499 displacement binding analysis in presence of 50% dog serum
CHEMBL3372714,1,1,IC50,2014.0,9,,Inhibition of human ERG
CHEMBL3373705,1,1,IC50,2014.0,9,,Displacement of [3H]astemizole from human ERG
CHEMBL5508893,1,1,Inhibition,2024.0,9,,Inhibition of hERG at 10 uM by manual patch clamp assay relative to control
CHEMBL5517251,1,1,IC50,2024.0,9,,Inhibition of hERG
CHEMBL5517494,1,1,IC50,2024.0,9,,Inhibition of hERG
CHEMBL5517548,1,1,IC50,2024.0,9,,Inhibition of hERG expressed in HEK293 by whole cell Q-patch analysis
CHEMBL5520727,1,1,IC50,2024.0,9,,Inhibition of K+ ion channel activity of hERG
CHEMBL5521376,1,1,Inhibition,2024.0,9,,Inhibition of hERG upto 30 uM
CHEMBL5521406,1,1,IC50,2024.0,9,,Inhibition of hERG by patch clamp method
CHEMBL5521451,1,1,IC50,2024.0,9,,Displacement of [35S]-MK499 from hERG by patch clamp method
CHEMBL5516497,1,1,Inhibition,2024.0,9,,Inhibition of hERG
CHEMBL5516750,1,1,IC50,2024.0,9,,Inhibition of hERG expressed in mammalian cells by whole-cell patch clamp electrophysiology method
CHEMBL5516755,1,1,Inhibition,2024.0,9,,Inhibition of hERG expressed in HEK293 cells at 10 uM by thallium flux assay relative to control
CHEMBL5516856,1,1,Inhibition,2024.0,9,,Inhibition of human ERG at 10 uM relative to control
CHEMBL5516890,1,1,Ki,2024.0,9,,Binding affinity to human ERG assessed as inhibition constant
CHEMBL3374278,1,1,IC50,2014.0,9,,Inhibition of human ERG by patch clamp assay
CHEMBL3368137,1,1,INH,2014.0,9,,Inhibition of human ERG
CHEMBL3368253,1,1,Activity,2014.0,9,,Binding affinity to human ERG at 3 to 30 uM
CHEMBL3369297,1,1,Inhibition,2014.0,9,,Inhibition of human ERG at 40 nM
CHEMBL5530017,1,1,Inhibition,2024.0,9,,Inhibition of human ERG at 10 uM by patch clamp method relative to control
CHEMBL5530460,1,1,Inhibition,2024.0,9,,Inhibition of hERG upto 10 uM by whole-cell voltage clamp method
CHEMBL3300819,1,1,Inhibition,2013.0,9,,Inhibition of human ERG channel at 10 uM
CHEMBL3362132,1,1,IC50,2014.0,9,,Inhibition of human ERG channel by hERG Tracer Red based fluorescent assay
CHEMBL3362479,1,1,Inhibition,2014.0,9,CHO,Inhibition of human ERG expressed in CHO cells up to 30 uM by electrophysiology
CHEMBL3370467,1,1,Inhibition,2014.0,9,,Inhibition of human ERG at 1 uM
CHEMBL3370468,1,1,Inhibition,2014.0,9,,Inhibition of human ERG at 10 uM
CHEMBL3362672,1,1,IC50,2014.0,9,CHO,Inhibition of human ERG expressed in CHO cells by dofetilide binding assay
CHEMBL3362673,1,1,IC50,2014.0,9,CHO,Inhibition of human ERG expressed in CHO cells by summary (Abse5) assay
CHEMBL3363886,1,1,Inhibition,2014.0,9,,Inhibition of human ERG at 100 uM
CHEMBL3364426,1,1,IC50,2014.0,9,,Inhibition of human ERG flux
CHEMBL3366643,1,1,Inhibition,2014.0,9,HEK293,Inhibition of human ERG expressed in HEK293 cells assessed as reduction in potassium currents up to 10 uM by whole cell patch clamp method
CHEMBL3366937,1,1,Inhibition,2014.0,9,,Inhibition of human ERG
CHEMBL5531275,1,1,Inhibition,2024.0,9,,Inhibition of human ERG expressed in CHO cells at 1 uM incubated for 7 to 10 mins by automated whole-cell patch clamp recordings relative to control
CHEMBL5516908,1,1,Inhibition,2024.0,9,,Inhibition of human ERG expressed in HEK293 cells at 3 uM incubated for 2 to 5 mins by Manual patch clamp assay relative to control
CHEMBL5517173,1,1,IC50,2024.0,9,,Inhibition of hERG expressed in CHO cells
CHEMBL3292598,1,1,Inhibition,2014.0,9,,Inhibition of human ERG tail current at 1 uM by patch clamp method relative to control
CHEMBL3292599,1,1,Inhibition,2014.0,9,,Inhibition of human ERG tail current at 10 uM by patch clamp method relative to control
CHEMBL3292600,1,1,IC50,2014.0,9,,Inhibition of human ERG tail current by patch clamp method
CHEMBL3292737,1,1,Activity,2014.0,9,HEK293,Displacement of [3H]-astemizole from human hERG expressed in HEK293 cells at 30 uM by liquid scintillation counting
CHEMBL3292925,1,1,Inhibition,2014.0,9,,Inhibition of human ERG channel at 1 uM by patch clamp technique
CHEMBL3293610,1,1,IC50,2014.0,9,HEK293,Inhibition of human ERG expressed in HEK cells by voltage clamp assay
CHEMBL3294432,1,1,Inhibition,2014.0,9,,Inhibition of human ERG tail current at 0.1 uM by patch clamp method relative to control
CHEMBL3295244,1,1,Inhibition,2014.0,9,,Inhibition of human ERG
CHEMBL3268488,1,1,Inhibition,2014.0,9,,Inhibition of human ERG channel at 50 uM
CHEMBL5535168,1,1,Inhibition,2024.0,9,,Inhibition of hERG potassium channel current at 30 uM relative to control
CHEMBL5535369,1,1,IC50,2024.0,9,,Inhibition of hERG by plate based patch clamp method
CHEMBL5536416,1,1,IC50,2024.0,9,,Inhibition of hERG transfected in HEK293 cells by whole-cell manual patch clamp assay
CHEMBL5536489,1,1,IC50,2024.0,9,,Inhibition of hERG
CHEMBL5521911,1,1,IC50,2024.0,9,,Inhibition of human ERG stably expressed in CHO cells by automated Qpatch electrophysiological assay
CHEMBL5525037,1,1,Inhibition,2024.0,9,,Inhibition of hERG expressed in CHO cells at 0.3 to 30 uM incubated for 24 to 48 hrs by voltage clamp electrophysiology
CHEMBL5525513,1,1,Activity,2024.0,9,,Inhibition of hERG expressed in HEK cells assessed as remaining activity at 10 uM by automated patch clamp method relative to control
CHEMBL5538910,1,1,Inhibition,2024.0,9,,Inhibition of hERG
CHEMBL5538984,1,1,Inhibition,2024.0,9,,Inhibition of hERG in Xenopus laevis Oocytes upto 30 uM incubated for 10 mins by patch-clamp method relative to control
CHEMBL5539527,1,1,IC50,2024.0,9,,Inhibition of hERG transfected in HEK293 cells by whole cell patch-clamp method
CHEMBL5539772,1,1,IC50,2024.0,9,,Inhibition of hERG expressed in HEK293 cells at -80 mV holding potential by whole-cell patch clamp technique
CHEMBL5540022,1,1,IC50,2024.0,9,,Inhibition of human ERG
CHEMBL5540303,1,1,IC50,2024.0,9,,Inhibition of hERG at -80 mV holding potential by whole cell patch clamp recording assay
CHEMBL5540457,1,1,Inhibition,2024.0,9,,Inhibition of hERG at 10 uM
CHEMBL5543784,1,1,Inhibition,2024.0,9,,Inhibition of human ERG at 10 uM by whole cell patch clamp method relative to control
CHEMBL5543948,1,1,Inhibition,2024.0,9,,Inhibition of hERG potassium channel at 10 uM
CHEMBL5544252,1,1,IC50,2024.0,9,,Inhibition of human ERG expressed in HEK293 cells by plate based patch-clamp method
CHEMBL5545677,1,1,IC50,2024.0,9,,Inhibition of hERG expressed in HEK293 cells
CHEMBL5531276,1,1,Inhibition,2024.0,9,,Inhibition of human ERG expressed in CHO cells at 3 uM incubated for 7 to 10 mins by automated whole-cell patch clamp recordings relative to control
CHEMBL5531383,1,1,Inhibition,2024.0,9,,Inhibition of hERG potassium channel stably expressed in HEK293 cells at 3 uM at -80 mV holding potential incubated for 18 hrs by whole-cell patch-clamp analysis relative to control
CHEMBL5531470,1,1,IC50,2024.0,9,,Inhibition of human ERG
CHEMBL5534682,1,1,IC50,2024.0,9,,Inhibition of human ERG expressed in HEK293 cells by manual-patch clamp assay
CHEMBL5535167,1,1,Inhibition,2024.0,9,,Inhibition of hERG potassium channel current at 0.3 to 30 uM
CHEMBL3269792,1,1,IC50,2014.0,9,,Inhibition of human ERG channel
CHEMBL3270478,1,1,IC50,2014.0,9,,Displacement of [3H]astemizole from human ERG after 60 mins by competitive binding assay
CHEMBL3270545,1,1,IC50,2014.0,9,,Inhibition of human ERG
CHEMBL3271183,1,1,Inhibition,2014.0,9,HEK293,Inhibition of human ERG channel expressed in HEK293 cells at 1 uM after 3 to 5.7 mins by whole-cell patch clamp technique
CHEMBL3271184,1,1,Inhibition,2014.0,9,HEK293,Inhibition of human ERG channel expressed in HEK293 cells at 10 uM after 3 to 5.7 mins by whole-cell patch clamp technique
CHEMBL3271185,1,1,Inhibition,2014.0,9,HEK293,Inhibition of human ERG channel expressed in HEK293 cells at 30 uM after 3 to 5.7 mins by whole-cell patch clamp technique
CHEMBL3271186,1,1,Inhibition,2014.0,9,HEK293,Inhibition of human ERG channel expressed in HEK293 cells at 100 uM after 3 to 5.7 mins by whole-cell patch clamp technique
CHEMBL3271187,1,1,Inhibition,2014.0,9,HEK293,Inhibition of human ERG channel expressed in HEK293 cells at 0.1 uM after 3 to 5.7 mins by whole-cell patch clamp technique
CHEMBL3271188,1,1,IC50,2014.0,9,HEK293,Inhibition of human ERG channel expressed in HEK293 cells after 3 to 5.7 mins by whole-cell patch clamp technique
CHEMBL3241797,1,1,INH,2014.0,9,,Inhibition of human ERG
CHEMBL3242088,1,1,Inhibition,2014.0,9,,Inhibition of human ERG up to 5 uM by patch clamp assay
CHEMBL3242637,1,1,Inhibition,2014.0,9,,Inhibition of human ERG channel at 33 uM
CHEMBL3243210,1,1,Inhibition,2014.0,9,HEK293,Inhibition of human ERG expressed in HEK293 cells at 3 uM at 4 Hz by patch clamp assay relative to control
CHEMBL5548880,1,1,IC50,2024.0,9,,Inhibition of hERG
CHEMBL5548973,1,1,IC50,2024.0,9,,Inhibition of hERG
CHEMBL5538724,1,1,IC50,2024.0,9,,Inhibition of hERG by auto-patch clamp assay
CHEMBL3267117,1,1,IC50,2014.0,9,,Inhibition of human ERG
CHEMBL3267744,1,1,IC50,2014.0,9,,Inhibition of human ERG channel by patch-clamp assay
CHEMBL3268095,1,1,INH,2014.0,9,,Inhibition of human ERG channel
CHEMBL3227119,1,1,IC50,2013.0,9,,Inhibition of dofetilide binding to human ERG
CHEMBL3239685,1,1,Inhibition,2014.0,9,,Inhibition of human ERG up to 30 uM by PatchXpress analysis
CHEMBL3239686,1,1,IC50,2014.0,9,,Inhibition of human ERG by MK-499 displacement binding analysis
CHEMBL3239967,1,1,IC50,2014.0,9,,Inhibition of human ERG by patch clamp assay
CHEMBL5577688,1,1,IC50,2024.0,9,,Inhibition of hERG
CHEMBL5578649,1,1,Inhibition,2024.0,9,,Inhibition of hERG at 10 uM incubated for 3 mins by automatic parallel patch clamp assay relative to control
CHEMBL5545983,1,1,IC50,2024.0,9,,Inhibition of hERG manual patch clamp assay
CHEMBL5546322,1,1,IC50,2024.0,9,,Inhibition of hERG
CHEMBL5546326,1,1,Inhibition,2024.0,9,,Inhibition of hERG transfected in HEK293 cells at 50 uM by patch clamp assay
CHEMBL5546327,1,1,Inhibition,2024.0,9,,Inhibition of hERG transfected in HEK293 cells at 10 uM by patch clamp assay
CHEMBL5546328,1,1,Inhibition,2024.0,9,,Inhibition of hERG transfected in HEK293 cells at 30 uM by patch clamp assay relative to control
CHEMBL5547791,1,1,Inhibition,2024.0,9,,Inhibition of hERG assessed as thallium flux at 10 uM by SAFETYscan analysis
CHEMBL5547882,1,1,Inhibition,2024.0,9,,Inhibition of hERG at 3 uM by whole cell Qpatch assay relative to control
CHEMBL1102324,1,1,Inhibition,2010.0,9,,Inhibition of human ERG at 1 uM
CHEMBL3240651,1,1,INH,2014.0,9,,Inhibition of human ERG
CHEMBL3241473,1,1,Inhibition,2014.0,9,HEK293,Inhibition of human ERG channel transfected in HEK293 cells assessed as reduction in delayed rectifier current at 3 uM by patch clamp assay
CHEMBL1769628,1,1,Inhibition,2011.0,9,,Inhibition of human ERG in cells at 0.5 uM by patch clamp assay
CHEMBL1769664,1,1,Inhibition,2011.0,9,,Inhibition of human ERG by patch clamp assay
CHEMBL1772125,1,1,IC50,2011.0,9,,Inhibition of human ERG
CHEMBL1772827,1,1,IC50,2011.0,9,,Binding affinity to human ERG
CHEMBL5549269,1,1,IC50,2024.0,9,,Inhibition of human ERG expressed in HEK293 cells
CHEMBL5551344,1,1,IC50,2024.0,9,,Inhibition of hERG
CHEMBL5552021,1,1,IC50,2024.0,9,,Inhibition of human ERG by whole-cell patch clamp method
CHEMBL5553380,1,1,Inhibition,2024.0,9,,Inhibition of human ERG
CHEMBL5554343,1,1,IC50,2024.0,9,,Inhibition of hERG
CHEMBL3243282,1,1,IC50,2014.0,9,,Binding affinity to human ERG by dofetilide binding assay
CHEMBL3266304,1,1,Inhibition,2014.0,9,,Inhibition of human ERG channel at 50 uM by patch clamp technique
CHEMBL3266593,1,1,IC20,2014.0,9,,Inhibition of human ERG channel by Patch clamp assay
CHEMBL3266605,1,1,IC20,2014.0,9,,Inhibition of human ERG
CHEMBL5579459,1,1,Inhibition,2024.0,9,,Inhibition of HA-tagged hERG expressed in human U2OS cells assessed as reduction in ERG protein at 3 uM incubated for 24 hrs by Western blotting analysis
CHEMBL5582339,1,1,Inhibition,2024.0,9,,Inhibition of human ERG at 1 uM by whole cell patch clamp method relative to control
CHEMBL1772911,1,1,IC50,2011.0,9,,Inhibition of human ERG by patch-clamp method
CHEMBL1775806,1,1,IC50,2011.0,9,,Inhibition of human ERG by patch clamp assay
CHEMBL1776071,1,1,Inhibition,2011.0,9,,Binding affinity to human ERG at 3.16 uM
CHEMBL3241657,1,1,Inhibition,2014.0,9,,Inhibition of human ERG channel up to 30 uM by astemizole binding assay
CHEMBL3241658,1,1,Inhibition,2014.0,9,HEK293,Inhibition of human ERG channel transfected in HEK293 cells assessed as K+ current at up to 10 uM by patch clamp assay
CHEMBL3224294,1,1,Ki,2012.0,9,,Binding affinity to human ERG
CHEMBL3225065,1,1,Inhibition,2011.0,9,CHO,Inhibition of human ERG channel expressed in CHO cells at 1 uM
CHEMBL3225066,1,1,Inhibition,2011.0,9,CHO,Inhibition of human ERG channel expressed in CHO cells at 10 uM
CHEMBL3225152,1,1,IC50,2014.0,9,,Inhibition of human ERG
CHEMBL5582340,1,1,Inhibition,2024.0,9,,Inhibition of human ERG at 10 uM by whole cell patch clamp method relative to control
CHEMBL5583194,1,1,IC50,2024.0,9,,Inhibition of hERG expressed in CHO cells by automated patch-clamp assay
CHEMBL1073464,1,1,Inhibition,2010.0,9,,Inhibition of human ERG at 10 uM
CHEMBL1100678,1,1,Activity,2010.0,9,,Inhibition of human ERG at 10 nM
CHEMBL1101945,1,1,IC50,2010.0,9,,Inhibition of human ERG
CHEMBL5585499,1,1,Inhibition,2024.0,9,,Inhibition of human ERG expressed in HEK293 cells at 30 uM by whole cell voltage clamp assay
CHEMBL5585575,1,1,IC50,2024.0,9,,Inhibition of hERG
CHEMBL5585758,1,1,Inhibition,2024.0,9,,Inhibition of hERG potassium channel at 1 uM relative to control
CHEMBL5586807,1,1,IC50,2024.0,9,,Inhibition of hERG by electrophysiology
CHEMBL3226521,1,1,IC50,2012.0,9,,Inhibition of human ERG
CHEMBL3129644,1,1,IC50,2014.0,9,,Inhibition of human ERG
CHEMBL3131949,1,1,INH,2014.0,9,,Inhibition of human ERG by patch clamp assay
CHEMBL3131986,1,1,IC50,2014.0,9,,Displacement of [3H]-dofetilide from human ERG after 1 hr by liquid scintillation counting analysis
CHEMBL3135109,1,1,IC50,2013.0,9,,Inhibition of human ERG by electrophysiology assay
CHEMBL3135871,1,1,IC50,2013.0,9,,Inhibition of human ERG
CHEMBL3223442,1,1,Inhibition,2011.0,9,,Inhibition of human ERG at 10 uM
CHEMBL5586854,1,1,IC50,2024.0,9,,Inhibition of hERG transfected in HEK293 cells by patch clamp assay
CHEMBL5588791,1,1,Inhibition,2024.0,9,,Inhibition of human ERG at 25 uM by whole cell voltage clamping assay
CHEMBL5589393,1,1,IC50,2024.0,9,,Inhibition of hERG
CHEMBL5608855,1,1,EC50,2024.0,9,,Inhibition of hERG potassium channel by patch clamp assay
CHEMBL5579448,1,1,IC50,2024.0,9,,Inhibition of hERG expressed in CHO cells by QPatch voltage clamp assay
CHEMBL5609109,1,1,Inhibition,2024.0,9,,Inhibition of human ERG expressed in CHO cells at 0.3 uM by whole-cell patch clamp assay relative to control
CHEMBL5609110,1,1,Inhibition,2024.0,9,,Inhibition of human ERG expressed in CHO cells at 3 uM by whole-cell patch clamp assay relative to control
CHEMBL5609111,1,1,Inhibition,2024.0,9,,Inhibition of human ERG expressed in CHO cells at 30 uM by whole-cell patch clamp assay relative to control
CHEMBL3118388,1,1,Inhibition,2014.0,9,,Inhibition of human ERG at 3 uM by patchxpress assay
CHEMBL3118572,1,1,Inhibition,2014.0,9,,Binding affinity to human ERG
CHEMBL3122291,1,1,INH,2014.0,9,,Inhibition of human ERG
CHEMBL3123163,1,1,EC50,2014.0,9,,Inhibition of human ERG by patch-clamp technique
CHEMBL3123229,1,1,IC50,2014.0,9,HEK293,Inhibition of human ERG expressed in HEK293 cells
CHEMBL3123641,1,1,Inhibition,2014.0,9,,Inhibition of human ERG at 10 uM by whole cell patch clamp assay
CHEMBL3124407,1,1,Inhibition,2014.0,9,,Inhibition of human ERG at 10 uM
CHEMBL3128610,1,1,IC50,2014.0,9,,Inhibition of human ERG by patch-clamp assay
CHEMBL5609721,1,1,EC50,2024.0,9,,Inhibition of hERG expressed in CHO cells by patch clamp method
CHEMBL5610224,1,1,Inhibition,2024.0,9,,Inhibition of human ERG expressed in HEK293 cells at 10 uM by whole-cell patch clamp method relative to control
CHEMBL5610225,1,1,Inhibition,2024.0,9,,Inhibition of human ERG expressed in HEK293 cells at 50 uM by whole-cell patch clamp method relative to control
CHEMBL5611731,1,1,Inhibition,2024.0,9,,Inhibition of human ERG at 10 uM by whole-cell patch clamp method relative to control
CHEMBL5616420,1,1,Inhibition,2024.0,9,,Inhibition of hERG at 10 uM relative to control
CHEMBL3106563,1,1,IC50,2014.0,9,,Inhibition of human ERG by patch-clamp assay
CHEMBL3106829,1,1,EC50,2014.0,9,,Inhibition of human ERG
CHEMBL3107056,1,1,Inhibition,2014.0,9,,Inhibition of human ERG at 3 uM by patch clamp assay
CHEMBL3107883,1,1,INH,2014.0,9,,Inhibition of human ERG
CHEMBL3108398,1,1,IC50,2013.0,9,,Inhibition of human ERG
CHEMBL3111671,1,1,IC50,2014.0,9,,Inhibition of human ERG
CHEMBL3116554,1,1,Inhibition,2014.0,9,,Inhibition of human ERG channel at 30 uM by ionworks assay
CHEMBL3116939,1,1,IC50,2014.0,9,CHO,Inhibition of human ERG expressed in CHO cells by patch clamp assay
CHEMBL3117650,1,1,Inhibition,2014.0,9,,Inhibition of human ERG up to 1 uM by patch clamp assay
CHEMBL3117841,1,1,IC50,2014.0,9,,Inhibition of human ERG
CHEMBL5626860,1,1,Inhibition,2023.0,9,,Inhibition of hERG at 10 uM relative to control
CHEMBL5627060,1,1,Inhibition,2023.0,9,,Inhibition of human ERG expressed in HEK293 cells at 1 uM by patch-clamp electrophysiology method relative to control
CHEMBL5627061,1,1,Inhibition,2023.0,9,,Inhibition of human ERG expressed in HEK293 cells at 10 uM by patch-clamp electrophysiology method relative to control
CHEMBL5627062,1,1,Inhibition,2023.0,9,,Inhibition of human ERG expressed in HEK293 cells at 30 uM by patch-clamp electrophysiology method relative to control
CHEMBL5627867,1,1,IC50,2023.0,9,,Inhibition of hERG
CHEMBL5628630,1,1,IC50,2023.0,9,,Inhibition of hERG
CHEMBL3100944,1,1,Inhibition,2013.0,9,,Inhibition of human ERG at 10 uM relative to control
CHEMBL3101015,1,1,Inhibition,2014.0,9,,Inhibition of human ERG channel at 10 uM by patch-clamp technique
CHEMBL3101858,1,1,IC50,2013.0,9,,Inhibition of human ERG
CHEMBL3102172,1,1,IC50,2013.0,9,,Inhibition of human ERG
CHEMBL3102516,1,1,Inhibition,2013.0,9,,Inhibition of human ERG at 10 nM relative to control
CHEMBL3102517,1,1,Inhibition,2013.0,9,,Inhibition of human ERG at 0.1 uM relative to control
CHEMBL2447581,1,1,Inhibition,2013.0,9,HEK293,Inhibition of human ERG expressed in HEK293 cells at 100 uM by patch-clamp technique
CHEMBL5636442,1,1,IC50,2023.0,9,,Inhibition of hERG
CHEMBL5636884,1,1,Inhibition,2023.0,9,,Inhibition of hERG transfected in HEK293 cells at <10 uM by electrography
CHEMBL5637716,1,1,IC50,2023.0,9,,Inhibition of hERG by non-electrophysiological analysis
CHEMBL5638266,1,1,Inhibition,2023.0,9,,Inhibition of hERG transfected in CHO cells at 30 uM by manual patch-clamp assay relative to control
CHEMBL5638881,1,1,Inhibition,2024.0,9,,Inhibition of hERG
CHEMBL5654566,1,1,Inhibition,2012.0,9,,Inhibition of human ERG at 1 uM relative to control
CHEMBL5623240,1,1,IC50,2023.0,9,,Inhibition of hERG by patch clamp assay
CHEMBL5626025,1,1,IC50,2023.0,9,,Inhibition of hERG stably expressed in CHO cells at -80 mV holding potential measured after 4 mins by manual patch-clamp assay
CHEMBL3102518,1,1,Inhibition,2013.0,9,,Inhibition of human ERG at 1 uM relative to control
CHEMBL2447583,1,1,Inhibition,2013.0,9,HEK293,Inhibition of human ERG expressed in HEK293 cells at 50 uM by patch-clamp technique
CHEMBL3070020,1,1,Inhibition,2013.0,9,HEK293,Inhibition of Homo sapiens (human) ERG expressed in HEK293 cells at 10 uM after 3 hr by rubidium efflux assay
CHEMBL3089256,1,1,IC50,2013.0,9,CHO,Inhibition of human ERG current transfected in CHO cells by patch clamp assay
CHEMBL3090926,1,1,Inhibition,2013.0,9,CHO,Inhibition of human ERG expressed in CHO cells at 10 uM by whole-cell voltage-clamp technique relative to control
CHEMBL3094681,1,1,Inhibition,2013.0,9,,Inhibition of human ERG at 2 uM by voltage clamp assay
CHEMBL3095543,1,1,Inhibition,2013.0,9,,Inhibition of human ERG at 10 uM by patch clamp assay
CHEMBL3096209,1,1,Ki,2013.0,9,,Binding affinity to human ERG
CHEMBL3096350,1,1,Inhibition,2013.0,9,CHO,Inhibition of human ERG expressed in CHO cells at 10 uM by patch clamp assay relative to control
CHEMBL3096515,1,1,Inhibition,2013.0,9,HEK293,Inhibition of human ERG channel expressed in HEK293 cells at 100 nM after 10 to 30 mins by whole-cell patch clamp technique
CHEMBL1071753,1,1,IC20,2010.0,9,,Inhibition of human ERG by patch clamp assay
CHEMBL5715853,1,1,Inhibition of control,2024.0,9,,Selectivity interaction (SafetyScreen (Eurofins)) EUB0002332a KCNH2
CHEMBL5716585,1,1,Inhibition,2008.0,9,,Inhibition of human ERG channel assessed as reduction in K+ current by whole-cell voltage-clamp assay
CHEMBL5724480,1,1,% Ctrl,2024.0,9,,Activity against K+/HERG in the  Eurofins SafetyScreen44 (BI) by Radioactive Assay
CHEMBL5634738,1,1,IC50,2023.0,9,,Inhibition of hERG
CHEMBL3096730,1,1,Ratio,2013.0,9,HEK293,Ratio of IC50 for human ERG channel expressed in HEK293 cells after 15 mins by whole-cell patch clamp technique to Ki for human ERG channel expressed in HEK293 cell membrane after 1 hr by scintillation counting analysis
CHEMBL3100171,1,1,Inhibition,2013.0,9,CHO,Inhibition of human ERG expressed in CHO cells at 10 uM relative to control
CHEMBL1065724,1,1,Inhibition,2010.0,9,,Inhibition of human ERG at 33 uM
CHEMBL2439896,1,1,IC50,2013.0,9,HEK293,Inhibition of human ERG tail current transfected in HEK293 cells by patch clamp assay
CHEMBL2443511,1,1,IC50,2013.0,9,CHO,Inhibition of human ERG expressed in CHO cells by patch-clamp technique
CHEMBL2444709,1,1,IC50,2013.0,9,,Inhibition of human ERG channel by patch clamp assay
CHEMBL2444927,1,1,Inhibition,2013.0,9,,Inhibition of human ERG at 10 uM relative to control
CHEMBL2445494,1,1,Inhibition,2013.0,9,HEK293,Displacement of [3H]-Astemizole from human recombinant ERG expressed in HEK293 cells at 10 uM relative to control
CHEMBL2445808,1,1,Inhibition,2013.0,9,,Inhibition of human ERG up to 100 uM
CHEMBL2446215,1,1,Inhibition,2013.0,9,,Inhibition of human ERG (unknown origin) at 10 uM
CHEMBL2424275,1,1,Inhibition,2013.0,9,,Displacement of [3H]dofetilide from human ERG channel at 10 uM
CHEMBL1066164,1,1,Inhibition,2010.0,9,,Inhibition of human ERG potassium channel up to 10 uM
CHEMBL1104518,1,1,IC50,2010.0,9,,Inhibition of human ERG by electrophysiology assay
CHEMBL1068556,1,1,Inhibition,2010.0,9,,Inhibition of human ERG at 10 uM
CHEMBL1068919,1,1,IC50,2010.0,9,,Inhibition of human ERG assessed as blockade of channel current by electrophysiology assay
CHEMBL1068920,1,1,Ki,2010.0,9,,Displacement of [3H]dofetilidine from human ERG by scintillation proximity assay
CHEMBL1069964,1,1,IC50,2010.0,9,,Inhibition of human ERG channel
CHEMBL2447582,1,1,Inhibition,2013.0,9,HEK293,Inhibition of human ERG expressed in HEK293 cells at 10 uM by patch-clamp technique
CHEMBL1059728,1,1,Inhibition,2009.0,9,,Inhibition of human ERG by patch-clamp electrophysiology assay
CHEMBL1060814,1,1,IC50,2009.0,9,HEK293,Displacement of [35S]MK499 from human ERG expressed in HEK293 cells overexpressing Ikr channel protein
CHEMBL2427694,1,1,IC50,2013.0,9,,Inhibition of human ERG
CHEMBL2429187,1,1,IC50,2013.0,9,,Inhibition of human ERG
CHEMBL2432176,1,1,IC50,2013.0,9,,Inhibition of human ERG by patch clamp assay
CHEMBL2432226,1,1,IC50,2013.0,9,,Inhibition of human ERG channel expressed in Chinese hamster lung cells after 6 to 7 mins by patch clamp assay
CHEMBL2412548,1,1,Inhibition,2013.0,9,,Inhibition of human ERG at 1 uM relative to control
CHEMBL2412549,1,1,Inhibition,2013.0,9,,Inhibition of human ERG at 10 uM relative to control
CHEMBL2412551,1,1,Inhibition,2013.0,9,,Inhibition of human ERG at 0.1 uM relative to control
CHEMBL2415177,1,1,IC50,2013.0,9,,Inhibition of human ERG channel by patch clamp analysis
CHEMBL2415207,1,1,Inhibition,2013.0,9,,Inhibition of human ERG channel at 30 uM by patch clamp analysis
CHEMBL1061682,1,1,Activity,2009.0,9,,Inhibition of human ERG
CHEMBL1072008,1,1,IC50,2010.0,9,,Inhibition of human ERG
CHEMBL1063264,1,1,IC50,2009.0,9,,Inhibition of human ERG
CHEMBL1063998,1,1,IC50,2009.0,9,,Inhibition of human ERG
CHEMBL1065723,1,1,Inhibition,2010.0,9,,Inhibition of human ERG at 100 uM
CHEMBL2422520,1,1,IC50,2013.0,9,,Inhibition of human ERG
CHEMBL2422533,1,1,Inhibition,2013.0,9,HEK293,Inhibition of human ERG expressed in HEK293 cells assessed as membrane depolarization at 100 nM by patch-clamp method
CHEMBL2404558,1,1,IC20,2013.0,9,CHO,Inhibition of human ERG channel expressed in CHO cells by patch clamp technique
CHEMBL2405803,1,1,Inhibition,2013.0,9,,Inhibition of human ERG at 10 uM
CHEMBL2406416,1,1,IC50,2013.0,9,,Inhibition of human ERG by patch clamp method
CHEMBL2415312,1,1,IC50,2013.0,9,,Inhibition of human ERG channel by Rb efflux assay
CHEMBL1804845,1,1,Inhibition,2011.0,9,,Inhibition of human ERG at 10 uM
CHEMBL1805122,1,1,IP,2011.0,9,,Inhibition of human ERG potassium channel
CHEMBL1780724,1,1,Inhibition,2011.0,9,,Inhibition of human ERG at 1 uM
CHEMBL1781114,1,1,Inhibition,2011.0,9,,Inhibition of human ERG at 10 uM
CHEMBL1781167,1,1,IC50,2011.0,9,,Inhibition of human ERG by patch clamp method
CHEMBL1781387,1,1,IC50,2011.0,9,,Inhibition of human ERG by voltage-clamp electrophysiology
CHEMBL1066810,1,1,Inhibition,2010.0,9,,Inhibition of human ERG at 10 uM by patch clamp method
CHEMBL1066913,1,1,Inhibition,2010.0,9,,Inhibition of human ERG at 1 uM
CHEMBL1066915,1,1,Inhibition,2010.0,9,,Inhibition of human ERG at 300 nM
CHEMBL1058832,1,1,Inhibition,2009.0,9,,Inhibition of human ERG at 10 uM by ion works assay
CHEMBL6082819,1,1,IC50,2025.0,9,,Inhibition of hERG expressed in CHO cells by Qpatch assay
CHEMBL2410074,1,1,IC50,2013.0,9,,Binding affinity to human ERG
CHEMBL2396050,1,1,Inhibition,2013.0,9,HEK293,Displacement of [3H]Astemizole from human recombinant ERG expressed in HEK293 cells at at 10 uM after 60 mins relative to control
CHEMBL2396234,1,1,Inhibition,2013.0,9,,Inhibition of human ERG at 10 uM relative to control
CHEMBL2396469,1,1,IC50,2013.0,9,,Inhibition of human ERG
CHEMBL2398835,1,1,Inhibition,2013.0,9,,Inhibition of human ERG at 10 uM by patch clamp assay
CHEMBL2398849,1,1,INH,2013.0,9,,Inhibition of human ERG by patch clamp assay
CHEMBL6071317,1,1,Inhibition,2024.0,9,,Inhibition of human ERG at >50 uM
CHEMBL6072658,1,1,IC50,2024.0,9,,Antagonist activity at recombinant hERG expressed in CHO-K1 cells by Electrophysiology
CHEMBL1062488,1,1,Inhibition,2009.0,9,,Displacement of [3H]dofetilide from human ERG at 10 uM
CHEMBL1052485,1,1,Inhibition,2009.0,9,,Inhibition of human ERG at 10 uM by patch clamp assay
CHEMBL1052982,1,1,Activity,2009.0,8,HEK293,Inactivation of Kv1.2 channel expressed in -70 mV-activated HEK293 cells followed by further 10 mV pulse stimulation assessed as reduction in half maximal activation potential (RVb= -0.1 +/- 2.2 mV)
CHEMBL1052984,1,1,IC50,2009.0,9,,Inhibition of human ERG channel
CHEMBL1054528,1,1,IC50,2009.0,9,HEK293,Inhibition of human ERG expressed in HEK cells
CHEMBL1054706,1,1,Inhibition,2009.0,9,HEK293,Inhibition of human ERG expressed in HEK293 cells at 3 uM
CHEMBL6073558,1,1,IC50,2024.0,9,,Inhibition of hERG
CHEMBL6085602,1,1,Inhibition,2024.0,9,,Inhibition of hERG expressed in CHO-K1 cells at 0.625 uM relative to control
CHEMBL6085603,1,1,Inhibition,2024.0,9,,Inhibition of hERG expressed in CHO-K1 cells at 1.25 uM relative to control
CHEMBL6085604,1,1,Inhibition,2024.0,9,,Inhibition of hERG expressed in CHO-K1 cells at 2.5 uM relative to control
CHEMBL6085605,1,1,Inhibition,2024.0,9,,Inhibition of hERG expressed in CHO-K1 cells at 5 uM relative to control
CHEMBL6085606,1,1,Inhibition,2024.0,9,,Inhibition of hERG expressed in CHO-K1 cells at 10 uM relative to control
CHEMBL6085607,1,1,Inhibition,2024.0,9,,Inhibition of hERG expressed in CHO-K1 cells at 0.01 uM relative to control
CHEMBL6085608,1,1,Inhibition,2024.0,9,,Inhibition of hERG expressed in CHO-K1 cells at 0.03 uM relative to control
CHEMBL6085609,1,1,Inhibition,2024.0,9,,Inhibition of hERG expressed in CHO-K1 cells at 0.1 uM relative to control
CHEMBL6075365,1,1,Inhibition,2024.0,9,,Inhibition of human ERG expressed in CHO cells at 20 uM by Qpatch clamp method relative to control
CHEMBL6075366,1,1,IC50,2024.0,9,,Inhibition of human ERG expressed in CHO cells by Qpatch clamp method
CHEMBL6075892,1,1,Inhibition,2024.0,9,,Inhibition of human ERG at 3 uM by patch clamp assay relative to control
CHEMBL6076256,1,1,Activity,2024.0,9,,Binding affinity to hERG at 10 uM by radioligand displacement assay
CHEMBL6076384,1,1,IC50,2024.0,9,,Displacement of [3H]-dofetilide from human ERG expressed in HEK293 cells incubated for 45 mins by topcount scintillation counting method
CHEMBL6076554,1,1,IC50,2024.0,9,,Inhibition of human ERG expressed in CHO cells
CHEMBL6080247,1,1,IC50,2024.0,9,,Displacement of [3H]-Dofetilide from recombinant hERG expressed in HEK293 cells incubated for 60 mins by radioligand binding assay
CHEMBL6081135,1,1,IC50,2024.0,9,,Inhibition of hERG
CHEMBL1050164,1,1,IC50,2009.0,9,,Inhibition of human ERG
CHEMBL2400598,1,1,Inhibition,2013.0,9,,Inhibition of human ERG at 30 uM relative to control
CHEMBL2400599,1,1,Inhibition,2013.0,9,,Inhibition of human ERG at 10 uM relative to control
CHEMBL2389567,1,1,Inhibition,2013.0,9,,Inhibition of human ERG
CHEMBL2389758,1,1,Inhibition,2013.0,9,CHO-K1,Inhibition of human ERG channel expressed in CHOK1 cells at 100 uM after 5 mins by patch clamp technique
CHEMBL2390460,1,1,IC50,2013.0,9,,Inhibition of human ERG
CHEMBL2394789,1,1,Inhibition,2013.0,9,HEK293,Inhibition of human ERG expressed in HEK293 cells at 50 nM by whole-cell patch-clamp technique relative to control
CHEMBL2394846,1,1,Inhibition,2013.0,9,,Inhibition of human ERG channel at 10 uM
CHEMBL2394847,1,1,Inhibition,2013.0,9,,Inhibition of human ERG channel at 1 uM
CHEMBL2395380,1,1,IC50,2013.0,9,HEK293,Inhibition of human ERG expressed in HEK293 cells by whole-cell patch-clamp technique
CHEMBL6087552,1,1,Inhibition,2024.0,9,,Inhibition of hERG potassium channel expressed in HEK cells at 100 uM relative to control
CHEMBL6087553,1,1,Inhibition,2024.0,9,,Inhibition of hERG potassium channel expressed in HEK cells at 60 nM relative to control
CHEMBL6084474,1,1,Inhibition,2024.0,9,,Inhibition of hERG at 10 uM relative to control
CHEMBL6085400,1,1,Inhibition,2024.0,9,,Inhibition of hERG at 30 uM relative to control
CHEMBL6085443,1,1,IC50,2024.0,9,,Inhibition of hERG expressed in CHO cells by automated patch clamp assay
CHEMBL6085601,1,1,Inhibition,2024.0,9,,Inhibition of hERG expressed in CHO-K1 cells at 0.313 uM relative to control
CHEMBL6092657,1,1,Inhibition,2024.0,9,,Inhibition of hERG upto 30 uM
CHEMBL6092671,1,1,IC50,2024.0,9,,Inhibition of human ERG
CHEMBL6085610,1,1,Inhibition,2024.0,9,,Inhibition of hERG expressed in CHO-K1 cells at 0.3 uM relative to control
CHEMBL6085611,1,1,Inhibition,2024.0,9,,Inhibition of hERG expressed in CHO-K1 cells at 1 uM relative to control
CHEMBL6085612,1,1,Inhibition,2024.0,9,,Inhibition of hERG expressed in CHO-K1 cells at 3 uM relative to control
CHEMBL6086151,1,1,IC50,2024.0,9,,Inhibition of hERG expressed in HEK293 cells by patch clamp method
CHEMBL6086476,1,1,IC50,2024.0,9,,Inhibition of hERG
CHEMBL6086572,1,1,IC50,2024.0,9,,Inhibition of hERG
CHEMBL6086573,1,1,Inhibition,2024.0,9,,Inhibition of hERG upto 10 uM relative to control
CHEMBL6086884,1,1,IC50,2024.0,9,,Inhibition of hERG in HEK293 cells by whole-cell patch clamp assay
CHEMBL6086885,1,1,Inhibition,2024.0,9,,Inhibition of hERG in HEK293 cells at 10 uM by whole-cell patch clamp assay relative to control
CHEMBL1046692,1,1,IC50,2009.0,9,,Inhibition of human ERG
CHEMBL1047263,1,1,IC50,2009.0,9,,Inhibition of human ERG
CHEMBL1047806,1,1,Activity,2009.0,9,HEK293,Displacement of [3H]astemizole from human recombinant ERG expressed in HEK293 cells at 3 uM
CHEMBL1049590,1,1,Activity,2009.0,9,,Inhibition of human ERG
CHEMBL1049781,1,1,Ki,2009.0,9,,Binding affinity to human ERG
CHEMBL6095053,1,1,Inhibition,2024.0,9,,Inhibition of human ERG at 3 uM by patch clamp method relative to control
CHEMBL6095370,1,1,Inhibition,2024.0,9,,Inhibition of hERG
CHEMBL6095964,1,1,Inhibition,2024.0,9,,Inhibition of hERG at 3 uM relative to control
CHEMBL6095965,1,1,Inhibition,2024.0,9,,Inhibition of hERG at 30 uM relative to control
CHEMBL6096187,1,1,IC50,2024.0,9,,Inhibition of hERG
CHEMBL6096188,1,1,Inhibition,2024.0,9,,Inhibition of hERG at 10 uM relative to control
CHEMBL6096353,1,1,Inhibition,2024.0,9,,Inhibition of hERG expressed in mammalian cells at 10 uM by automated patch-clamp technique relative to control
CHEMBL6097137,1,1,Inhibition,2024.0,9,,Inhibition of human ERG at 10 uM by fluorescence polarization relative to control
CHEMBL6087903,1,1,Inhibition,2025.0,9,,Inhibition of human ERG at 30 uM
CHEMBL6089007,1,1,IC50,2024.0,9,,Inhibition of hERG transfected in CHO cells by patch clamp automated cellular electrophysiology analysis
CHEMBL6089947,1,1,EC50,2025.0,9,,Inhibition of hERG expressed in CHO cells by whole-cell patch-clamp assay
CHEMBL6089948,1,1,Inhibition,2025.0,9,,Inhibition of hERG expressed in CHO cells at 30 uM by whole-cell patch-clamp assay relative to control
CHEMBL6090012,1,1,IC50,2025.0,9,,Inhibition of hERG
CHEMBL6090197,1,1,IC50,2025.0,9,,Inhibition of human ERG by Eurofins kinase assay
CHEMBL6090530,1,1,IC50,2025.0,9,,Inhibition of hERG expressed in CHO cells by automated patch-clamp assay
CHEMBL6091500,1,1,IC50,2025.0,9,,Inhibition of human ERG
CHEMBL6104422,1,1,Ki,2025.0,9,,Inhibition of human ERG by patch clamp assay
CHEMBL6093468,1,1,IC50,2024.0,9,,Inhibition of hERG
CHEMBL6093782,1,1,FC,2024.0,9,,Inhibition of hERG by measuring fold change by fluorescence polarization assay relative to E-4031
CHEMBL6093981,1,1,IC50,2024.0,9,,Inhibition of hERG expressed in HEK293 cells by patch clamp method
CHEMBL6094454,1,1,Inhibition,2024.0,9,,Inhibition of human ERG expressed in CHO cells at 40 uM by QPatch assay relative to control
CHEMBL2395381,1,1,Inhibition,2013.0,9,HEK293,Inhibition of human ERG expressed in HEK293 cells at 100 uM by whole-cell patch-clamp technique relative to control
CHEMBL2382843,1,1,Inhibition,2013.0,9,,Inhibition of human ERG at 1 uM after 5 mins by voltage clamp assay relative to control
CHEMBL2382844,1,1,Inhibition,2013.0,9,L929,Inhibition of human ERG expressed in mouse L929 cells at 10 uM by IonWorks assay relative to control
CHEMBL2382845,1,1,Inhibition,2013.0,9,L929,Inhibition of human ERG expressed in mouse L929 cells at 1 uM by IonWorks assay relative to control
CHEMBL2382846,1,1,Inhibition,2013.0,9,CHO,Inhibition of human ERG transfected in CHO cells at 5 ug/mL by rubidium efflux assay relative to control
CHEMBL2382847,1,1,Inhibition,2013.0,9,CHO,Inhibition of human ERG transfected in CHO cells at 1.5 ug/mL by rubidium efflux assay relative to control
CHEMBL2383266,1,1,IC50,2013.0,9,,Inhibition of human ERG channel
CHEMBL2387961,1,1,Inhibition,2013.0,9,,Inhibition of human ERG channel at 10 uM by patch clamp technique
CHEMBL2387962,1,1,IC50,2013.0,9,,Inhibition of human ERG channel by patch clamp technique
CHEMBL2387963,1,1,Inhibition,2013.0,9,,Inhibition of human ERG channel at 1 uM by patch clamp technique
CHEMBL2388893,1,1,IC50,2013.0,9,,Inhibition of human ERG
CHEMBL6100015,1,1,IC50,2025.0,9,,Inhibition of human ERG in HEK293 cells
CHEMBL2389350,1,1,Inhibition,2013.0,9,,Inhibition of human ERG at 10 uM relative to control
CHEMBL2344711,1,1,Inhibition,2013.0,9,,Inhibition of human ERG
CHEMBL2345755,1,1,Activity,2013.0,9,,Activity at human ERG by patch clamp technique
CHEMBL2346000,1,1,IC50,2013.0,9,,Inhibition of human ERG channel
CHEMBL2350655,1,1,Inhibition,2013.0,9,,Inhibition of human ERG at 10 uM
CHEMBL2351330,1,1,IC50,2013.0,9,,Inhibition of human ERG
CHEMBL2352368,1,1,Inhibition,2013.0,9,,Inhibition of human ERG at 1 uM by patch clamp assay relative to control
CHEMBL2378543,1,1,Ki,2013.0,9,,Binding affinity to human ERG
CHEMBL2378605,1,1,Inhibition,2013.0,9,,Inhibition of human ERG at 10 uM
CHEMBL2339897,1,1,IC50,2013.0,9,,Inhibition of human ERG
CHEMBL2339912,1,1,Inhibition,2013.0,9,,Inhibition of [3H]dofetilide binding to human ERG at 10 uM
CHEMBL6100190,1,1,IC50,2025.0,9,,Inhibition of hERG expressed in CHO cells by manual patch clamp assay
CHEMBL6101435,1,1,IC50,2025.0,9,,Inhibition of human ERG expressed in HEK293 cells by automated Q-patch clamp assay
CHEMBL6101789,1,1,IC50,2025.0,9,,Inhibition of hERG stably expressed in CHO cells at -80 mV holding potential measured after 4 mins by Qpatch assay
CHEMBL6104126,1,1,IC50,2025.0,9,,Inhibition of human ERG
CHEMBL2340286,1,1,IC50,2013.0,9,CHO-K1,Inhibition of human ERG channel overexpressed in Chinese hamster CHOK1 cells by whole cell voltage clamp assay
CHEMBL2340398,1,1,INH,2013.0,9,HEK293,Inhibition of human ERG current in HEK293 cells by patch clamp method
CHEMBL2341331,1,1,Inhibition,2013.0,9,,Inhibition of human ERG by patch clamp assay
CHEMBL2341506,1,1,Inhibition,2013.0,9,,Inhibition of human ERG channel at 25 uM
CHEMBL2342062,1,1,IC50,2013.0,9,,Inhibition of human ERG
CHEMBL2342699,1,1,IC50,2013.0,9,,Binding affinity to human ERG channel by patch clamp assay
CHEMBL2342858,1,1,IC50,2013.0,9,,Inhibition of human ERG
CHEMBL2330006,1,1,Inhibition,2013.0,9,,Inhibition of human ERG at 10 uM relative to control
CHEMBL2330007,1,1,Inhibition,2013.0,9,,Inhibition of human ERG at 1 uM relative to control
CHEMBL6107594,1,1,IC50,2025.0,9,,Inhibition of hERG expressed in CHO cells by syncro-patch assay
CHEMBL6108534,1,1,IC50,2025.0,9,,Inhibition of human ERG expressed in HEK293 cells by patch clamp assay
CHEMBL6108590,1,1,IC50,2025.0,9,,Inhibition of hERG
CHEMBL6108878,1,1,IC50,2025.0,9,,Inhibition of hERG expressed in CHO cells by manual patch-clamp assay
CHEMBL6109790,1,1,IC50,2025.0,9,,Inhibition of hERG by Qpatch assay
CHEMBL6098618,1,1,IC50,2024.0,9,,Inhibition of hERG by manual patch clamp method
CHEMBL6099566,1,1,IC50,2025.0,9,,Inhibition of hERG expressed in CHO cells incubated for 12 hrs by Qpatch assay
CHEMBL6119193,1,1,IC50,2025.0,9,,Inhibition of human ERG
CHEMBL6111276,1,1,Inhibition,2025.0,9,,Inhibition of hERG potassium ATPase at 100 uM relative to control
CHEMBL6111277,1,1,Inhibition,2025.0,9,,Inhibition of hERG potassium ATPase at 6.25 uM relative to control
CHEMBL6111433,1,1,Inhibition,2025.0,9,,Inhibition of hERG at 10 uM relative to control
CHEMBL2330862,1,1,IC50,2013.0,9,,Inhibition of human ERG by dofetilide binding assay
CHEMBL2320830,1,1,Inhibition,2013.0,9,,Inhibition of human ERG at 10 uM by voltage clamp assay
CHEMBL2327575,1,1,Inhibition,2013.0,9,,Inhibition of human ERG
CHEMBL2327740,1,1,IC50,2013.0,9,HEK293,Inhibition of human ERG expressed in HEK293 cells by patch clamp assay
CHEMBL6111577,1,1,IC50,2025.0,9,,Inhibition of human ERG expressed in CHO cells by Qpatch assay
CHEMBL6111941,1,1,Inhibition,2025.0,9,,Inhibition of hERG expressed in HEK cells assessed as K+ tail current by whole-cell electrophysiology
CHEMBL6112212,1,1,IC50,2025.0,9,,Inhibition of hERG by automated patch clamp assay
CHEMBL6113166,1,1,IC50,2025.0,9,,Inhibition of human ERG expressed in CHO cells by whole cell patch clamp technique
CHEMBL6105790,1,1,IC50,2025.0,9,,Inhibition of hERG
CHEMBL6106275,1,1,Inhibition,2025.0,9,,Inhibition of hERG at 10 uM relative to control
CHEMBL6106465,1,1,INH,2025.0,9,,Inhibition of hERG potassium channel expressed in HEK293 cells at 0.3 to 30 uM incubated for 3 mins by patch clamp assay
CHEMBL6106952,1,1,Inhibition,2025.0,9,,Inhibition of hERG relative to control
CHEMBL6113427,1,1,IC50,2025.0,9,,Inhibition of hERG at -80 mV holding potential by whole-cell patch clamp analysis
CHEMBL6114269,1,1,Inhibition,2025.0,9,,Inhibition of hERG at 10 uM by whole-cell patch-clamp method relative to control
CHEMBL6114389,1,1,Ki,2025.0,9,,Binding affinity to hERG assessed as inhibition constant
CHEMBL2327882,1,1,Activity,2013.0,9,,Activity at human ERG at 33 uM
CHEMBL2328095,1,1,IC50,2013.0,9,,Inhibition of human ERG channel
CHEMBL2328652,1,1,IC50,2013.0,9,,Binding affinity to human ERG by patch clamp assay
CHEMBL1798944,1,1,IC50,2011.0,9,,Inhibition of human ERG
CHEMBL1803284,1,1,IC50,2011.0,9,,Inhibition of human ERG
CHEMBL1803823,1,1,Inhibition,2011.0,9,CHO,Inhibition of human ERG expressed in CHO cells at 10 uM by Q-patch assay
CHEMBL2329216,1,1,IC50,2013.0,9,,Inhibition of human ERG
CHEMBL6115769,1,1,IC50,2025.0,9,,Inhibition of human ERG
CHEMBL6118336,1,1,IC50,2025.0,9,,inhibition of hERG expressed in HEK293 cells assessed as inhibition of channel current
CHEMBL6118519,1,1,IC50,2025.0,9,,Inhibition of hERG
CHEMBL6118520,1,1,Inhibition,2025.0,9,,Inhibition of hERG at 30 uM relative to control
CHEMBL6118844,1,1,Inhibition,2025.0,9,,Inhibition of human ERG upto 100 uM
CHEMBL6118881,1,1,Inhibition,2025.0,9,,Inhibition of human ERG at 10 uM incubated for 2 hrs by fluorescence polarization assay relative to control
CHEMBL2217339,1,1,TIME,2012.0,9,HEK293,Inhibition of human ERG tail current expressed in HEK293 cells assessed as decrease in time constant for the onset of inactivation curve at - 20 mV holding potential at 10 uM by patch clamp assay
CHEMBL2217340,1,1,Inhibition,2012.0,9,HEK293,Inhibition of human ERG tail current expressed in HEK293 cells at - 80 mV to + 0 mV holding potential at 10 uM by patch clamp assay
CHEMBL2217341,1,1,TIME,2012.0,9,HEK293,Inhibition of human ERG tail current expressed in HEK293 cells assessed as time constant at + 30 mV holding potential at 10 uM by patch clamp assay
CHEMBL2217342,1,1,Inhibition,2012.0,9,HEK293,Inhibition of human ERG tail current expressed in HEK293 cells at 50 ms by patch clamp assay
CHEMBL2317752,1,1,Inhibition,2013.0,9,CHO,Inhibition of human ERG expressed in CHO cells at up to 30 uM after 2.5 hrs by Rb+ efflux assay
CHEMBL2318185,1,1,Inhibition,2013.0,9,,Inhibition of human ERG at 3 uM by patch clamp assay
CHEMBL2319401,1,1,Inhibition,2013.0,9,,Inhibition of dofetilide binding to human ERG at 10 uM
CHEMBL2216925,1,1,Inhibition,2012.0,9,,Inhibition of human ERG at 1.7 uM
CHEMBL6121949,1,1,Imax,2024.0,9,,Inhibition of hERG at 1 uM relative to control
CHEMBL6122012,1,1,IC50,2024.0,9,,Inhibition of hERG
CHEMBL6122562,1,1,Inhibition,2024.0,9,,Inhibition of hERG
CHEMBL6122691,1,1,IC50,2024.0,9,,Inhibition of hERG
CHEMBL6123111,1,1,Inhibition,2024.0,9,,Inhibition of human ERG expressed in CHO cells at holding potential of -80 mV at >40 uM by automated patch clamp electrophysiological method relative to control
CHEMBL6123668,1,1,Inhibition,2025.0,9,,Inhibition of human ERG at 30 uM by automated patch clamp method
CHEMBL6123974,1,1,Inhibition,2025.0,9,,Inhibition of human ERG
CHEMBL6124373,1,1,Inhibition,2025.0,9,,Inhibition of human ERG at 20 uM relative to control
CHEMBL2214148,1,1,Inhibition,2012.0,9,,Inhibition of human ERG
CHEMBL6131470,1,1,IC50,2024.0,9,,Inhibition of human ERG expressed in HEK293 cells
CHEMBL6136704,1,1,IC50,2025.0,9,,Inhibition of hERG
CHEMBL6136720,1,1,IC50,2025.0,9,,Inhibition of hERG stably expressed in HEK293 cells by patch-clamp method
CHEMBL6136945,1,1,IC50,2025.0,9,,Inhibition of hERG
CHEMBL6125779,1,1,IC50,2025.0,9,,Inhibition of hERG expressed in HEK293T cells
CHEMBL6126578,1,1,IC50,2025.0,9,,Inhibition of human ERG
CHEMBL6126685,1,1,IC50,2025.0,9,,Inhibition of hERG transfected in HEK293 cells at 20 mV
CHEMBL6128698,1,1,IC50,2024.0,9,,Inhibition of human ERG incubated for 4 hrs by microplate reader assay
CHEMBL6129010,1,1,IC50,2024.0,9,,Inhibition of hERG
CHEMBL6129716,1,1,IC50,2024.0,9,,Inhibition of human ERG by PatchXpress analysis
CHEMBL6129910,1,1,IC50,2024.0,9,,Inhibition of hERG
CHEMBL6130140,1,1,IC50,2024.0,9,,Inhibition of human ERG expressed in CHO cells by automated patch clamp method
CHEMBL6130686,1,1,Inhibition,2024.0,9,,Inhibition of human ERG expressed in HEK293 cells at 10 uM by patch clamp assay relative to control
CHEMBL2217337,1,1,Inhibition,2012.0,9,HEK293,Inhibition of human ERG tail current expressed in HEK293 cells assessed as increase in steady state inactivation time constant from - 120 mV to - 60 mV holding potential at 10 uM by patch clamp assay
CHEMBL2217338,1,1,Inhibition,2012.0,9,HEK293,Inhibition of human ERG tail current expressed in HEK293 cells assessed as change in onset of inactivation curve between - 50 mV and + 10 mV holding potential at 10 uM by patch clamp assay
CHEMBL6141317,1,1,Inhibition,2025.0,9,,Inhibition of hERG (unknown origin) at 10 uM relative to control
CHEMBL6153873,1,1,IC50,2025.0,9,,Inhibition of hERG
CHEMBL6131196,1,1,IC50,2024.0,9,,Inhibition of hERG
CHEMBL2217322,1,1,Inhibition,2012.0,9,HEK293,Inhibition of human ERG tail current expressed in HEK293 cells at 30 uM within 2 mins by patch clamp assay
CHEMBL2217323,1,1,Imax,2012.0,9,HEK293,Inhibition of human ERG stepped current expressed in HEK293 cells at 1 uM at + 20 mV holding potential by patch clamp assay
CHEMBL2217324,1,1,Imax,2012.0,9,HEK293,Inhibition of human ERG stepped current expressed in HEK293 cells at 3 uM at + 20 mV holding potential by patch clamp assay
CHEMBL2217325,1,1,Imax,2012.0,9,HEK293,Inhibition of human ERG stepped current expressed in HEK293 cells at 10 uM at + 20 mV holding potential by patch clamp assay
CHEMBL2217326,1,1,Imax,2012.0,9,HEK293,Inhibition of human ERG stepped current expressed in HEK293 cells at 30 uM at + 20 mV holding potential by patch clamp assay
CHEMBL2217328,1,1,Imax,2012.0,9,HEK293,Inhibition of human ERG tail current expressed in HEK293 cells at 1 uM at + 60 mV holding potential by patch clamp assay
CHEMBL2217329,1,1,Imax,2012.0,9,HEK293,Inhibition of human ERG tail current expressed in HEK293 cells at 3 uM at + 60 mV holding potential by patch clamp assay
CHEMBL2217330,1,1,Imax,2012.0,9,HEK293,Inhibition of human ERG tail current expressed in HEK293 cells at 10 uM at + 60 mV holding potential by patch clamp assay
CHEMBL2217331,1,1,Imax,2012.0,9,HEK293,Inhibition of human ERG tail current expressed in HEK293 cells at 30 uM at + 60 mV holding potential by patch clamp assay
CHEMBL2217333,1,1,V1/2,2012.0,9,HEK293,Inhibition of human ERG tail current expressed in HEK293 cells assessed as half activation potential for steady state activation curve at 10 uM by patch clamp assay (Rvb = 2.8 +/- 3.3 mV)
CHEMBL2217334,1,1,Inhibition,2012.0,9,HEK293,Inhibition of human ERG tail current expressed in HEK293 cells at 10 uM at + 40 mV holding potential by patch clamp assay
CHEMBL2217335,1,1,Inhibition,2012.0,9,HEK293,Inhibition of human ERG tail current expressed in HEK293 cells at 10 uM at - 120 to + 20 mV holding potential by patch clamp assay
CHEMBL2217336,1,1,V1/2,2012.0,9,HEK293,Inhibition of human ERG tail current expressed in HEK293 cells assessed as half activation potential for steady state inactivation curve at 10 uM by patch clamp assay (Rvb = - 48.7 +/- 7.6 mV)
CHEMBL6157266,1,1,Inhibition,2025.0,9,,Inhibition of hERG at 30 uM
CHEMBL6157333,1,1,Inhibition,2025.0,9,,Inhibition of hERG expressed in HEK293 cells at 3 uM by patch clamp assay relative to control
CHEMBL6158145,1,1,IC50,2025.0,9,,Inhibition of hERG expressed in CHO cells assessed as inhibition of channel current measured at holding potential of -80 mV by whole cell patch clamp analysis
CHEMBL2215011,1,1,IC50,2012.0,9,HEK293,Displacement of [3H]astemizole from human recombinant ERG expressed in HEK293 cells
CHEMBL2215013,1,1,Inhibition,2012.0,9,HEK293,Inhibition of human recombinant ERG expressed in HEK293 cells up to 100 uM after 5 to 10 mins by conventional whole-cell patch clamp assay
CHEMBL2215015,1,1,IC50,2012.0,9,HEK293,Inhibition of human recombinant ERG expressed in HEK293 cells after 5 to 10 mins by conventional whole-cell patch clamp assay
CHEMBL2215678,1,1,IC50,2012.0,9,,Inhibition of human ERG by patch clamp assay
CHEMBL2215781,1,1,IC50,2012.0,9,,Inhibition of human ERG
CHEMBL2216345,1,1,Inhibition,2012.0,9,,Inhibition of human ERG at >250 uM by patch clamp method
CHEMBL2208576,1,1,Inhibition,2012.0,9,,Inhibition of human ERG at 300 uM (Rvb = 0.8 +/- 0.3%)
CHEMBL2208784,1,1,IC50,2011.0,9,HEK293,Inhibition of human Erg expressed in human HEK293 cells
CHEMBL2209447,1,1,Inhibition,2012.0,9,,Inhibition of human ERG channel at 33 uM
CHEMBL6138086,1,1,FC,2025.0,9,,Inhibition of hERG expressed in CHO cells assessed as fold increase by manual patch-clamp electrophysiology relative to RPV
CHEMBL6139591,1,1,IC50,2025.0,9,,Inhibition of hERG by Q-patch clamp method
CHEMBL6139592,1,1,Inhibition,2025.0,9,,Inhibition of hERG at 10 uM by Q-patch clamp method relative to control
CHEMBL6140206,1,1,IC50,2025.0,9,,Inhibition of hERG
CHEMBL1805351,1,1,Inhibition,2010.0,9,,Inhibition of human ERG assessed as Rb efflux at 1.5 ug/ml
CHEMBL1809557,1,1,Inhibition,2011.0,9,COS-7,Inhibition of human ERG expressed in african green monkey COS7 cells at 3 uM by electrophysiological assay
CHEMBL1810316,1,1,IC50,2011.0,9,,Inhibition of human ERG by automated patch clamp assay
CHEMBL1810638,1,1,Ki,2011.0,9,,Displacement of labeled-dofetilide from human ERG
CHEMBL2211566,1,1,Inhibition,2012.0,9,,Inhibition of human ERG at 1 uM by cell-based electrophysiology assay
CHEMBL2211621,1,1,Inhibition,2012.0,9,,Inhibition of human ERG
CHEMBL2212824,1,1,INH,2012.0,9,,Inhibition of human ERG
CHEMBL2214094,1,1,IC50,2012.0,9,,Inhibition of human ERG by whole-cell voltage clamping
CHEMBL2187047,1,1,IC50,2012.0,9,,Inhibition of human ERG
CHEMBL2187817,1,1,IC50,2011.0,9,,Inhibition of human ERG
CHEMBL2187883,1,1,Activity,2012.0,9,,Activity at human ERG channel by fluorescence-based thallium flux assay
CHEMBL6153874,1,1,Inhibition,2025.0,9,,Inhibition of hERG at 10 uM relative to control
CHEMBL6154389,1,1,IC50,2025.0,9,,Inhibition of hERG by patch-clamp technique
CHEMBL6155349,1,1,Inhibition,2025.0,9,,Inhibition of hERG transfected in CHO cells incubated for 30 mins by fluorescence based assay
CHEMBL6156189,1,1,IC50,2025.0,9,,Inhibition of human ERG incubated for 150 min by fluorescence polarization based microplate reader analysis
CHEMBL6157104,1,1,IC50,2025.0,9,,Inhibition of human ERG expressed in CHO cells by patch clamp assay
CHEMBL6186435,1,1,Inhibition,2025.0,9,,Inhibition of hERG (unknown origin) at 30 uM by patch clamp assay relative to control
CHEMBL6186900,1,1,IC20,2025.0,9,,Inhibition of hERG
CHEMBL6187617,1,1,Inhibition,2025.0,9,,Inhibition of hERG
CHEMBL6187697,1,1,IC50,2025.0,9,,Inhibition of hERG channel
CHEMBL6187698,1,1,Imax,2025.0,9,,Inhibition of hERG channel assessed as maximal response
CHEMBL6187799,1,1,IC50,2025.0,9,,Inhibition of human ERG stably expressed in HEK293 cells measured at holding potential of -80 mV by manual patch clamp assay
CHEMBL6158726,1,1,IC50,2025.0,9,,Inhibition of hERG
CHEMBL6159451,1,1,Inhibition,2025.0,9,,Inhibition of human ERG expressed in CHO cells at 30 uM
CHEMBL6159452,1,1,Activity,2025.0,9,,Activation of human ERG expressed in CHO cells at 30 uM
CHEMBL6179810,1,1,Inhibition,2025.0,9,,Inhibition of human ERG expressed in HEK293 cells at 10 uM by manual patch clamp method relative to control
CHEMBL6179811,1,1,Inhibition,2025.0,9,,Inhibition of human ERG expressed in HEK293 cells at 30 uM by manual patch clamp method relative to control
CHEMBL6180686,1,1,Inhibition,2025.0,9,,Inhibition of hERG
CHEMBL6181893,1,1,IC50,2025.0,9,,Inhibition of hERG
CHEMBL6182347,1,1,Inhibition,2025.0,9,,Inhibition of hERG expressed in HEK293 cells at 10 uM relative to control
CHEMBL6182368,1,1,IC50,2025.0,9,,Inhibition of human ERG stably expressed in HEK293 cells by manual membrane clamp technique
CHEMBL2188816,1,1,Inhibition,2012.0,9,,Inhibition of human ERG at 30 uM
CHEMBL1811063,1,1,IC50,2011.0,9,,Inhibition of human ERG by electrophysiological assay
CHEMBL1815100,1,1,Inhibition,2011.0,9,,Inhibition of human ERG at 30 uM
CHEMBL2208509,1,1,Ki,2006.0,9,,Displacement of [3H]dofetilide from human ERG
CHEMBL2208511,1,1,Inhibition,2006.0,9,,Inhibition of human ERG at 1 uM
CHEMBL2208575,1,1,Inhibition,2012.0,9,,Inhibition of human ERG at 10 uM (Rvb = 0.8 +/- 0.3%)
CHEMBL2184225,1,1,IC50,2012.0,9,,Inhibition of human ERG
CHEMBL2184354,1,1,Inhibition,2012.0,9,,Inhibition of human ERG at 10 uM
CHEMBL2184696,1,1,IC50,2012.0,9,,Inhibition of human ERG
CHEMBL2184863,1,1,IC50,2012.0,9,,Inhibition of human ERG
CHEMBL2184930,1,1,IC50,2012.0,9,HEK293,Inhibition of human ERG expressed in HEK293 cells assessed as reduction in peak tail current by whole cell patch clamp assay
CHEMBL687508,1,1,Inhibition,1997.0,8,,Inhibition of Ikr current in isolated guinea pig myocytes during a 0.5 s voltage clamp step from -50 to -10 mV at 1000 nM
CHEMBL6182796,1,1,IC50,2025.0,9,,Inhibition of hERG stably expressed in HEK293 cells by whole-cell patch-clamp technique
CHEMBL6182801,1,1,Inhibition,2025.0,9,,Inhibition of hERG stably expressed in HEK293 cells at 10 uM by whole-cell patch-clamp technique relative to control
CHEMBL6184984,1,1,Inhibition,2025.0,9,,Inhibition of human ERG transfected in CHO cells at 30 uM by whole cell patch clamp recording
CHEMBL6185673,1,1,Inhibition,2025.0,9,,Inhibition of hERG up to 30 mM by patch clamp assay
CHEMBL6185724,1,1,IC50,2025.0,9,,Inhibition of hERG by patch clamp assay
CHEMBL2173975,1,1,Inhibition,2012.0,9,HEK293,Inhibition of human ERG expressed in HEK293 cells at 10 uM by electrophysiological ion flux assay
CHEMBL2174912,1,1,IC50,2012.0,9,,Inhibition of human ERG by patch clamp technique
CHEMBL2176196,1,1,INH,2012.0,9,,Inhibition of human ERG
CHEMBL2176456,1,1,Activity,2012.0,9,,Binding affinity to human ERG at 1 uM by radioligand displacement assay
CHEMBL2176623,1,1,Activity,2012.0,9,,Binding affinity to human ERG
CHEMBL2182407,1,1,IC50,2012.0,9,CHO,Inhibition of human ERG expressed in CHO cells by whole cell voltage clamp assay
CHEMBL2183278,1,1,Inhibition,2012.0,9,HEK293,Inhibition of human ERG alpha subunit expressed in HEK293 cells at 10 to 30 uM
CHEMBL819650,1,1,EC25,2001.0,8,,IKr activity in ferret papillary muscle
CHEMBL6188279,1,1,Inhibition,2025.0,9,,Inhibition of hERG expressed in HEK293 cells at 10 uM by manual patch clamp assay relative to control
CHEMBL656375,1,1,IC50,2002.0,8,COS-7,K+ channel blocking activity in COS-7 African green monkey kidney derived cells expressing HERG Kv11.1
CHEMBL656604,1,1,IC50,2002.0,9,COS-7,K+ channel blocking activity in COS-7 African green monkey kidney derived cells expressing HERG Kv11.1
CHEMBL662311,1,1,IC50,2002.0,9,,K+ channel blocking activity in Chinese hamster ovary cells expressing HERG Kv11.1
CHEMBL686881,1,1,Inhibition,1997.0,8,,Inhibition of Ikr current in isolated guinea pig myocytes during a 0.5 s voltage clamp step from -50 to -10 mV at 100 nM
CHEMBL687333,1,1,IC50,1995.0,8,,Blockade of the delayed rectifier K+ current (IKr) of guinea pig myocytes
CHEMBL1810895,1,1,IC50,2011.0,9,,Inhibition of human ERG
CHEMBL1810943,1,1,IC50,2011.0,9,,Binding affinity to human ERG by radioligand binding assay
CHEMBL2168498,1,1,IC50,2012.0,9,,Inhibition of human ERG
CHEMBL2168600,1,1,IC50,2012.0,9,,Inhibition of human ERG by manual patch clamp assay
CHEMBL2169230,1,1,Inhibition,2012.0,9,HEK293,Inhibition of human recombinant ERG expressed in HEK293 cells at 10 uM by fluorescence-based membrane potential analysis
CHEMBL2169519,1,1,Inhibition,2012.0,9,,Inhibition of human ERG
CHEMBL2172900,1,1,IC50,2012.0,9,,Inhibition of human ERG by Rb ion flux assay
CHEMBL2173019,1,1,Activity,2012.0,9,CHO,Displacement of Cy3b-tagged dofetilide from human ERG expressed in CHO cells by fluorescence polarization assay
CHEMBL2173536,1,1,Inhibition,2012.0,9,CHO-K1,Inhibition of human ERG expressed in CHOK1 cells at 10 uM after 5 mins by whole-cell patch clamp assay
CHEMBL766815,1,1,IC50,2003.0,9,,Inhibition of K+ channel activity in mammalian cells expressing HERG Kv11.1
CHEMBL768698,1,1,Inhibition,2001.0,9,,Inhibition of human ERG potassium channel Kv11.1 at 10 uM
CHEMBL1051458,1,1,Activity,2009.0,8,HEK293,Inactivation of Kv1.2 channel expressed in + 30 mV-stimulated HEK293 cells assessed as decay time constant of inactivated K+ current at 100 uM applied extracellularly (Rvb =2703 +/- 633 ms)
CHEMBL1041817,1,1,Inhibition,2010.0,9,,Inhibition of human ERG channel
CHEMBL1043076,1,1,Activity,2009.0,9,,Inhibition of human ERG at 10 uM
CHEMBL1043077,1,1,Activity,2009.0,9,,Inhibition of human ERG at 3 uM
CHEMBL1043202,1,1,Activity,2009.0,9,,Binding affinity to human ERG
CHEMBL2186403,1,1,Inhibition,2012.0,9,,Inhibition of human ERG expressed in rat at 100 nM after 2 to 3 days by patch clamp assay
CHEMBL2186736,1,1,Inhibition,2012.0,9,,Inhibition of human ERG at 3 uM by patch clamp assay
CHEMBL830529,1,1,Inhibition,2005.0,9,,Percent inhibition of hERG by rubidium efflux FLIPR assay at concentration of 5 ug/mL; Not tested 
CHEMBL831576,1,1,Inhibition,2005.0,9,,Percent inhibition of hERG by rubidium efflux FLIPR assay at concentration of 5 ug/mL; Not tested
CHEMBL832717,1,1,IC50,2005.0,9,,Inhibitory concentration against human Kv11.1 ERG potassium channel
CHEMBL834175,1,1,Inhibition,2004.0,9,HEK293,Percent inhibition of human ether-a-go-go related gene (hERG) channel expressed in HEK293 cells in standard whole cell voltage-clamp assay; not determined
CHEMBL836212,1,1,Inhibition,2004.0,9,HEK293,Percent inhibition of human ether-a-go-go related gene (hERG) channel expressed in HEK293 cells in standard whole cell voltage-clamp assay
CHEMBL841078,1,1,IC50,2001.0,9,,Inhibitory concentration against hERG currents after prolonged depolarizing pulses
CHEMBL841079,1,1,IC50,2001.0,9,,Inhibition of hERG currents Kv11.1
CHEMBL826271,1,1,Inhibition,2005.0,9,,Compound (1 uM) tested for inhibition of hERG voltage clamp was determined
CHEMBL827917,1,1,IC50,2005.0,8,,Inhibition of Potassium channel HERG
CHEMBL828081,1,1,Ki,2005.0,8,,Binding affinity against Potassium channel HERG was determined
CHEMBL828432,1,1,IC50,2005.0,9,HEK293,In vivo inhibitory concentration against displacement of 35[S] MK-499 binding to hERG channel expressed in HEK293 cells
CHEMBL749472,1,1,IC50,2002.0,9,,K+ channel blocking activity in neuroblastoma cells expressing HERG Kv11.1
CHEMBL2183479,1,1,Inhibition,2012.0,9,,Inhibition of human ERG by patch clamp assay
CHEMBL2183581,1,1,IC50,2012.0,9,,Inhibition of human ERG
CHEMBL2184032,1,1,IC50,2012.0,9,,Inhibition of human ERG
CHEMBL2168496,1,1,Inhibition,2012.0,9,,Inhibition of human ERG at 33 uM
CHEMBL2156833,1,1,IC50,2012.0,9,,Inhibition of human ERG by IonWorks assay
CHEMBL2156882,1,1,IC50,2012.0,9,CHO,Inhibition of human Erg expressed in CHO cells after 5 mins
CHEMBL2160726,1,1,IC50,2012.0,9,,Binding affinity to human ERG by ion flux assay
CHEMBL2161153,1,1,Inhibition,2011.0,9,,Inhibition of human ERG at 30 uM
CHEMBL2091838,1,1,IC50,2012.0,9,,Binding affinity to human ERG
CHEMBL2162302,1,1,IC50,2012.0,9,,Inhibition of human ERG by Ionworks assay
CHEMBL2162428,1,1,Inhibition,2012.0,9,HEK293,Inhibition of human ERG expressed in HEK293 cells at 10 uM by patch clamp assay
CHEMBL2163105,1,1,IC50,2012.0,9,,Displacement of [3H]-astemizole from human ERG
CHEMBL2166000,1,1,IC50,2012.0,9,,Inhibition of human ERG
CHEMBL2167210,1,1,Inhibition,2012.0,9,HEK293,Inhibition of human ERG expressed in human HEK293 cells at 10 uM by patch clamp assay
CHEMBL2167443,1,1,Inhibition,2012.0,9,,Inhibition of human ERG at 10 uM by radioligand displacement assay
CHEMBL2167605,1,1,Inhibition,2012.0,9,CHO,Inhibition of human ERG expressed in CHO cells at 31.6 uM by patch clamp assay
CHEMBL2154390,1,1,Inhibition,2010.0,9,,Inhibition of human ERG at 30 uM
CHEMBL855008,1,1,Ki,2006.0,9,,Binding affinity to hERG
CHEMBL855608,1,1,Inhibition,2006.0,9,,Inhibition of hERG at 30 uM
CHEMBL829576,1,1,IC50,2004.0,9,,Inhibitory activity against human Potassium channel HERG; ND denotes not determined
CHEMBL2149352,1,1,Inhibition,2012.0,9,,Inhibition of human ERG at 1 uM by patch clamp assay
CHEMBL2149353,1,1,IC50,2012.0,9,,Inhibition of human ERG
CHEMBL2150540,1,1,IC50,2011.0,9,HEK293,Displacement of [3H]dofetilide from human ERG expressed in HEK293 cells
CHEMBL2071944,1,1,IC50,2012.0,9,CHO,Inhibition of human ERG expressed in CHO cells after 3 mins by patch clamp assay
CHEMBL2071948,1,1,Inhibition,2012.0,9,,Inhibition of human ERG at 10 uM
CHEMBL2072706,1,1,IC50,2012.0,9,,Inhibition of human ERG
CHEMBL1046361,1,1,Activity,2009.0,9,,Binding affinity to human ERG channel
CHEMBL1039315,1,1,Inhibition,2009.0,9,CHO,Inhibition of human ERG expressed in CHO cells at 1 uM
CHEMBL1039908,1,1,Activity,2009.0,9,HEK293,Displacement of [3H]dofetilide from human ERG expressed in HEK293 cells at 20 uM
CHEMBL1039909,1,1,Activity,2009.0,9,HEK293,Displacement of [3H]dofetilide from human ERG expressed in HEK293 cells at 60 uM
CHEMBL1039910,1,1,Activity,2009.0,9,HEK293,Displacement of [3H]dofetilide from human ERG expressed in HEK293 cells at 30 uM
CHEMBL1039911,1,1,Activity,2009.0,9,HEK293,Displacement of [3H]dofetilide from human ERG expressed in HEK293 cells at 100 uM
CHEMBL1039912,1,1,Activity,2009.0,9,HEK293,Displacement of [3H]dofetilide from human ERG expressed in HEK293 cells at 5 uM
CHEMBL2155364,1,1,Inhibition,2012.0,9,,Inhibition of human ERG at 100 uM
CHEMBL2156227,1,1,Inhibition,2012.0,9,,Inhibition of human ERG at 10 uM by radioligand displacement assay
CHEMBL2156333,1,1,Inhibition,2012.0,9,,Inhibition of human ERG upto 100 uM
CHEMBL1819679,1,1,IC50,2011.0,9,,Inhibition of human ERG by patch clamp assay
CHEMBL2091635,1,1,IC50,2012.0,9,CHO,Inhibition of human ERG expressed in CHO cells by IonWorks assay
CHEMBL2060325,1,1,IC50,2012.0,9,,Inhibition of human ERG by Herg fluorescence polarization assay
CHEMBL2060605,1,1,Inhibition,2012.0,9,,Inhibition of human Erg at 10 uM
CHEMBL2060621,1,1,IC50,2012.0,9,HEK293,Displacement of [3H]dofetilide from human Erg expressed in human HEK293 cells
CHEMBL2060687,1,1,Activity,2012.0,9,,Displacement of dofetilide from human ERG
CHEMBL861216,1,1,Ki,2006.0,9,,Binding affinity to hERG by radioligand binding assay
CHEMBL862040,1,1,IC50,2006.0,9,,Inhibitory activity against human hERG receptor
CHEMBL854889,1,1,IC50,2007.0,9,,Inhibition of hERG in patch-clamp assay
CHEMBL2073629,1,1,IC50,2012.0,9,,Inhibition of human ERG
CHEMBL2089933,1,1,IC50,2012.0,9,,Inhibition of human hERG
CHEMBL2090131,1,1,Inhibition,2012.0,8,,Inhibition of human ERG at 10 uM
CHEMBL1821020,1,1,IC50,2011.0,9,,Inhibition of human ERG
CHEMBL1826008,1,1,IC50,2011.0,9,,Inhibition of human ERG channel by patch clamp assay
CHEMBL1816995,1,1,Inhibition,2011.0,9,HEK293,Inhibition of human ERG expressed in HEK293 cells assessed as inhibition of potassium channel current at 10 uM after 5 mins by patch clamp assay
CHEMBL2149351,1,1,Inhibition,2012.0,9,,Inhibition of human ERG at 10 uM by patch clamp assay
CHEMBL2044716,1,1,IC50,2012.0,9,HEK293,Inhibition of human ERG expressed in HEK293 cells by patch clamp assay
CHEMBL2045039,1,1,IC50,2012.0,9,HEK293,Inhibition of human ERG expressed in HEK293 cells by patch clamp assay
CHEMBL2046027,1,1,Inhibition,2011.0,9,,Inhibition of human Erg
CHEMBL2049550,1,1,Inhibition,2012.0,9,,Inhibition of human Erg
CHEMBL2049735,1,1,Inhibition,2012.0,9,,Inhibition of human Erg at 10 uM
CHEMBL2050026,1,1,IC50,2012.0,9,,Inhibition of human ERG by astemizole assay
CHEMBL2050027,1,1,IC50,2012.0,9,,Inhibition of human ERG by patch clamp assay
CHEMBL864238,1,1,IC50,2006.0,9,,Binding affinity to hERG
CHEMBL864914,1,1,IC50,2006.0,9,,Affinity for human ERG channel by patch clamp assay
CHEMBL865554,1,1,Ki,2006.0,9,,Displacement of [3H]dofetilide from human ERG channel
CHEMBL865568,1,1,Inhibition,2006.0,9,CHO,Inhibition of hERG potassium channel expressed in CHO cells by whole cell patch clamp method at 10 uM
CHEMBL855770,1,1,Ki,2007.0,9,HEK293,Binding affinity to hERG expressed in HEK293 cells
CHEMBL855890,1,1,Activity,2006.0,9,HEK293,Inhibition of [3H]dofetilide binding to HERG expressed in HEK293 cells at 1000 nM
CHEMBL1817375,1,1,Inhibition,2011.0,9,HEK293,Inhibition of human ERG expressed in HEK293 cells assessed as inhibition of tail current at holding potential of -70 mV at 20 uM after 10 mins by whole-cell patch clamp method
CHEMBL1817377,1,1,Inhibition,2011.0,9,HEK293,Inhibition of human ERG expressed in HEK293 cells assessed as inhibition of tail current at holding potential of -70 mV at 1 uM after 10 mins by whole-cell patch clamp method relative to control
CHEMBL1817378,1,1,Inhibition,2011.0,9,HEK293,Inhibition of human ERG expressed in HEK293 cells assessed as inhibition of tail current at holding potential of -70 mV at 3.16 uM after 10 mins by whole-cell patch clamp method relative to control
CHEMBL886475,1,1,IC20,2007.0,9,,Inhibition of hERG current by patch clamp electrophysiology assay
CHEMBL1041011,1,1,Ki,2009.0,9,,Displacement of dofrtilide from human ERG channel
CHEMBL1031436,1,1,Inhibition,2008.0,9,,Inhibition of human ERG at 3 uM
CHEMBL1032303,1,1,IC50,2008.0,8,,Inhibition of human ERG
CHEMBL1035711,1,1,IC50,2008.0,9,,Inhibition of human ERG
CHEMBL1036186,1,1,Ki,2009.0,9,,Binding affinity to human ERG channel
CHEMBL886510,1,1,Inhibition,2007.0,9,,Inhibition of hERG at 5 mg/mL
CHEMBL886671,1,1,Activity,2007.0,9,HEK293,Displacement of [3H]dofetilide from hERG expressed in HEK cells at 10 uM
CHEMBL867451,1,1,IC50,2006.0,9,HEK293,Inhibition of human ERG expressed in HEK293 cells
CHEMBL867939,1,1,Inhibition,2006.0,9,HEK293,Inhibition of hERG channel current in HEK293 cells at 1 uM
CHEMBL868799,1,1,Ki,2006.0,9,,Binding affinity to hERG
CHEMBL868945,1,1,IC50,2006.0,9,CHO,Inhibitory activity against human hERG receptor expressed in CHO cells by whole cell voltage clamp assay
CHEMBL870188,1,1,IC50,2006.0,9,,Inhibition of IKr
CHEMBL2067584,1,1,IC50,2012.0,9,,Inhibition of human ERG by patch clamp assay
CHEMBL2040133,1,1,Inhibition,2012.0,9,,Displacement of dofetilide from human ERG at 10 uM
CHEMBL2040331,1,1,Inhibition,2012.0,9,,Inhibition of human ERG at 10 uM
CHEMBL2050733,1,1,IC50,2011.0,9,,Inhibition of human ERG
CHEMBL2051023,1,1,IC50,2012.0,9,,Inhibition of human ERG
CHEMBL2034490,1,1,Inhibition,2012.0,9,,Displacement of astemizole from human ERG at 10 uM
CHEMBL2034507,1,1,IC50,2012.0,9,,Inhibition of human ERG by patch clamp assay
CHEMBL2037899,1,1,Ki,2012.0,9,,Displacement of [3H]dofetilide from human ERG
CHEMBL2038295,1,1,IC50,2012.0,9,,Inhibition of human Erg
CHEMBL2038328,1,1,Inhibition,2012.0,9,,Inhibition of human ERG up to 10 uM by patch clamp assay
CHEMBL2038379,1,1,Inhibition,2012.0,9,,Inhibition of human Erg at 300 uM
CHEMBL2038956,1,1,IC50,2012.0,9,,Inhibition of human ERG by patch clamp assay
CHEMBL2039052,1,1,IC50,2010.0,9,,Inhibition of human ERG
CHEMBL2039158,1,1,Inhibition,2012.0,8,,Displacement of dofetilide from ERG at 10 uM
CHEMBL2039631,1,1,IC50,2012.0,9,,Inhibition of human ERG by electrophysiology assay
CHEMBL2040072,1,1,INH,2012.0,9,,Inhibition of human ERG
CHEMBL877203,1,1,IC50,2002.0,8,,K+ channel blocking activity in Chinese hamster ovary cells expressing HERG Kv11.1
CHEMBL882589,1,1,IC50,2005.0,9,,Inhibition of human potassium channel HERG
CHEMBL882919,1,1,IC50,2005.0,9,,Inhibitory concentration against Potassium channel hERG
CHEMBL1833187,1,1,IC50,2011.0,9,,Inhibition of human ERG
CHEMBL1837312,1,1,Inhibition,2011.0,9,,Inhibition of human ERG at 30 uM
CHEMBL1819703,1,1,Inhibition,2011.0,9,,Inhibition of human ERG at 10 uM by manual patch clamp assay
CHEMBL1820160,1,1,IC50,2011.0,9,HEK293,Inhibition of human ERG expressed in human HEK293 cells by patch-clamp electrophysiology
CHEMBL2032625,1,1,IC50,2012.0,9,,Inhibition of human Erg
CHEMBL2032963,1,1,IC50,2011.0,9,,Inhibition of human ERG by patch clamp assay
CHEMBL2034070,1,1,Inhibition,2012.0,9,,Inhibition of human ERG at 10 uM
CHEMBL2034479,1,1,IC50,2012.0,9,,Inhibition of human ERG
CHEMBL2024791,1,1,IC50,2012.0,9,,Inhibition of human Erg by patch clamp assay in absence of plasma protein
CHEMBL2024833,1,1,IC50,2012.0,9,,Inhibition of human ERG by electrophysiology assay
CHEMBL889158,1,1,IC50,2007.0,9,,Inhibition of hERG at 10 uM
CHEMBL889269,1,1,IC50,2007.0,9,,Inhibition of hERG by patch clamp assay
CHEMBL889308,1,1,Inhibition,2007.0,9,HEK293,Inhibition of hERG expressed in HEK293 cells at 3 nM by whole-cell patch clamp method
CHEMBL889309,1,1,Inhibition,2007.0,9,HEK293,Inhibition of hERG expressed in HEK293 cells at 25 nM by whole-cell patch clamp method
CHEMBL870536,1,1,IC50,2006.0,9,,Inhibition of hERG
CHEMBL875385,1,1,IC50,2002.0,9,,K+ channel blocking activity in human embryonic kidney cells expressing HERG Kv11.1
CHEMBL2026856,1,1,IC50,2012.0,9,,Inhibition of human ERG by electrophysiology assay
CHEMBL2014637,1,1,Inhibition,2012.0,9,,Inhibition of human ERG at 10 uM by efflux assay
CHEMBL2016219,1,1,IC50,2012.0,9,CHO,Inhibition of human Erg expressed CHO cells
CHEMBL2019592,1,1,Ki,2012.0,9,,Displacement of [3H]dofetilide from human ERG
CHEMBL2019938,1,1,IC50,2011.0,9,,Inhibition of human ERG
CHEMBL2020267,1,1,IC50,2011.0,9,,Displacement of dofetilide from human ERG
CHEMBL2020788,1,1,IC50,2012.0,9,HEK293,Inhibition of human Erg expressed in HEK293 cells by whole cell patch clamp assay
CHEMBL890380,1,1,IC50,2007.0,9,,Inhibition of hERG by patch clamp method
CHEMBL895731,1,1,IC50,2007.0,9,,Inhibition of hERG
CHEMBL896000,1,1,Inhibition,2007.0,9,,Inhibition of hERG at 20 uM by rubidium efflux assay
CHEMBL899444,1,1,Ki,2007.0,9,,Binding affinity to human ERG
CHEMBL899477,1,1,IC50,2007.0,9,HEK293,Binding affinity to human ERG in HEK cells
CHEMBL899478,1,1,Activity,2007.0,9,,Inhibition of human ERG assessed as blockade of Ikr current at 7uM by patch clamp assay
CHEMBL887107,1,1,Inhibition,2007.0,9,,Inhibition of hERG at 10 uM
CHEMBL888452,1,1,Inhibition,2007.0,9,,Inhibition of hERG at 30 uM by patch clamp method
CHEMBL1832757,1,1,IC50,2011.0,9,,Inhibition of human ERG by patch express assay
CHEMBL1954706,1,1,INH,2012.0,9,,Inhibition of human Erg by electrophysiology assay
CHEMBL1954756,1,1,INH,2011.0,9,,Inhibition of human ERG
CHEMBL1955663,1,1,Inhibition,2012.0,9,,Inhibition of human ERG at 10 uM by patch-clamp assay
CHEMBL1959689,1,1,Inhibition,2012.0,9,,Inhibition of human ERG up to 25 uM
CHEMBL1961177,1,1,IC50,2012.0,9,,Inhibition of human ERG by patch-clamp assay
CHEMBL2013260,1,1,Inhibition,2012.0,9,,Inhibition of human Erg up to 25 uM
CHEMBL2014232,1,1,Inhibition,2012.0,9,HEK293,Inhibition of human Erg expressed in HEK293 cells up to 30 uM by patch clamp assay
CHEMBL903549,1,1,Inhibition,2007.0,9,,Inhibition of hERG-mediated current amplitude at 1 uM
CHEMBL1024839,1,1,IC50,2008.0,9,,Inhibition of human ERG by manual electrophysiology
CHEMBL1025211,1,1,IC50,2009.0,9,HEK293,Displacement of radiolabeled MK-499 from human ERG expressed in HEK293 cells coexpressing IKr channel protein
CHEMBL1027291,1,1,Activity,2009.0,9,,Inhibition of human ERG at < 10 uM
CHEMBL889316,1,1,Inhibition,2007.0,9,HEK293,Inhibition of hERG expressed in HEK293 cells at 1000 nM by whole-cell patch clamp method
CHEMBL889970,1,1,Activity,2007.0,9,,Inhibition of human ERG channel
CHEMBL1820254,1,1,Inhibition,2011.0,9,HEK293,Inhibition of human ERG V659A mutant channel expressed in HEK293 cells assessed decrease in blockade of potassium tail current at 1 mM by whole-cell patch clamp technique
CHEMBL1820405,1,1,Inhibition,2011.0,9,,Inhibition of human ERG at 30 uM by manual patch clamp assay
CHEMBL2026855,1,1,IC50,2012.0,9,,Binding affinity to human ERG
CHEMBL921541,1,1,Activity,2007.0,9,Oocyte,Effect on human ERG1 G628C/S631C mutant expressed in Xenopus laevis oocytes at 3 uM by two electrode voltage clamp technique
CHEMBL921542,1,1,Activity,2007.0,9,Oocyte,Effect on human ERG1 G628C/N588K mutant expressed in Xenopus laevis oocytes assessed as current magnitude at 3 uM by two electrode voltage clamp technique
CHEMBL921543,1,1,Activity,2007.0,9,Oocyte,Activation of human ERG1 isoform 1 expressed in Xenopus laevis oocytes assessed as slowing of tail current deactivation by two electrode voltage clamp technique
CHEMBL921544,1,1,Fold change,2007.0,9,Oocyte,Activation of human ERG1 isoform 1 expressed in Xenopus laevis oocytes assessed as increase in peak tail current at 30 uM by two electrode voltage clamp technique
CHEMBL906900,1,1,Inhibition,2006.0,9,HEK293,Inhibition of [3H]dofetilide binding to HERG expressed in HEK293 cells at 1 uM
CHEMBL907676,1,1,IC50,2006.0,9,HEK293,Inhibition of hERG expressed in HEK cells by whole cell patch clamp assay
CHEMBL907768,1,1,Ki,2006.0,9,,Binding affinity to hERG
CHEMBL907769,1,1,IC50,2006.0,9,HEK293,Binding affinity to hERG in HEK293 cells by patch clamp assay
CHEMBL907829,1,1,Inhibition,2006.0,9,HEK293,Activity at hERG expressed in HEK293 cells assessed as blockade of current at -50 mV at 7 uM by voltage clamp assay
CHEMBL908401,1,1,IC50,2006.0,9,,Inhibitory activity against hERG by patch-clamp assay
CHEMBL908645,1,1,Activity,2006.0,9,,Inhibition of hERG
CHEMBL908898,1,1,IC50,2006.0,9,HEK293,Activity at hERG expressed in HEK293 cells assessed as blockade of current at -50 mV by voltage clamp assay
CHEMBL899629,1,1,Inhibition,2007.0,9,,Inhibition of HERG current at 30 uM
CHEMBL902587,1,1,IC50,2007.0,9,,Binding affinity to human ERG channel
CHEMBL903442,1,1,Inhibition,2007.0,9,,Inhibition of hERG at 10 uM
CHEMBL1954705,1,1,Activity,2012.0,9,,Binding affinity to human Erg
CHEMBL1952936,1,1,IC50,2012.0,9,,Inhibition of human ERG
CHEMBL1952937,1,1,IC50,2012.0,9,,Inhibition of human ERG by patch clamp assay
CHEMBL1953186,1,1,IC50,2012.0,9,,Inhibition of human ERG by patch clamp assay
CHEMBL1953695,1,1,IC50,2012.0,9,,Inhibition of human ERG by whole-cell patch clamp electrophysiology assay
CHEMBL1953696,1,1,Inhibition,2012.0,9,,Inhibition of human ERG at 1 uM by whole-cell patch clamp electrophysiology assay
CHEMBL1953697,1,1,Inhibition,2012.0,9,,Inhibition of human ERG at 10 uM by whole-cell patch clamp electrophysiology assay
CHEMBL1954009,1,1,IC50,2011.0,9,,Inhibition of human Erg by patch clamp assay
CHEMBL1954226,1,1,IC50,2012.0,9,,Inhibition of human ERG by automated patch clamp assay
CHEMBL1954249,1,1,IC50,2012.0,9,,Inhibition of human ERG
CHEMBL1954402,1,1,IC50,2012.0,9,,Inhibition of human ERG by Qpatch assay
CHEMBL1942803,1,1,Inhibition,2012.0,9,,Inhibition of human ERG at 10 uM
CHEMBL914756,1,1,Inhibition,2007.0,9,HEK293,Inhibition of hERG expressed in HEK293 cells assessed as effect on ionic current at 2 uM by patch clamp assay
CHEMBL914757,1,1,Inhibition,2007.0,9,HEK293,Inhibition of hERG expressed in HEK293 cells assessed as effect on ionic current at 0.5 uM by patch clamp assay
CHEMBL916132,1,1,Activity,2007.0,9,,Inhibition of hERG
CHEMBL916135,1,1,Activity,2007.0,9,,Inhibition of hERG up to 30 uM
CHEMBL919944,1,1,Activity,2007.0,9,HEK293,Blockage of current at human ERG expressed in HEK293 cells at 0.35 uM
CHEMBL929284,1,1,Activity,2007.0,9,Oocyte,Activation of human ERG1 Y652A mutant expressed in Xenopus laevis oocytes assessed as shifting of voltage dependence of inactivation towards positive potentials at 3 uM by two electrode voltage clamp technique
CHEMBL929420,1,1,IC50,2008.0,9,,Inhibition of human ERG by patch clamp method
CHEMBL929965,1,1,Inhibition,2008.0,9,,Inhibition of human ERG at 30 uM by patch clamp assay
CHEMBL930080,1,1,Inhibition,2008.0,9,,Inhibition of human ERG assessed as rubidium efflux at 5 ug/ml
CHEMBL930532,1,1,IC50,2008.0,9,HEK293,Inhibition of human ERG expressed in HEK cells assessed as effect on electric current by patch clamp assay
CHEMBL932540,1,1,Ki,2008.0,9,,Displacement of [3H]dofetilide from human ERG
CHEMBL933610,1,1,Activity,2007.0,9,Oocyte,Activation of human ERG1 V659A mutant expressed in Xenopus laevis oocytes assessed as slowing of tail current deactivation at 3 uM by two electrode voltage clamp technique
CHEMBL925855,1,1,Activity,2007.0,9,Oocyte,Activation of human ERG1 N658A mutant expressed in Xenopus laevis oocytes assessed as slowing of tail current deactivation at 3 uM by two electrode voltage clamp technique
CHEMBL925955,1,1,Activity,2008.0,9,,Inhibition of human ERG assessed as channel current activity at 1 uM
CHEMBL928570,1,1,Inhibition,2008.0,9,,"Inhibition of human ERG at 22,000 nM by patch-clamp technique"
CHEMBL928906,1,1,IC50,2008.0,9,,Inhibition of human ERG
CHEMBL928992,1,1,Ki,2008.0,9,,Binding affinity at human ERG
CHEMBL928993,1,1,IC50,2008.0,9,,Inhibition of human ERG by patch clamp assay
CHEMBL912234,1,1,Inhibition,2006.0,9,HEK293,Blockade of current at hERG expressed in HEK293 cells at 1 ug/mL
CHEMBL912510,1,1,Ki,2006.0,9,,Inhibition of hERG
CHEMBL914485,1,1,IC50,2004.0,9,,Inhibition of hERG receptor
CHEMBL933620,1,1,Activity,2007.0,9,Oocyte,Activation of human ERG1 S631A mutant expressed in Xenopus laevis oocytes assessed as slowing of tail current deactivation at 3 uM by two electrode voltage clamp technique
CHEMBL933621,1,1,Activity,2007.0,9,Oocyte,Activation of human ERG1 S631A mutant expressed in Xenopus laevis oocytes assessed as enhancement of current magnitude at 3 uM by two electrode voltage clamp technique
CHEMBL933622,1,1,Activity,2007.0,9,Oocyte,Activation of human ERG1 L666A mutant expressed in Xenopus laevis oocytes assessed as slowing of tail current deactivation at 3 uM by two electrode voltage clamp technique
CHEMBL933623,1,1,Activity,2007.0,9,Oocyte,Effect on human ERG1 S631A/L666A mutant expressed in Xenopus laevis oocytes at 3 uM by two electrode voltage clamp technique
CHEMBL934351,1,1,Inhibition,2008.0,9,,Inhibition of human ERG at 10 uM
CHEMBL1943689,1,1,IC50,2012.0,9,,Inhibition of human ERG
CHEMBL1944138,1,1,Inhibition,2012.0,9,HEK293,Inhibition of human ERG expressed in HEK293 cells at 10 uM
CHEMBL1947811,1,1,Activity,2012.0,9,,Inhibition of human ERG by patch clamp assay
CHEMBL1947911,1,1,Inhibition,2012.0,9,,Inhibition of human ERG at 10 uM
CHEMBL1947996,1,1,IC50,2012.0,9,,Binding affinity to human ERG channel
CHEMBL1947997,1,1,IC50,2012.0,9,,Inhibition of human ERG channel by patch clamp assay
CHEMBL1932266,1,1,Activity,2011.0,9,HEK293,Inhibition of human ERG expressed in HEK293 cells at 1 uM
CHEMBL1932785,1,1,Inhibition,2011.0,9,,Inhibition of human ERG at 0.1 uM
CHEMBL1932786,1,1,IC50,2011.0,9,HEK293,Inhibition of human ERG expressed in HEK293 cells by patch clamp assay
CHEMBL934640,1,1,Activity,2008.0,9,,Activity at human ERG at 10 uM
CHEMBL929283,1,1,Activity,2007.0,9,Oocyte,Activation of human ERG1 Y652A mutant expressed in Xenopus laevis oocytes assessed as slowing of tail current deactivation at 3 uM by two electrode voltage clamp technique
CHEMBL937366,1,1,EC50,2007.0,9,Oocyte,Activation of human ERG1 isoform 1 expressed in Xenopus laevis oocytes assessed as increase in peak tail current magnitude by two electrode voltage clamp technique
CHEMBL937367,1,1,Activity,2007.0,9,Oocyte,Binding affinity to human ERG1 expressed in Xenopus laevis oocytes assessed as half-saturation concentration
CHEMBL937368,1,1,Activity,2007.0,9,Oocyte,Activation of human ERG1 L553A mutant expressed in Xenopus laevis oocytes assessed as slowing of tail current deactivation at 3 uM by two electrode voltage clamp technique
CHEMBL937369,1,1,Activity,2007.0,9,Oocyte,Activation of human ERG1 F557L mutant expressed in Xenopus laevis oocytes assessed as slowing of tail current deactivation at 3 uM by two electrode voltage clamp technique
CHEMBL937370,1,1,Activity,2007.0,9,Oocyte,Activation of human ERG1 N658A mutant expressed in Xenopus laevis oocytes assessed as slowing of tail current deactivation at 3 uM by two electrode voltage clamp technique
CHEMBL937371,1,1,Activity,2007.0,9,Oocyte,Activation of human ERG1 V659A mutant expressed in Xenopus laevis oocytes assessed as slowing of tail current deactivation at 3 uM by two electrode voltage clamp technique
CHEMBL937372,1,1,Activity,2007.0,9,Oocyte,Activation of human ERG1 L553A mutant expressed in Xenopus laevis oocytes assessed as slowing of tail current deactivation at 3 uM by two electrode voltage clamp technique
CHEMBL933611,1,1,Activity,2007.0,9,Oocyte,Activation of human ERG1 I662A mutant expressed in Xenopus laevis oocytes assessed as shifting of voltage dependence of inactivation towards positive potentials at 3 uM by two electrode voltage clamp technique
CHEMBL933612,1,1,Activity,2007.0,9,Oocyte,Activation of human ERG1 L666A mutant expressed in Xenopus laevis oocytes assessed as shifting of voltage dependence of inactivation towards positive potentials at 3 uM by two electrode voltage clamp technique
CHEMBL933613,1,1,Activity,2007.0,9,Oocyte,Activation of human ERG1 Y667A mutant expressed in Xenopus laevis oocytes assessed as shifting of voltage dependence of inactivation towards positive potentials at 3 uM by two electrode voltage clamp technique
CHEMBL933614,1,1,Activity,2007.0,9,Oocyte,Activation of human ERG1 V549A mutant expressed in Xenopus laevis oocytes assessed as shifting of voltage dependence of inactivation towards positive potentials at 3 uM by two electrode voltage clamp technique
CHEMBL933615,1,1,Activity,2007.0,9,Oocyte,Activation of human ERG1 L550A mutant expressed in Xenopus laevis oocytes assessed as shifting of voltage dependence of inactivation towards positive potentials at 3 uM by two electrode voltage clamp technique
CHEMBL933616,1,1,Activity,2007.0,9,Oocyte,Effect on human ERG1 S620T/L666A mutant expressed in Xenopus laevis oocytes at 3 uM by two electrode voltage clamp technique
CHEMBL933617,1,1,Activity,2007.0,9,Oocyte,Activation of human ERG1 F557L mutant expressed in Xenopus laevis oocytes assessed as shifting of voltage dependence of inactivation towards positive potentials at 30 uM by two electrode voltage clamp technique
CHEMBL933618,1,1,Activity,2007.0,9,Oocyte,Activation of human ERG1 L666A mutant expressed in Xenopus laevis oocytes assessed as shifting of voltage dependence of inactivation towards positive potentials at 30 uM by two electrode voltage clamp technique
CHEMBL933619,1,1,Activity,2007.0,9,Oocyte,Inhibition of human ERG1 L666A mutant expressed in Xenopus laevis oocytes assessed as decrease in current amplitude by two electrode voltage clamp technique
CHEMBL1942506,1,1,Inhibition,2011.0,9,,Inhibition of human ERG at 10 uM by patch clamp assay
CHEMBL1924330,1,1,IC20,2011.0,9,CHO,Inhibition of human ERG expressed in CHO cells by patch clamp assay
CHEMBL1924379,1,1,Inhibition,2011.0,9,,Inhibition of human ERG at 30 uM by patch clamp assay
CHEMBL1924735,1,1,INH,2011.0,9,,Binding affinity to human ERG
CHEMBL1924736,1,1,INH,2011.0,9,,Inhibition of human ERG by patch clamp assay
CHEMBL1925825,1,1,IC50,2011.0,9,HEK293,Displacement of [35S]-MK-499 from human ERG expressed in HEK cells
CHEMBL943026,1,1,Ki,2007.0,9,,Displacement of dofetilide from hERG
CHEMBL936408,1,1,Activity,2007.0,9,Oocyte,Activation of human ERG1 isoform 1 expressed in Xenopus laevis oocytes assessed as enhancement of current magnitude by two electrode voltage clamp technique
CHEMBL937358,1,1,Activity,2007.0,9,CHO,Activation of human ERG1 expressed in CHO cells assessed as enhancement of current magnitude at 10 uM by two electrode voltage clamp technique
CHEMBL937359,1,1,Activity,2007.0,8,,Activation of ERG1 in guinea pig myocytes assessed as Increase in rapid delayed rectifier potassium tail currents at 10 uM at -50 mV by voltage clamp technique
CHEMBL937360,1,1,Activity,2007.0,8,,Activation of ERG1 in guinea pig myocytes assessed as increase in rapid delayed rectifier potassium tail currents at 30 uM at -50 mV by voltage clamp technique
CHEMBL937361,1,1,Activity,2007.0,9,Oocyte,Activation of human ERG1 isoform 1 expressed in Xenopus laevis oocytes assessed as shifting of voltage dependence of inactivation towards positive potentials at 1 uM by two electrode voltage clamp technique
CHEMBL937362,1,1,Activity,2007.0,9,Oocyte,Activation of human ERG1 isoform 1 expressed in Xenopus laevis oocytes assessed as shifting of voltage dependence of inactivation towards positive potentials at 3 uM by two electrode voltage clamp technique
CHEMBL937363,1,1,Activity,2007.0,9,Oocyte,Activation of human ERG1 isoform 1 expressed in Xenopus laevis oocytes assessed as shifting of voltage dependence of inactivation towards positive potentials at 10 uM by two electrode voltage clamp technique
CHEMBL937364,1,1,Activity,2007.0,9,Oocyte,Activation of human ERG1 isoform 1 expressed in Xenopus laevis oocytes assessed as shifting of voltage dependence of inactivation towards positive potentials at 30 uM by two electrode voltage clamp technique
CHEMBL937365,1,1,EC50,2007.0,9,Oocyte,Activation of human ERG1 isoform 1 expressed in Xenopus laevis oocytes assessed as shifting of voltage dependence of inactivation towards positive potentials by two electrode voltage clamp technique
CHEMBL1019587,1,1,IC50,2009.0,9,,Inhibition of human ERG by calcium-flux based assay
CHEMBL1925887,1,1,Inhibition,2011.0,9,,Inhibition of human Erg up to 30 uM by patch clamp assay
CHEMBL1926423,1,1,Inhibition,2011.0,9,,Inhibition of human Erg at 1 uM by ligand displacement assay
CHEMBL1930402,1,1,IC50,2011.0,9,,Inhibition of human ERG
CHEMBL1931604,1,1,Inhibition,2011.0,9,,Inhibition of hERG at 1 uM by patch clamp assay
CHEMBL1827361,1,1,Inhibition,2011.0,9,,Inhibition of human ERG at 1 uM
CHEMBL1831362,1,1,Inhibition,2011.0,9,,Displacement of [3H]-dofetilide from human ERG receptor at 10 uM
CHEMBL1831807,1,1,IC50,2011.0,9,,Inhibition of human ERG
CHEMBL1022019,1,1,Inhibition,2009.0,9,,Inhibition of human ERG at 0.3 uM by patch-clamp technique
CHEMBL937373,1,1,Activity,2007.0,9,Oocyte,Activation of human ERG1 F557L mutant expressed in Xenopus laevis oocytes assessed as slowing of tail current deactivation at 3 uM by two electrode voltage clamp technique
CHEMBL937425,1,1,IC50,2008.0,9,,Inhibition of human ERG
CHEMBL940938,1,1,Inhibition,2007.0,9,,Inhibition of hERG current at 10 uM
CHEMBL941018,1,1,Activity,2007.0,9,HEK293,Inhibition of hERG expressed in HEK cells assessed as blockade of Ikr current by patch-clamp assay
CHEMBL1936822,1,1,IC50,2012.0,9,,Inhibition of human ERG by rubidium [86Rb] efflux assay
CHEMBL1937279,1,1,IC50,2012.0,9,,Inhibition of human ERG
CHEMBL1937518,1,1,Inhibition,2012.0,9,,Inhibition of human ERG
CHEMBL1918054,1,1,Inhibition,2011.0,9,,Inhibition of human ERG at 1 uM by patch clamp assay
CHEMBL1918055,1,1,Inhibition,2011.0,9,,Inhibition of human ERG at 10 uM by patch clamp assay
CHEMBL1931637,1,1,Inhibition,2011.0,9,,Inhibition of human ERG at 10 uM
CHEMBL1918386,1,1,IC50,2011.0,9,,Inhibition of human ERG by patch clamp assay
CHEMBL1918475,1,1,Inhibition,2011.0,9,,Inhibition of human ERG
CHEMBL1918710,1,1,INH,2011.0,9,,Inhibition of human ERG
CHEMBL1918786,1,1,Inhibition,2011.0,9,,Inhibition of human ERG at 10 uM after 5 mins by patch clamp assay
CHEMBL1919030,1,1,Inhibition,2011.0,9,,Inhibition of human ERG at 10 uM
CHEMBL1919559,1,1,IC50,2011.0,9,,Inhibition of human ERG expressed in Chinese hamster CHL cells by perforated patch clamp assay
CHEMBL1919843,1,1,IC50,2011.0,9,,Inhibition of human ERG by binding assay
CHEMBL1919844,1,1,INH,2011.0,9,,Inhibition of human ERG by patch clamp technique
CHEMBL945222,1,1,IC50,2008.0,9,,Inhibition of hERG potassium channel
CHEMBL947933,1,1,Activity,2008.0,9,,Inhibition of human ERG
CHEMBL1030632,1,1,Inhibition,2009.0,9,,Inhibition of human ERG at 5 ug/ml by rubidium efflux FLIPR assay
CHEMBL1031025,1,1,IC50,2009.0,9,,Inhibition of human ERG channel
CHEMBL1015853,1,1,Activity,2009.0,9,,Inhibition of human ERG potassium channel up to 22 uM
CHEMBL960380,1,1,IC50,2009.0,9,,Inhibition of human ERG by patch clamp assay
CHEMBL1011668,1,1,Activity,2009.0,9,HEK293,Binding affinity to human ERG Y652A mutant expressed in HEK293 cells assessed as blockade of membrane current at 0.2 uM by whole cell patch clamp method
CHEMBL1011669,1,1,Activity,2009.0,9,HEK293,Binding affinity to wild-type human ERG expressed in HEK293 cells assessed as blockade of membrane current at 0.05 uM by whole cell patch clamp method
CHEMBL1011671,1,1,Activity,2009.0,9,HEK293,Binding affinity to human ERG F656A mutant expressed in HEK293 cells assessed as blockade of membrane current at 0.05 uM by whole cell patch clamp method
CHEMBL998723,1,1,Inhibition,2008.0,9,,Inhibition of human ERG at 30 uM
CHEMBL1002098,1,1,Inhibition,2009.0,9,HEK293,Displacement of [3H]dofetilide from human ERG expressed in HEK cells at 10 mM by scintillation proximity assay
CHEMBL968040,1,1,Activity,2008.0,9,,Inhibition of hERG upto 10 uM by patch clamp assay
CHEMBL970460,1,1,Inhibition,2009.0,9,,Inhibition of human ERG up to 22 uM
CHEMBL1022279,1,1,Activity,2009.0,9,,Binding affinity to human ERG at 30 uM by patch clamp technique
CHEMBL976158,1,1,EC50,2009.0,9,,Inhibition of human ERG current by whole cell electrophysiology study
CHEMBL976349,1,1,IC50,2008.0,9,,Displacement of radiolabeled dofetilide from human ERG
CHEMBL978140,1,1,IC50,2008.0,9,,Inhibition of human ERG channel
CHEMBL979986,1,1,IC50,2008.0,9,,Displacement of [3H]dofetilide from human ERG channel
CHEMBL980758,1,1,IC50,2008.0,9,,Inhibition of human ERG
CHEMBL980868,1,1,IC50,2008.0,9,,Blockade of human ERG channel by whole cell patch clamp assay
CHEMBL1837830,1,1,IC50,2011.0,9,,Inhibition of human ERG by patch-clamp assay
CHEMBL4355247,1,1,IC50,2019.0,9,,Inhibition of human ERG expressd in CHO-hERG cells after 2.5 hrs by Rb+ efflux assay
CHEMBL4355701,1,1,IC50,2019.0,9,HEK293,Inhibition of human ERG expressed in HEK293 cells by manual-patch clamp assay
CHEMBL4355823,1,1,Inhibition,2019.0,9,,Inhibition of IKr (unknown origin) at 30 uM
CHEMBL4356240,1,1,IC50,2020.0,9,,Inhibition of human ERG by patch clamp assay
CHEMBL4357092,1,1,Inhibition,2020.0,9,,Inhibition of human ERG at 100 uM
CHEMBL4357703,1,1,Inhibition,2020.0,9,,Inhibition of human ERG at 10 uM relative to control
CHEMBL4358500,1,1,IC50,2020.0,9,,Inhibition of dofetilide binding to flag-tagged human ERG
CHEMBL4358985,1,1,Inhibition,2020.0,9,CHO,Inhibition of recombinant human ERG expressed in CHO cells by patch clamp assay
CHEMBL4341373,1,1,Inhibition,2019.0,9,,Inhibition of human ERG at 30 uM relative to control
CHEMBL4341378,1,1,IC50,2019.0,9,,Inhibition of human ERG
CHEMBL4342989,1,1,IC50,2020.0,9,,Inhibition of human ERG by patch clamp method
CHEMBL1006160,1,1,IC50,2008.0,9,,Inhibition of human ERG potassium channel by patch-clamp assay
CHEMBL1011722,1,1,IC50,2009.0,9,,Binding affinity to human ERG
CHEMBL996060,1,1,IC50,2008.0,9,,Inhibition of human ERG
CHEMBL1010978,1,1,Activity,2009.0,9,,Inhibition of human ERG potassium channel at 2 uM
CHEMBL958338,1,1,Activity,2009.0,9,,Inhibition of human ERG channel
